event,timestamp,url,brand,brand_line,model,variant,year,model_year,is_reissue,condition,asking_price,sold_price,previous_price,seller,source,posted_by,discord_id,days_listed,offer_count,views,watchers,seller_location,seller_region,seller_country,seller_rating,seller_feedback,preferred_seller,handmade,origin_country,finish,published_at
listed,2026-03-26T14:25:22.315+00:00,https://www.guitarworld.com/gear/acoustic-electric-guitars/cardboard-chaos-echopark-acoustic-electric-guitar,,,,,,,,,,,,,news,hibernative,,,,,,,,,,,,,,,
listed,2026-03-26T15:28:15.226+00:00,https://reverb.com/item/95428034-framus-teambuilt-pro-diablo-2007-natural?utm_source=rev-ios-app&utm_medium=ios-share&utm_campaign=listing&utm_content=95428034,Framus,,Teambuilt Pro Diablo,,,,,Excellent,1386.45,,,,reverb,David Hume,,,,,,,,,,,,,,,
listed,2026-03-26T21:05:38.561+00:00,https://wildwoodguitars.com/collections/used-electric-guitars/products/wwconjkuo5617npre-owned-jacksonn1998-sl1-made-in-usaneerie-dess-swirl-high-glossnhardshell-case,,,,,,,,,3599,,,,marketplace,WontonGG,,,,,,,,,,,,,,,
listed,2026-03-26T22:08:08.096+00:00,https://reverb.com/item/92603308-jackson-ke2-kelly-usa-2000-eerie-dess-swirl?utm_source=rev-ios-app&utm_medium=ios-share&utm_campaign=listing&utm_content=92603308,,,,,,,,Good,2700,,,,reverb,WontonGG,,,0,,,,,,,,,,,,
listed,2026-03-26T22:10:13.546+00:00,https://reverb.com/item/88264995-jackson-rr1-usa-custom-snakeskin?utm_source=rev-ios-app&utm_medium=ios-share&utm_campaign=listing&utm_content=88264995,,,,,,,,Very Good,2800,,,,reverb,WontonGG,,,0,,,,,,,,,,,,
listed,2026-03-26T22:45:27.39+00:00,https://reverb.com/item/95452893-gibson-les-paul-faded-double-cutaway-2003-2008-worn-cherry,,,,,,,,Very Good,1350,,,,reverb,GP,,,0,,,,,,,,,,,,
listed,2026-03-26T22:54:29.854+00:00,https://reverb.com/item/95449955-echopark-echocaster-2017-diablo-red-dt-005-used-w-hsc?utm_source=rev-ios-app&utm_medium=ios-share&utm_campaign=listing&utm_content=95449955,,,,,,,,Excellent,3650,,,,reverb,Madero,,,0,,,,,,,,,,,,
listed,2026-03-26T23:03:50.684+00:00,https://www.guitarcenter.com/Gibson/Les-Paul-Special-Double-Cut-Electric-Guitar-Cherry-1500000455117.gc,,,,,,,,Used,1999,,,,marketplace,hibby_,,,,,,,,,,,,,,,
listed,2026-03-26T23:36:41.159+00:00,https://reverb.com/en-pt/item/95009518-fender-custom-shop-reissue-stratocaster-relic?bk=eyJhbGciOiJIUzI1NiJ9.eyJqdGkiOiI0ZjhlMTYwMC01MmRjLTRkYzUtODIyMC1jMjNlNGZkZmIwYWQiLCJpYXQiOjE3NzQ1NjgwOTYsInVzZXJfaWQiOiIiLCJzZXNzaW9uX2lkIjoiNGUyNTVjMTEtYjY1Yi00YWU4LThiMzctMjc5ZDBkMjk0YWU1IiwiY29va2llX2lkIjoiZTQyMjEyNDUtYTFhOS00Yjg3LTk1OTEtNmRjZjI2MzE0NjkyIiwicHJvZHVjdF9pZCI6Ijk1MDA5NTE4Iiwic291cmNlIjoiTk9ORSJ9.kWb3X7RO_5pNx4q5kYUH_FthT1JYqburfi3ipy0mhrw,Fender,Fender Custom Shop,Stratocaster,Custom Shop Reissue,,,,Excellent,4655,,,NOUAR's Gear Garage,reverb,,437,,2,,,,,,,,,,,,2026-03-13T08:30:13+00:00
listed,2026-03-27T01:16:08.108+00:00,https://reverb.com/item/95459099-kiesel-type-x-6,,,,,,,,Excellent,1800,,,,reverb,GP,,,0,,,,,,,,,,,,
listed,2026-03-27T01:22:33.232+00:00,https://reverb.com/item/95459769-2014-danocaster-single-cut-keith-richards-style-budz-voodoo-59-s-electric-guitar-vintage-butterscotch-blonde-ogb,,,,,,,,Excellent,3995,,,,reverb,GP,,,,,,,,,,,,,,,
listed,2026-03-27T01:29:14.906+00:00,https://reverb.com/item/95456964-fender-1960-custom-shop-relic-vintage-reissue-stratocaster-2017-olympic-white,,,,,,,,Excellent,3299,,,,reverb,GP,,,2,,,,,,,,,,,,
listed,2026-03-27T01:35:31.451+00:00,https://reverb.com/item/95448773-hamer-custom-shop-vector-v-2-rick-nielsen-signature-artist-signed-black-white-checkerboard-1983-w-ohsc,,,,,,,,Excellent,29999.99,,,,reverb,GP,,,0,,,,,,,,,,,,
listed,2026-03-27T01:38:43.003+00:00,https://reverb.com/item/94398391-gibson-explorer-t-2017-ebony-black?utm_source=rev-ios-app&utm_medium=ios-share&utm_campaign=listing&utm_content=94398391,,,,,,,,Very Good,1400,,,,reverb,YellowJack6,,,0,,,,,,,,,,,,
listed,2026-03-27T01:44:14.992+00:00,https://reverb.com/item/71497084-esp-max-cavalera-rpr-black-desert-camo-6-string-electric-guitar-w-case?utm_source=rev-ios-app&utm_medium=ios-share&utm_campaign=listing&utm_content=71497084,,,,,,,,Brand New,5799,,,,reverb,YellowJack6,,,0,,,,,,,,,,,,
listed,2026-03-27T02:53:23.145+00:00,https://reverb.com/item/95463194-kiesel-z2-multiscale-headless-2025-tung-oil,,,,,,,,Excellent,1375,,,,reverb,GP,,,,,,,,,,,,,,,
listed,2026-03-27T05:47:32.717+00:00,https://reverb.com/item/93900276-2013-esp-arrow-andromeda-black-w-emg-floyd-rose-kiso,,,,,,,,Very Good,4199.99,,,,reverb,HanSwolo,,,0,,,,,,,,,,,,
listed,2026-03-27T05:48:48.966+00:00,https://reverb.com/item/95257931-esp-horizon-i-original-series-andromeda-ii-custom-shop-2023-andromeda-ii,,,,,,,,Very Good,3950,,,,reverb,GP,,,,,,,,,,,,,,,
listed,2026-03-27T05:50:37.693+00:00,https://reverb.com/item/94702441-gibson-2025-les-paul-custom-70s-buttercream-top,,,,,,,,Excellent,3199.99,,,,reverb,HanSwolo,,,0,,,,,,,,,,,,
listed,2026-03-27T06:03:25.708+00:00,https://reverb.com/item/94215529-fractal-audio-ax8,,,,,,,,Good,668.31,,,,reverb,HanSwolo,,,2,,,,,,,,,,,,
sold,2026-03-27T06:30:00+00:00,https://reverb.com/item/95257931-esp-horizon-i-original-series-andromeda-ii-custom-shop-2023-andromeda-ii,,,,,,,,Very Good,3950,3950,,,reverb,GP,,0,,,,,,,,,,,,,
listed,2026-03-27T06:40:07.704+00:00,https://reverb.com/item/95464809-2008-ibanez-uv777p-bk-steve-vai-signature-universe,,,,,,,,Very Good,2500,,,,reverb,GP,,,0,,,,,,,,,,,,
listed,2026-03-27T12:49:40.781+00:00,https://reverb.com/item/95415944-rare-vintage-neon-green-b-c-rich-platinum-series-warlock-w-matching-reverse-headstock-needs-tlc?utm_source=rev-ios-app&utm_medium=ios-share&utm_campaign=listing&utm_content=95415944,,,,,,,,Fair,850,,,,reverb,YellowJack6,,,0,,,,,,,,,,,,
listed,2026-03-27T13:06:55.498+00:00,https://reverb.com/item/95479519-arnold-hoyer-mod-archtop-guitar-1960s-worn-restored-player?utm_source=rev-ios-app&utm_medium=ios-share&utm_campaign=listing&utm_content=95479519,Hoyer,,"Arnold ""mod"" archtop",Player,,,,Very Good,1201.8,,,,reverb,David Hume,,,1,,,,,,,,,,,,
listed,2026-03-27T13:11:43.823+00:00,https://reverb.com/item/95459309-greco-rr-60-les-paul-custom?utm_source=rev-ios-app&utm_medium=ios-share&utm_campaign=listing&utm_content=95459309,,,,,,,,Good,1600,,,,reverb,David Hume,,,0,,,,,,,,,,,,
listed,2026-03-27T14:20:15.135+00:00,https://reverb.com/item/92029460-jr-joey-rico-son-of-bc-rich-founder-bernie-rico-scepter-2024-matte-gray?utm_source=rev-ios-app&utm_medium=ios-share&utm_campaign=listing&utm_content=92029460,,,,,,,,Brand New,1295.95,,,,reverb,YellowJack6,,,2,,,,,,,,,,,,
listed,2026-03-27T14:26:13.635+00:00,https://reverb.com/item/93126839-1986-b-c-rich-neck-usa-japan?utm_source=rev-ios-app&utm_medium=ios-share&utm_campaign=listing&utm_content=93126839,,,,,,,,Very Good,525,,,,reverb,YellowJack6,,,1,,,,,,,,,,,,
listed,2026-03-27T14:33:53.986+00:00,https://reverb.com/item/86377130-b-c-rich-st-lll-u-s-a-hss-vintage-1987-snake-skin,,,,,,,,Fair,1699,,,,reverb,WontonGG,,,3,,,,,,,,,,,,
listed,2026-03-27T14:38:38.135+00:00,https://reverb.com/item/90634988-mcmahon-artistry-warmoth-diamondback,,,,,,,,Brand New,3850,,,,reverb,WontonGG,,,0,,,,,,,,,,,,
listed,2026-03-27T15:53:06.714+00:00,https://reverb.com/item/95436813-prs-custom-24-1990-tiger-s-eye-burst,PRS,PRS Core,Custom 24,,,,,Excellent,4399,,,,reverb,Shteefe,,,0,,,,,,,,,,,,
sold,2026-03-27T16:17:41.162+00:00,https://reverb.com/item/95463194-kiesel-z2-multiscale-headless-2025-tung-oil,,,,,,,,Excellent,1375,1375,,,reverb,GP,,0.6,,,,,,,,,,,,,
sold,2026-03-27T16:17:43.472+00:00,https://reverb.com/item/95428034-framus-teambuilt-pro-diablo-2007-natural?utm_source=rev-ios-app&utm_medium=ios-share&utm_campaign=listing&utm_content=95428034,Framus,,Teambuilt Pro Diablo,,,,,Excellent,1386.45,1386.45,,,reverb,David Hume,,1,,,,,,,,,,,,,
sold,2026-03-27T16:18:08.517+00:00,https://reverb.com/item/95459769-2014-danocaster-single-cut-keith-richards-style-budz-voodoo-59-s-electric-guitar-vintage-butterscotch-blonde-ogb,,,,,,,,Excellent,3995,3995,,,reverb,GP,,0.6,,,,,,,,,,,,,
listed,2026-03-27T17:05:17.894+00:00,https://reverb.com/item/95448950-fender-custom-shop-67-set-neck-telecaster-masterbuilt-austin-macnutt-relic-black-2025,Fender Custom Shop,,Telecaster,Masterbuilt,,,,Excellent,7999,,,,reverb,GP,,,0,,,,,,,,,,,,
listed,2026-03-27T17:06:39.333+00:00,https://reverb.com/item/95489696-patrick-james-eggle-macon-single-cut-carved-top-2021,Patrick James Eggle,,Single Cut,,,,,Very Good,5521.8,,,,reverb,WontonGG,,,0,,,,,,,,,,,,
listed,2026-03-27T18:15:23.962+00:00,https://reverb.com/item/95496448-parker-fly-artist-sitka-1998-transparent-butterscotch,,,,,,,,Excellent,4999,,,,reverb,GP,,,2,,,,,,,,,,,,
listed,2026-03-27T19:24:40.318+00:00,https://resistorhead.company.site/products/FUCK-ICE-Overdrive-PRE-ORDER-p760278943,,,,,,,,,150,,,,news,jazee_,,,,,,,,,,,,,,,
sold,2026-03-27T19:27:03.07+00:00,https://reverb.com/item/95456964-fender-1960-custom-shop-relic-vintage-reissue-stratocaster-2017-olympic-white,,,,,,,,Excellent,3299,3299,,,reverb,GP,,0.7,2,,,,,,,,,,,,
listed,2026-03-27T19:42:28.172+00:00,https://reverb.com/item/95495347-mjt-telecaster-body-hh-2026-nitro,MJT,,Telecaster,Hh Nitro,,,,Excellent,350,,,,reverb,David Hume,,,0,,,,,,,,,,,,
listed,2026-03-27T20:07:22.514+00:00,https://reverb.com/item/95433277-2001-b-c-rich-virgin-jm180-mij-neck-thru-w-emg-81-schaller-trem-gotoh-tuners,B.C. Rich,,JM180,Mij,,,,Very Good,2199.99,,,,reverb,YellowJack6,,,0,,,,,,,,,,,,
listed,2026-03-27T20:11:19.959+00:00,https://kkinstagram.com/p/DWFgb_0jLob,,,,,,,,,,,,,news,hibernative,,,,,,,,,,,,,,,
listed,2026-03-27T20:11:56.157+00:00,https://reverb.com/item/93877878-b-c-rich-nj-series-virgin-electric-guitar,B.C. Rich,,RG,,,,,Very Good,999.99,,,,reverb,YellowJack6,,,0,,,,,,,,,,,,
sold,2026-03-27T20:19:40.939+00:00,https://reverb.com/item/95496448-parker-fly-artist-sitka-1998-transparent-butterscotch,,,,,,,,Excellent,4999,4999,,,reverb,GP,,0.1,2,,,,,,,,,,,,
listed,2026-03-27T20:22:00.231+00:00,https://reverb.com/item/94458980-b-c-rich-2004-trifold-catalog-2004,B.C. Rich,,trifold catalog,,,,,Very Good,33,,,,reverb,YellowJack6,,,0,,,,,,,,,,,,
listed,2026-03-27T21:14:54.364+00:00,https://reverb.com/item/95502869-prs-mccarty-594-soapbar,PRS,PRS Core,McCarty 594,,,,,Excellent,2750,,,,reverb,GP,,,,,,,,,,,,,,,
listed,2026-03-27T21:15:16.363+00:00,https://x.com/TheGuitarPit/status/2037639574424343033,PRS,PRS Core,McCarty 594,,,,,,,,,,news,GP,,,,,,,,,,,,,,,
listed,2026-03-27T21:56:25.171+00:00,https://reverb.com/item/94758681-rick-toone-spearfish-blueprint-2025-custom-blueprint-stain,Rick Toone,,"Spearfish ""Blueprint"" Blueprint",,,,,Very Good,14450,,,Matt's Gear Outlet,reverb,theguitarpit,602222337923743754,,0,635,25,"Kenner, LA, United States",LA,US,1,332,true,false,US,Custom Blueprint Stain,2026-03-02T16:42:10+00:00
listed,2026-03-27T22:56:46.211+00:00,https://reverb.com/item/95503431-2017-echopark-59-deluxe-cherry-w-arcane-pickups-1221c,Echopark,Echopark,Deluxe w/Arcane Pickups,59,,,,Very Good,2829,,,,reverb,Madero,,,0,,,,,,,,,,,,
listed,2026-03-27T23:35:36.273+00:00,https://www.tapestrymusic.com/p-25084-fender-1967-telecaster-refin-used-vintage.aspx,Fender,Fender Custom Shop,Telecaster,,,,,,10495,,,,marketplace,jazee_,,,,,,,,,,,,,,,
sold,2026-03-27T23:42:16.313+00:00,https://reverb.com/item/95502869-prs-mccarty-594-soapbar,PRS,PRS Core,McCarty 594,,,,,Excellent,2750,2750,,,reverb,GP,,0.1,,,,,,,,,,,,,
price_changed,2026-03-27T23:42:28.317+00:00,https://reverb.com/item/95489696-patrick-james-eggle-macon-single-cut-carved-top-2021,Patrick James Eggle,,Single Cut,,,,,Very Good,5521.8,,5533.75,,reverb,WontonGG,,,0,,,,,,,,,,,,
price_changed,2026-03-27T23:42:48.757+00:00,https://reverb.com/item/95479519-arnold-hoyer-mod-archtop-guitar-1960s-worn-restored-player?utm_source=rev-ios-app&utm_medium=ios-share&utm_campaign=listing&utm_content=95479519,Hoyer,,"Arnold ""mod"" archtop",Player,,,,Very Good,1201.8,,1204.41,,reverb,David Hume,,,1,,,,,,,,,,,,
price_changed,2026-03-27T23:42:55.87+00:00,https://reverb.com/item/94215529-fractal-audio-ax8,,,,,,,,Good,668.31,,672.36,,reverb,HanSwolo,,,2,,,,,,,,,,,,
listed,2026-03-27T23:56:43.74+00:00,https://theguitarpit.com,,,,,,,,,,,,,news,GP,,,,,,,,,,,,,,,
listed,2026-03-28T00:03:54.119+00:00,https://reverb.com/item/94729284-gibson-sg-custom-electric-guitar-w-case-1987,Gibson,Gibson USA,SG CUSTOM,,,,,Very Good,2999,,,,reverb,YellowJack6,,,3,,,,,,,,,,,,
listed,2026-03-28T00:09:49.041+00:00,https://x.com/TheGuitarPit/status/2037682100921348465,Gibson,Gibson USA,SG CUSTOM,,,,,,,,,,news,GP,,,,,,,,,,,,,,,
listed,2026-03-28T00:12:40.038+00:00,https://reverb.com/item/81674406,Seymour Duncan,,10S Spring BH,,,,,Brand New,2450,,,,reverb,jazee_,,,0,,,,,,,,,,,,
listed,2026-03-28T00:28:49.989+00:00,https://reverb.com/item/94435224-ibanez-dt155-bk-destroyer-1983-1985-black,Ibanez,Ibanez Prestige,DT155,,,,,Excellent,2100,,,,reverb,YellowJack6,,,2,,,,,,,,,,,,
listed,2026-03-28T00:48:11.554+00:00,https://reverb.com/item/94260615,,,,,,,,B-Stock,1039,,,,reverb,jazee_,,,0,,,,,,,,,,,,
listed,2026-03-28T03:58:02.342+00:00,https://reverb.com/item/95506194-ibanez-rg8470g-black,Ibanez,Ibanez Prestige,RG,,,,,Very Good,1699,,,,reverb,GP,,,0,,,,,,,,,,,,
listed,2026-03-28T04:04:28.377+00:00,https://reverb.com/item/94649068,Milkman,,Sound 85W Pedal,,,,,Good,2284.16,,,,reverb,jazee_,,,0,,,,,,,,,,,,
listed,2026-03-28T04:21:10.455+00:00,https://reverb.com/item/95506733-fender-custom-shop-52-telecaster-hs-relic-faded-surf-greed-2023,Fender Custom Shop,,Telecaster,,,,,Excellent,2695,,,,reverb,GP,,,0,,,,,,,,,,,,
listed,2026-03-28T13:48:59.463+00:00,https://reverb.com/item/95027024-lsl-xt4-one-series,LsL Instruments,,"XT4 ""one"" series",,,,,Excellent,1575,,,,reverb,Modean,,,0,,,,,,,,,,,"polyester, polyurethane, oil",
sold,2026-03-28T13:56:39.133+00:00,https://reverb.com/item/95479519-arnold-hoyer-mod-archtop-guitar-1960s-worn-restored-player?utm_source=rev-ios-app&utm_medium=ios-share&utm_campaign=listing&utm_content=95479519,Hoyer,,"Arnold ""mod"" archtop",Player,,,,Very Good,1201.8,1201.8,,,reverb,David Hume,,1,1,,,,,,,,,,,,
listed,2026-03-28T14:49:11.518+00:00,https://reverb.com/item/94896973-epiphone-gothic-series-sg-2002-infernal-beauty-by-mr-decor-one-of-a-kind-art,Epiphone,Epiphone,SG,,,,,Excellent,1323.31,,,,reverb,WontonGG,,,0,,,,,,,,,,,,
listed,2026-03-28T14:50:11.506+00:00,https://reverb.com/item/95511633-prs-mark-holcomb-signature-2025-present-holcomb-wraparound-burst,PRS,,Mark Holcomb Present,Signature,,,,Excellent,4100,,,,reverb,GP,,,0,,,,,,,,,,,Holcomb Wraparound Burst,
listed,2026-03-28T15:20:32.347+00:00,https://www.chicagomusicexchange.com/collections/electric-guitars-used/products/languedoc-g2-natural-2013-zac-brown-2500373,,,,,,,,Used,99000,,,,marketplace,Shteefe,,,,,,,,,,,,,,,
listed,2026-03-28T15:21:50.72+00:00,https://www.chicagomusicexchange.com/collections/electric-guitars-used/products/frank-brothers-arcade-metallic-copper-2019-2507221,Frank,,Brothers Arcade Metallic,,,,,Used,3495,,,,marketplace,Shteefe,,,,,,,,,,,,,,,
listed,2026-03-28T15:23:54.504+00:00,https://www.chicagomusicexchange.com/collections/electric-guitars-used/products/bc-rich-mockingbird-metallic-blue-refin-1980s-2519934,,,,,,,,Used,2295,,,,marketplace,Shteefe,,,,,,,,,,,,,,,
listed,2026-03-28T15:44:09.84+00:00,https://www.sweetwater.com/store/detail/FG3N--yamaha-red-label-fg3-natural?_queryID=4b5dd4fa2f4662e48ffd692a1095e69a&_index=production_products&serial=ILP171260,,,,,,,,,,,,,marketplace,Modean,,,,,,,,,,,,,,,
sold,2026-03-28T16:36:41.72+00:00,https://www.tapestrymusic.com/p-25084-fender-1967-telecaster-refin-used-vintage.aspx,Fender,Fender Custom Shop,Telecaster,,,,,,10495,,,,marketplace,jazee_,,0.7,,,,,,,,,,,,,
sold,2026-03-28T16:36:45.3+00:00,https://wildwoodguitars.com/collections/used-electric-guitars/products/wwconjkuo5617npre-owned-jacksonn1998-sl1-made-in-usaneerie-dess-swirl-high-glossnhardshell-case,,,,,,,,,3599,,,,marketplace,WontonGG,,1.8,,,,,,,,,,,,,
sold,2026-03-28T16:36:48.603+00:00,https://www.guitarcenter.com/Gibson/Les-Paul-Special-Double-Cut-Electric-Guitar-Cherry-1500000455117.gc,,,,,,,,Used,1999,,,,marketplace,hibby_,,1.7,,,,,,,,,,,,,
listed,2026-03-28T16:40:59.914+00:00,https://reverb.com/item/95513063-ibanez-ucmd-usa-custom-metal-design-series-rg-1989-1991-animal-print,Ibanez,Ibanez USA Custom,Metal,Usa,,,,Excellent,2500,,,,reverb,GP,,,,,,,,,,,,,,Animal Print,
listed,2026-03-28T16:41:22.453+00:00,https://reverb.com/item/91739890-gibson-les-paul-custom-1978-1985-silverburst,Gibson,Gibson USA,Les Paul Custom,,1985,1978,true,Good,6500,,,,reverb,GP,,,,,,,,,,,,,,Silverburst,
listed,2026-03-28T16:48:56.682+00:00,https://www.larkstreetmusic.com/cgi-bin/stock.cgi?detail=er58lpc.jpg,Gibson,Gibson USA,Les Paul Custom,,,,,,,,,,marketplace,Beijing Bob,,,,,,,,,,,,,,,
listed,2026-03-28T16:55:03.277+00:00,https://www.larkstreetmusic.com/cgi-bin/stock.cgi?detail=er339.jpg,,,ES-339,,,,,,,,,,marketplace,Beijing Bob,,,,,,,,,,,,,,,
listed,2026-03-28T17:08:13.034+00:00,https://southshoreguitarboutique.com/collections/electric-guitars/products/mario-martin-t-style-2-tone-sunburst-mojo-dynasonics-new-authorized-dealer,Martin,,Mario T-Style 2-Tone,,,,,,3730,,,,news,Beijing Bob,,,,,,,,,,,,,,,
listed,2026-03-28T18:23:55.005+00:00,https://reverb.com/item/92254615-prs-wood-library-dgt-electric-guitar-private-stock-bahamian-blue-finish-chucksclusive-240385600-2024,PRS,PRS Private Stock,DGT,Wood Library Private Stock,,,,Brand New,4420,,,,reverb,theguitarpit,,,1,494,31,"Wheaton, MD, United States",MD,US,0.9942857142857143,12786,true,,,,2025-10-15T18:56:52+00:00
listed,2026-03-28T18:30:15.688+00:00,https://www.nstuffmusic.com/p-168624-luxxtone-kaiju-army-green.aspx,Luxxtone,,Kaiju,,,,,New,4324,,,,marketplace,manual,,,,,,,,,,,,,,,
listed,2026-03-28T18:58:56.978+00:00,https://reverb.com/item/95515328-schecter-usa-custom-shop-traditional-wembley-edition-hss-coral-pink-aged-nitro-2019,Schecter,Schecter USA Custom Shop,Traditional Wembley HSS,Usa Custom Shop,,,,Excellent,1999,,,,reverb,theguitarpit,,,0,225,32,"Weymouth, MA, United States",MA,US,0.996875,3922,true,false,US,Coral Pink Aged Nitro,2026-03-28T18:40:45+00:00
listed,2026-03-28T19:00:55.559+00:00,https://reverb.com/item/95515175-gibson-custom-shop-61-59-sg-vos,Gibson,Gibson Custom Shop,SG,Custom Shop 59,,,,Excellent,3500,,,,reverb,theguitarpit,,,,,,,,,,,,,,,2026-03-28T18:03:37+00:00
listed,2026-03-28T19:18:48.079+00:00,https://reverb.com/item/95515485-tom-anderson-hollow-t-classic-contoured-2007-translucent-blond,Anderson,Tom Anderson,Classic,,,,,Excellent,2550,,,,reverb,theguitarpit,,,0,371,19,"Santa Cruz, CA, United States",CA,US,1,6,false,false,US,Translucent Blond,2026-03-28T19:13:19+00:00
listed,2026-03-28T19:21:10.393+00:00,https://reverb.com/item/95516114-prs-custom-24-charcoal-smokeburst-2017-w-tremonti-bridge-pickup,PRS,PRS Core,Custom 24,,,,,Very Good,2300,,,,reverb,theguitarpit,,,1,,,,,,,,,,,Charcoal Smokeburst,2026-03-28T19:17:23+00:00
listed,2026-03-28T19:36:20.663+00:00,https://reverb.com/item/95513943-prs-mccarty-594-antique-white,PRS,PRS Core,McCarty 594,,,,,Brand New,4548.17,,,,reverb,wontongg,,,0,,,,,,,,,,,Antique White,2026-03-28T17:04:49+00:00
listed,2026-03-28T19:36:37.923+00:00,https://reverb.com/item/95515356-dunable-evil-instruments-claudio-sanchez-signature-the-jackhammer-2025-present-natural-walnut,Dunable,,Evil Instruments Claudio,Signature,,,,Excellent,2300,,,,reverb,greg1213,,,2,358,18,"Warwick, RI, United States",RI,US,1,30,false,false,KR,Natural Walnut,2026-03-28T18:39:38+00:00
listed,2026-03-28T20:55:41.132+00:00,https://reverb.com/item/95028470-kiesel-kyber-6-fixed-bridge-splatter-paint-made-in-usa,Kiesel,Kiesel / Carvin,Kyber Fixed Bridge,Usa,,,,Excellent,1615,,,,reverb,modean,663012207478571038,,1,,,,,,,,,,,Splatter,2026-03-14T01:04:15+00:00
listed,2026-03-28T20:57:36.947+00:00,https://reverb.com/item/95454026-b-c-rich-jrv-nj-neck-thru-series-transparent-red,BC Rich,,JRV NJ Neck-Thru,,,,,Very Good,1200,,,,reverb,yellowjack6,908889503173857351,,2,286,43,"San Diego, CA, United States",CA,US,1,44,false,false,KR,Transparent Red,2026-03-26T22:47:48+00:00
listed,2026-03-28T21:18:13.733+00:00,https://www.guitarsrebellion.com/en/collections/nouveautes-new-arrivals/products/esp-custom-shop-m-ii-ctm-fr-e-large-flakes-turquoise-sparkle-e6670252,,,M-II,Custom Shop,,,,,4499.17,,,,news,wontongg,214444614189449226,,,,,,,,,,,,,,
listed,2026-03-28T21:52:41.341+00:00,https://www.guitarcenter.com/Used/Ibanez/Used-Ibanez-540P-MAGENTA-Solid-Body-Electric-Guitar-120872311.gc?algoliaQueryID=a8792b336c717e0592b1ac8a8befc155&algoliaIndexName=pHL-guitarcenter,Ibanez,,540P MAGENTA Solid,,,,,Used,1169.99,,,,marketplace,shteefe,415010947871277068,,,,,,,,,,,,,,
listed,2026-03-28T21:59:21.162+00:00,https://reverb.com/item/95509591-powers-electric-a-type-pink,Powers Electric,,A-Type -Pink,,,,,Excellent,2900,,,,reverb,greg1213,288303791109963776,,0,,,,,,,,,,,,2026-03-28T10:40:30+00:00
listed,2026-03-28T22:38:29.504+00:00,https://reverb.com/item/95518039-flaxwood-leikki-guitar,Flaxwood,,Leikki Guitar,,,,,Excellent,1200,,,,reverb,greg1213,288303791109963776,,1,194,15,"Traverse City, MI, United States",MI,US,0.9979591836734694,196,true,false,FI,,2026-03-28T22:31:32+00:00
listed,2026-03-28T22:46:11.16+00:00,https://guitarcenter.smart.link/0d5tbbro8?schemeUrl=GuitarCenterApp%3A%2F%2FProductDetailsPage%3FID%3Dsite5121973634&isStyle=true&producturl=Used%2FIbanez%2FUsed-Ibanez-RG8570Z-J-CUSTOM-Brown-Sunburst-Solid-Body-Electric-Guitar.gc,Ibanez,Ibanez J.Custom,RG,J Custom,,,,Used,2099.99,,,,news,shteefe,415010947871277068,,,,,,,,,,,,,,
listed,2026-03-28T22:56:09.131+00:00,https://reverb.com/item/95518144-kiesel-osiris-6-with-original-bag,Kiesel,Kiesel / Carvin,Original,,,,,Excellent,1799,,,,reverb,greg1213,288303791109963776,,0,381,24,"Indianapolis, IN, United States",IN,US,1,178,true,false,US,,2026-03-28T22:37:01+00:00
listed,2026-03-28T23:29:44.45+00:00,https://reverb.com/item/95518343-gibson-les-paul-custom-lite-1987-1988-metallic-sunset,Gibson,Gibson USA,Les Paul Custom,,,,,Good,4700,,,,reverb,greg1213,288303791109963776,,0,426,56,"Ogden, UT, United States",UT,US,1,114,false,false,US,Metallic Sunset,2026-03-28T23:22:26+00:00
listed,2026-03-28T23:31:32.183+00:00,https://reverb.com/item/95518322-1996-jackson-usa-dr2-dinky-with-original-case,Jackson,Jackson USA,Dinky,Usa,,,,Very Good,2099,,,,reverb,greg1213,288303791109963776,,0,298,15,"Indianapolis, IN, United States",IN,US,1,178,true,false,US,Flat Black,2026-03-28T23:20:00+00:00
listed,2026-03-28T23:35:42.396+00:00,https://reverb.com/item/95518332-patrick-james-eggle-macon-special-2025-flame-top-mojo-tone,Patrick James Eggle,,Macon Special Flame,,,,,Excellent,2659,,,,reverb,greg1213,288303791109963776,,1,240,18,"calabasas, CA, United States",CA,US,1,604,true,false,GB,,2026-03-28T23:01:04+00:00
sold,2026-03-29T00:06:51.431+00:00,https://reverb.com/item/94435224-ibanez-dt155-bk-destroyer-1983-1985-black,Ibanez,Ibanez Prestige,DT155,,,,,Excellent,2100,,,,reverb,YellowJack6,,1,2,,,,,,,,,,,,
sold,2026-03-29T00:07:15.855+00:00,https://reverb.com/item/95448950-fender-custom-shop-67-set-neck-telecaster-masterbuilt-austin-macnutt-relic-black-2025,Fender Custom Shop,,Telecaster,Masterbuilt,,,,Excellent,7999,,,,reverb,GP,,1.3,0,,,,,,,,,,,,
sold,2026-03-29T00:08:05.13+00:00,https://www.guitarcenter.com/Used/Ibanez/Used-Ibanez-540P-MAGENTA-Solid-Body-Electric-Guitar-120872311.gc?algoliaQueryID=a8792b336c717e0592b1ac8a8befc155&algoliaIndexName=pHL-guitarcenter,Ibanez,,540P MAGENTA Solid,,,,,Used,1169.99,,,,marketplace,shteefe,415010947871277068,0.1,,,,,,,,,,,,,
listed,2026-03-29T01:10:09.165+00:00,https://reverb.com/item/95316362-epiphone-epiphone-masterbilt-aj-500re-ns-2000-s-matte,Epiphone,Epiphone,epiphone masterbilt aj,,,,,Very Good,475,,,,reverb,greg1213,288303791109963776,,3,302,16,"Raleigh, NC, United States",NC,US,1,33,false,false,CN,matte,2026-03-22T21:02:08+00:00
listed,2026-03-29T02:19:02.153+00:00,https://reverb.com/item/95519984-1984-guild-x-88-with-case,Guild,Guild Import,X-88 With Case,,,,,Good,1700,,,,reverb,theguitarpit,602222337923743754,,0,227,19,"Hixson, TN, United States",TN,US,0.99375,128,false,false,US,Off white,2026-03-29T02:05:25+00:00
sold,2026-03-29T02:42:36.036+00:00,https://reverb.com/item/95515175-gibson-custom-shop-61-59-sg-vos,Gibson,Gibson Custom Shop,SG,Custom Shop 59,,,,Excellent,3500,3500,,,reverb,theguitarpit,,0.4,,,,,,,,,,,,,2026-03-28T18:03:37+00:00
listed,2026-03-29T02:53:43.437+00:00,https://reverb.com/item/95520292-1964-fender-stratocaster-sunburt-factory-new,Fender,Fender Custom Shop,Stratocaster,,,,,Excellent,35900,,,,reverb,theguitarpit,602222337923743754,,2,740,45,"Miami, FL, United States",FL,US,1,12,false,false,US,Sunburst,2026-03-29T02:49:18+00:00
listed,2026-03-29T04:10:24.192+00:00,https://reverb.com/item/95491077-b-c-rich-mockingbird-metallic-blue-refin-1980s,BC Rich,BC Rich Import,Mockingbird Metallic Refin,,,,,Good,2425,,,,reverb,doesitslaptho,659997698300051472,,0,250,22,"Chicago, IL, United States",IL,US,0.9965389369592089,331411,true,,,Metallic Blue Refin,2026-03-27T23:23:00+00:00
sold,2026-03-29T06:37:23.366+00:00,https://reverb.com/item/95509591-powers-electric-a-type-pink,Powers Electric,,A-Type -Pink,,,,,Excellent,2900,2900,,,reverb,greg1213,288303791109963776,0.8,0,,,,,,,,,,,,2026-03-28T10:40:30+00:00
listed,2026-03-29T08:49:21.564+00:00,https://reverb.com/item/95521912-1980-1983-yamaha-sg-1000-made-in-japan-tabacco-sunburst,Yamaha,Yamaha SG/SA Premium,SG,,,,,Very Good,1299,,,,reverb,theguitarpit,602222337923743754,,0,210,18,"Los Angeles, CA, United States",CA,US,0.992,40,true,false,JP,Tabacco Sunburst,2026-03-29T08:23:29+00:00
listed,2026-03-29T11:52:26.086+00:00,https://reverb.com/item/95521518-1980-s-b-c-rich-b-c-rico-rw-9c-bc-rich-bc-rico,BC Rich,BC Rich Import,1980's B.C. Rico,,,,,Good,1100,,,,reverb,greg1213,288303791109963776,,0,124,9,"Lake Oswego, OR, United States",OR,US,1,26,false,false,JP,,2026-03-29T05:55:26+00:00
listed,2026-03-29T12:04:08.958+00:00,https://www.larkstreetmusic.com/cgi-bin/stock.cgi?detail=er150.jpg,Gibson,Gibson USA,ES-150,,,,,,,,,,marketplace,greg1213,288303791109963776,,,,,,,,,,,,,,
listed,2026-03-29T12:10:52.89+00:00,https://reverb.com/item/91371043-used-fender-jim-adkins-ja-90-telecaster-thinline-electric-guitar-natural,Fender,,Telecaster,,,,,Mint,1050,,,,reverb,greg1213,288303791109963776,,1,403,22,"Brooklyn, NY, United States",NY,US,0.9939553949836726,184150,true,,,678,2025-07-11T23:00:33+00:00
listed,2026-03-29T14:20:55.483+00:00,https://www.larkstreetmusic.com/cgi-bin/stock.cgi?detail=Vlox.jpg,Fender,,Lark Street Music:,,,,,,,,,,marketplace,greg1213,288303791109963776,,,,,,,,,,,,,,
sold,2026-03-29T14:37:37.841+00:00,https://reverb.com/item/95513943-prs-mccarty-594-antique-white,PRS,PRS Core,McCarty 594,,,,,Brand New,4548.17,4548.17,,,reverb,wontongg,,0.9,0,,,,,,,,,,,Antique White,2026-03-28T17:04:49+00:00
listed,2026-03-29T15:23:38.181+00:00,https://reverb.com/item/95524058-ibanez-jem777-sk-limited-edition-30th-anniversary-steve-vai-signature-2017-shocking-pink,Ibanez,Ibanez J.Custom,JEM777,Limited Edition Signature,,,,Excellent,4500,,,,reverb,theguitarpit,602222337923743754,,0,142,29,"Dripping Springs, TX, United States",TX,US,1,8,false,false,JP,Shocking Pink,2026-03-29T15:22:07+00:00
listed,2026-03-29T15:30:59.926+00:00,https://reverb.com/item/95524128-ibanez-jem777-dy-limited-edition-30th-anniversary-steve-vai-signature-2017-desert-sun-yellow,Ibanez,Ibanez Prestige,JEM777,Limited Edition Signature,,,,Excellent,4500,,,,reverb,theguitarpit,602222337923743754,,,,,,,,,,,,,Desert Sun Yellow,2026-03-29T15:25:13+00:00
listed,2026-03-29T18:21:28.208+00:00,https://reverb.com/item/95464810-ibanez-jem7-rb-1988-root-beer,Ibanez,Ibanez J.Custom,JEM7,,,,,Very Good,4250,,,,reverb,wontongg,214444614189449226,,0,390,35,"Dripping Springs, TX, United States",TX,US,1,8,false,false,JP,Root Beer,2026-03-28T22:53:12+00:00
sold,2026-03-29T18:37:04.262+00:00,https://reverb.com/item/95524128-ibanez-jem777-dy-limited-edition-30th-anniversary-steve-vai-signature-2017-desert-sun-yellow,Ibanez,Ibanez Prestige,JEM777,Limited Edition Signature,,,,Excellent,4500,4500,,,reverb,theguitarpit,602222337923743754,0.1,,,,,,,,,,,,Desert Sun Yellow,2026-03-29T15:25:13+00:00
sold,2026-03-29T18:37:45.112+00:00,https://reverb.com/item/95516114-prs-custom-24-charcoal-smokeburst-2017-w-tremonti-bridge-pickup,PRS,PRS Core,Custom 24,,,,,Very Good,2300,2300,,,reverb,theguitarpit,,1,1,,,,,,,,,,,Charcoal Smokeburst,2026-03-28T19:17:23+00:00
price_changed,2026-03-29T21:37:27.714+00:00,https://reverb.com/item/95518332-patrick-james-eggle-macon-special-2025-flame-top-mojo-tone,Patrick James Eggle,,Macon Special Flame,,,,,Excellent,2659,,2799,,reverb,greg1213,288303791109963776,,1,240,18,"calabasas, CA, United States",CA,US,1,604,true,false,GB,,2026-03-28T23:01:04+00:00
sold,2026-03-29T21:37:42.174+00:00,https://reverb.com/item/95028470-kiesel-kyber-6-fixed-bridge-splatter-paint-made-in-usa,Kiesel,Kiesel / Carvin,Kyber Fixed Bridge,Usa,,,,Excellent,1615,1615,,,reverb,modean,663012207478571038,15.9,1,,,,,,,,,,,Splatter,2026-03-14T01:04:15+00:00
listed,2026-03-29T21:55:42.018+00:00,https://reverb.com/item/92491121-ernie-ball-music-man-cutlass-bfr-2018-45-out-of-56-worldwide-blue-magic,Music Man,Music Man BFR,Cutlass,Bfr,,,,Excellent,2199.99,,,,reverb,shteefe,415010947871277068,,2,,,,,,,,,,,Blue Magic,2025-10-06T19:37:58+00:00
sold,2026-03-29T21:55:42.018+00:00,https://reverb.com/item/92491121-ernie-ball-music-man-cutlass-bfr-2018-45-out-of-56-worldwide-blue-magic,Music Man,Music Man BFR,Cutlass,Bfr,,,,Excellent,2199.99,,,,reverb,shteefe,415010947871277068,174.1,2,,,,,,,,,,,Blue Magic,2025-10-06T19:37:58+00:00
listed,2026-03-29T22:19:58.757+00:00,https://reverb.com/item/95527919-2025-echopark-clarence-tvl-ocean-turquoise,Echopark,Echopark,Clarence TVL Ocean,,,,,Very Good,3599,,,,reverb,theguitarpit,602222337923743754,,0,130,14,"Nazareth, PA, United States",PA,US,0.9955555555555555,603,true,false,US,Ocean Turquoise,2026-03-29T21:49:43+00:00
listed,2026-03-29T22:23:07.965+00:00,https://reverb.com/item/95527935-2024-fano-alt-de-facto-tc6-sunburst,Fano,Fano,Alt de Facto,,,,,Excellent,2399,,,,reverb,theguitarpit,602222337923743754,,0,166,5,"Morgantown, PA, United States",PA,US,0.9947976878612717,3971,true,false,,Sunburst,2026-03-29T21:54:39+00:00
price_changed,2026-03-29T22:50:36.79+00:00,https://reverb.com/item/95464810-ibanez-jem7-rb-1988-root-beer,Ibanez,Ibanez J.Custom,JEM7,,,,,Very Good,4250,,5000,,reverb,wontongg,214444614189449226,,0,390,35,"Dripping Springs, TX, United States",TX,US,1,8,false,false,JP,Root Beer,2026-03-28T22:53:12+00:00
sold,2026-03-29T22:51:40.309+00:00,https://reverb.com/item/95506194-ibanez-rg8470g-black,Ibanez,Ibanez Prestige,RG,,,,,Very Good,1699,,,,reverb,GP,,1.8,0,,,,,,,,,,,,
listed,2026-03-29T23:36:56.979+00:00,https://reverb.com/item/95528777-prs-custom-22-artist-2014,PRS,PRS Core,Custom 22,Artist,,,,Excellent,3699,,,,reverb,theguitarpit,602222337923743754,,1,211,15,"Goshen, NY, United States",NY,US,1,58,false,false,US,Blood Orange,2026-03-29T23:29:44+00:00
listed,2026-03-29T23:54:09.029+00:00,https://reverb.com/item/95525914,Mayones,Mayones,Hydra,,,,,Excellent,2700,,,,reverb,erparadox,1079314830508445696,,0,245,15,"Oak Harbor, WA, United States",WA,US,1,280,false,false,PL,,2026-03-29T18:33:58+00:00
listed,2026-03-30T00:05:02.836+00:00,https://reverb.com/item/95516404,Fender,Fender Custom Shop,Stratocaster,Custom Shop Signature,,,,Excellent,3600,,,,reverb,erparadox,1079314830508445696,,7,165,19,"Old Bridge, NJ, United States",NJ,US,0.9905882352941177,170,true,false,,,2026-03-28T19:48:33+00:00
listed,2026-03-30T00:28:52.702+00:00,https://reverb.com/item/94397834-valiant-guitars-soothsayer-2023-burning-grey-near-mint,Valiant Guitars,,Soothsayer,,,,,Excellent,1595,,,,reverb,modean,663012207478571038,,0,464,21,"Kirksville, MO, United States",MO,US,1,186,true,false,UA,Burning Grey,2026-02-07T18:30:20+00:00
sold,2026-03-30T00:45:50.421+00:00,https://reverb.com/en-pt/item/95009518-fender-custom-shop-reissue-stratocaster-relic?bk=eyJhbGciOiJIUzI1NiJ9.eyJqdGkiOiI0ZjhlMTYwMC01MmRjLTRkYzUtODIyMC1jMjNlNGZkZmIwYWQiLCJpYXQiOjE3NzQ1NjgwOTYsInVzZXJfaWQiOiIiLCJzZXNzaW9uX2lkIjoiNGUyNTVjMTEtYjY1Yi00YWU4LThiMzctMjc5ZDBkMjk0YWU1IiwiY29va2llX2lkIjoiZTQyMjEyNDUtYTFhOS00Yjg3LTk1OTEtNmRjZjI2MzE0NjkyIiwicHJvZHVjdF9pZCI6Ijk1MDA5NTE4Iiwic291cmNlIjoiTk9ORSJ9.kWb3X7RO_5pNx4q5kYUH_FthT1JYqburfi3ipy0mhrw,Fender,Fender Custom Shop,Stratocaster,Custom Shop Reissue,,,,Excellent,4655,,,NOUAR's Gear Garage,reverb,,437,16.7,2,,,,,,,,,,,,2026-03-13T08:30:13+00:00
listed,2026-03-30T01:57:55.978+00:00,https://www.chicagomusicexchange.com/products/music-man-bfr-cutlass-hss-blue-magic-figured-maple-718705,Music Man,Music Man BFR,Cutlass,Bfr Hss,,,,Brand New,2599,,,,marketplace,shteefe,415010947871277068,,,,,,,,,,,,,,
listed,2026-03-30T03:04:03.109+00:00,https://reverb.com/item/95141529-gibson-heritage-acoustic,Gibson,Gibson USA,Heritage,,,,,Good,1600,,,,reverb,greg1213,288303791109963776,,0,131,7,"Driftwood, TX, United States",TX,US,1,18,false,false,US,Factory,2026-03-17T18:02:11+00:00
listed,2026-03-30T03:10:42.446+00:00,https://reverb.com/item/95534443-music-man-usa-steve-lukather-luke-4-hh-maple-top-2023-blue-dream-l4,Music Man,Music Man USA,Luke,Usa Hh,,,,Excellent,2100,,,,reverb,theguitarpit,602222337923743754,,0,119,10,"COPPELL, TX, United States",TX,US,1,93,false,false,US,Blue Dream,2026-03-30T01:35:17+00:00
listed,2026-03-30T03:11:51.288+00:00,https://reverb.com/item/34347457-2020-bedell-limited-edition-dreadnought-brazillian-adirondack-natural,Bedell,,Dreadnought Brazillian Adirondack,Limited Edition,,,,Mint,5000,,,,reverb,greg1213,288303791109963776,,0,3250,78,"Akron, OH, United States",OH,US,0.9636363636363636,298,false,false,US,Natural,2020-06-25T15:29:44+00:00
sold,2026-03-30T03:12:15.732+00:00,https://www.chicagomusicexchange.com/products/music-man-bfr-cutlass-hss-blue-magic-figured-maple-718705,Music Man,Music Man BFR,Cutlass,Bfr Hss,,,,Brand New,2599,,,,marketplace,shteefe,415010947871277068,0.1,,,,,,,,,,,,,
listed,2026-03-30T03:25:09.148+00:00,https://reverb.com/item/94510788-k-yairi-yw-800g-1974-stunning-brazilian-rosewood-example-quite-impressive-user-friendly,Yairi,,YW 800G,,,,,Excellent,2750,,,,reverb,greg1213,288303791109963776,,0,637,24,"Fort Lauderdale, FL, United States",FL,US,1,742,true,false,JP,Brazilian Rosewood,2026-02-15T12:04:44+00:00
listed,2026-03-30T03:27:12.365+00:00,https://reverb.com/item/88271107-nos-gibson-archtop-1960s-brazilian-rosewood-saddle-bridge-l5-super-400-etc,Gibson,Gibson USA,NOS Archtop 1960s,Nos,,,,Brand New,135,,,,reverb,greg1213,288303791109963776,,1,723,26,"San Rafael, CA, United States",CA,US,1,91,false,false,US,Rosewood,2025-03-24T18:19:40+00:00
listed,2026-03-30T03:29:42.561+00:00,https://reverb.com/item/81083240-brazilian-rosewood-dreadnought-set,Rare Brazilian Rosewood,,Acoustic Guitar Dreadnought Set,,,,,Brand New,1790,,,,reverb,greg1213,288303791109963776,,2,1261,38,"El Segundo, CA, United States",CA,US,1,57,false,false,,,2024-03-29T17:32:46+00:00
sold,2026-03-30T04:54:39.136+00:00,https://www.chicagomusicexchange.com/products/music-man-bfr-cutlass-hss-blue-magic-figured-maple-718705,Music Man,Music Man BFR,Cutlass,Bfr Hss,,,,Brand New,2599,,,,marketplace,shteefe,415010947871277068,0.1,,,,,,,,,,,,,
sold,2026-03-30T08:47:14.13+00:00,https://reverb.com/item/95534443-music-man-usa-steve-lukather-luke-4-hh-maple-top-2023-blue-dream-l4,Music Man,Music Man USA,Luke,Usa Hh,,,,Excellent,2100,2100,,,reverb,theguitarpit,602222337923743754,0.3,0,119,10,"COPPELL, TX, United States",TX,US,1,93,false,false,US,Blue Dream,2026-03-30T01:35:17+00:00
sold,2026-03-30T08:47:35.167+00:00,https://reverb.com/item/95524058-ibanez-jem777-sk-limited-edition-30th-anniversary-steve-vai-signature-2017-shocking-pink,Ibanez,Ibanez J.Custom,JEM777,Limited Edition Signature,,,,Excellent,4500,4500,,,reverb,theguitarpit,602222337923743754,0.7,0,142,29,"Dripping Springs, TX, United States",TX,US,1,8,false,false,JP,Shocking Pink,2026-03-29T15:22:07+00:00
listed,2026-03-30T11:15:51.85+00:00,https://reverb.com/item/95273983-b-c-rich-warlock-kkv-kerry-king-signature,BC Rich,BC Rich Import,Warlock KKV Kerry,Signature,,,,Good,414,,,,reverb,wontongg,214444614189449226,,0,247,11,"Largs, United Kingdom",,GB,1,5,false,false,KR,Black with Tribal Graphic,2026-03-21T17:18:30+00:00
listed,2026-03-30T11:30:30.037+00:00,https://reverb.com/item/95535442-kiesel-delos-d6x-2020s-candy-red-satin,Kiesel,Kiesel / Carvin,Delos D6X 2020s,Satin,,,,Excellent,1275,,,,reverb,modean,663012207478571038,,0,125,18,"Sullivan’s island, SC, United States",SC,US,1,470,false,false,US,Candy Red Satin,2026-03-30T02:03:22+00:00
listed,2026-03-30T13:39:53.379+00:00,https://reverb.com/item/95537680-friedman-vintage-t-teal-green-medium-aged-guitar,Friedman,Friedman,Vintage-T Teal Medium,,,,,Excellent,2299,,,,reverb,madero,126233894897975296,,1,109,9,"Bothell, WA, United States",WA,US,1,25,false,false,US,Teal Green,2026-03-30T06:05:15+00:00
listed,2026-03-30T13:58:11.207+00:00,https://reverb.com/item/93357830-tokai-st55-springy-sound-stratocaster-1980-metallic-red-matching-headstock,Tokai,,Stratocaster,,,,,Good,1029.98,,,,reverb,greg1213,288303791109963776,,0,330,11,"Stolberg, Germany",Nordrhein-Westfalen,DE,0.9870967741935484,354,true,false,JP,,2025-12-01T05:16:40+00:00
listed,2026-03-30T14:39:33.66+00:00,https://reverb.com/item/95536468-shabat-guitars-lion-ii-vintage-white-018-03-30,Vintage,,018,,,,,Good,2509,,,,reverb,madero,126233894897975296,,0,156,7,"Chiyoda-ku, Japan",TOKYO,JP,0.9746835443037974,4427,true,false,,,2026-03-30T04:41:29+00:00
listed,2026-03-30T15:12:24.169+00:00,https://reverb.com/item/95541279-millimetric-mgs3-2018-blue-with-nanuk-990-case,Millimetric,,MGS3 with Nanuk,,,,,Excellent,3600,,,,reverb,theguitarpit,602222337923743754,,0,360,35,"Groveland, FL, United States",FL,US,1,26,false,false,CA,Blue,2026-03-30T15:07:59+00:00
listed,2026-03-30T16:04:06.296+00:00,https://reverb.com/item/86223557-guild-t-100-slim-jim-with-p90-1958-1964-sunburst-w-added-humbucker-and-ohc,Guild,Guild Import,T-100 Slim Jim,P90 1958,,,,Excellent,1529,,,,reverb,greg1213,288303791109963776,,3,3861,196,"Rehoboth Beach, DE, United States",DE,US,0.9967213114754099,61,false,false,US,Sunburst,2024-12-17T03:54:18+00:00
listed,2026-03-30T18:52:31.051+00:00,https://reverb.com/item/95550564-2000-prs-mccarty-soapbar-royal-blue-electric-guitar,PRS,PRS Core,McCarty,,,,,Good,2399,,,,reverb,theguitarpit,602222337923743754,,0,53,9,"Indian Rocks Beach, FL, United States",FL,US,1,2616,true,false,US,Royal Blue,2026-03-30T18:39:37+00:00
listed,2026-03-30T18:52:31.051+00:00,https://reverb.com/item/95549936-eastman-sb54-tv-gold,Eastman,Eastman,"SB54/TV,",,,,,Excellent,1600,,,,reverb,theguitarpit,602222337923743754,,1,37,12,"Worcester, MA, United States",MA,US,1,416,true,false,,Gold,2026-03-30T17:54:26+00:00
listed,2026-03-30T19:54:34.536+00:00,https://reverb.com/item/95420726-incredible-top-2019-60th-anniversary-gibson-demo-shop-1959-les-paul-r9-green-lemon-fade-gloss,Gibson,Gibson Custom Shop,Les Paul,1959 R9,2019,1959,true,Fair,4699,,,,reverb,wontongg,214444614189449226,,0,1001,86,"San Francisco, CA, United States",CA,US,1,364,true,false,US,Green Lemon Fade VOS,2026-03-26T01:16:46+00:00
listed,2026-03-30T20:01:34.396+00:00,https://reverb.com/item/95551771-gretsch-custom-shop-g6128-cs-duo-jet-relic-stephen-stern-built,Gretsch,Gretsch Custom Shop,Duo Jet,Custom Shop,,,,Excellent,5999,,,,reverb,shteefe,415010947871277068,,0,260,27,"Johnson City, TN, United States",TN,US,0.9973094170403587,223,true,false,US,White/Red Back,2026-03-30T19:53:43+00:00
listed,2026-03-30T20:34:55.349+00:00,https://mcallen.craigslist.org/msg/d/mcallen-gibson-les-paul-sg-custom-white/7923891511.html,Gibson,Gibson USA,SG Custom,,,,,,7900,,,,marketplace,yellowjack6,908889503173857351,,,,,,,,,,,,,,
price_changed,2026-03-30T20:48:41.452+00:00,https://reverb.com/item/95511633-prs-mark-holcomb-signature-2025-present-holcomb-wraparound-burst,PRS,,Mark Holcomb Present,Signature,,,,Excellent,4100,,,,reverb,GP,,,0,,,,,,,,,,,Holcomb Wraparound Burst,
listed,2026-03-30T21:16:49.515+00:00,https://reverb.com/item/95552711-never-installed-arcane-triple-clone-humbucker-set,Arcane,,NEVER INSTALLED! Triple,Humbucker,,,,Excellent,275,,,,reverb,madero,126233894897975296,,0,31,4,"San Diego, CA, United States",CA,US,1,368,false,false,,Nickel,2026-03-30T20:56:57+00:00
listed,2026-03-30T22:26:04.836+00:00,https://reverb.com/item/95166723-gibson-cme-exclusive-sg-standard-with-t-type-pickups-tortoise-pickguard-2018-shell-pink,Gibson,Gibson USA,SG Standard,,,,,Very Good,2400,,,,reverb,greg1213,288303791109963776,,4,3108,183,"Portland, OR, United States",OR,US,1,127,false,false,US,Shell Pink,2026-03-18T19:25:15+00:00
sold,2026-03-30T22:48:07.268+00:00,https://reverb.com/item/95535442-kiesel-delos-d6x-2020s-candy-red-satin,Kiesel,Kiesel / Carvin,Delos D6X 2020s,Satin,,,,Excellent,1275,1275,,,reverb,modean,663012207478571038,0.9,0,125,18,"Sullivan’s island, SC, United States",SC,US,1,470,false,false,US,Candy Red Satin,2026-03-30T02:03:22+00:00
listed,2026-03-30T23:47:16.341+00:00,https://reverb.com/item/95164806-kiesel-aries-bolt-on-pikachu-bevel-delete,Kiesel,Kiesel / Carvin,Aries Bolt-On Pikachu,,,,,Very Good,2700,,,,reverb,greg1213,288303791109963776,,0,617,36,"Terryville, CT, United States",CT,US,0.9944444444444445,36,false,false,US,,2026-03-18T17:23:05+00:00
listed,2026-03-30T23:48:39.328+00:00,https://reverb.com/item/95075789-kiesel-hf1-allan-holdsworth-fatboy-2024-natural,Kiesel,Kiesel / Carvin,HF1 Allan Holdsworth,,,,,Excellent,2199,,,,reverb,greg1213,288303791109963776,,0,437,38,"Brooklyn, NY, United States",NY,US,1,591,true,,US,Natural,2026-03-15T14:07:49+00:00
listed,2026-03-30T23:50:13.271+00:00,https://reverb.com/item/95554180-prs-private-stock-9725-studio-duvall-red-2022-w-ohsc-cocobolo-neck-korina-body,PRS,PRS Private Stock,Private Stock Studio,Private Stock,,,,Excellent,6999,,,,reverb,theguitarpit,602222337923743754,,,,,,,,,,,,,Duvall Red,2026-03-30T23:25:43+00:00
listed,2026-03-30T23:50:52.717+00:00,https://reverb.com/item/95554611-guitar-mill-mario-martin-t-style-electric-relic-aged-shoreline-gold,Martin,,Guitar Mill Mario,,,,,Very Good,1349.99,,,,reverb,theguitarpit,602222337923743754,,0,176,26,"Pittsburgh, PA, United States",PA,US,0.9801652892561984,2496,true,false,,Shoreline Gold,2026-03-30T23:13:01+00:00
listed,2026-03-30T23:53:12.336+00:00,https://reverb.com/item/95545631-millimetric-mgs2-hunter-green-metallic,Millimetric,,MGS2 Hunter Metallic,,,,,Very Good,3700,,,,reverb,theguitarpit,602222337923743754,,2,329,39,"Chicago, IL, United States",IL,US,0.9965850037119525,331398,true,,CA,Hunter Green Metallic,2026-03-30T22:30:42+00:00
listed,2026-03-30T23:53:19.638+00:00,https://reverb.com/item/95545630-fano-alt-de-facto-px6,Fano,Fano,Alt De Facto,,,,,Very Good,2650,,,,reverb,theguitarpit,602222337923743754,,0,257,20,"Chicago, IL, United States",IL,US,0.9964842782867046,331433,true,,US,,2026-03-30T22:30:42+00:00
listed,2026-03-31T00:02:07.408+00:00,https://reverb.com/item/95551410-2024-knaggs-guitars-chena-a-hollowbody-in-shell-pink-w-fishman-piezo-pickup,Knaggs,Knaggs,Hollowbody,Piezo,,,,Excellent,3895,,,,reverb,greg1213,288303791109963776,,0,218,16,"Sylacauga, AL, United States",AL,US,1,479,true,false,US,Shell Pink,2026-03-30T19:24:15+00:00
listed,2026-03-31T00:08:12.185+00:00,https://reverb.com/item/94652312-knaggs-kenai-t-t1-quilt-maple-2026-northerner-blue,Knaggs,Knaggs,Kenai,,,,,Brand New,9500,,,,reverb,greg1213,288303791109963776,,0,416,19,"St. Albert, Canada",AB,CA,0.9984,730,true,false,US,Northerner Blue,2026-02-24T22:03:00+00:00
listed,2026-03-31T00:22:25.586+00:00,https://reverb.com/item/95077476-pete-cornish-ss-3-battery-free-overdrive-2010s-black-white,Cornish,,Pete SS-3 Battery-Free,,,,,Excellent,600,,,,reverb,shteefe,415010947871277068,,5,196,24,"Christiansted, VI, United States",VI,US,1,107,false,false,,Black/White,2026-03-15T15:30:49+00:00
listed,2026-03-31T02:21:02.218+00:00,https://reverb.com/item/95554054-charvel-san-dimas-strathead-1983-red-with-white-star,Charvel,Charvel Pro-Mod,Stratocaster,San Dimas,,,,Good,4777.5,,,,reverb,shteefe,415010947871277068,,0,155,15,"Whitefish, MT, United States",MT,US,1,1,false,false,US,Custom,2026-03-30T22:21:59+00:00
sold,2026-03-31T02:42:59.333+00:00,https://reverb.com/item/95554180-prs-private-stock-9725-studio-duvall-red-2022-w-ohsc-cocobolo-neck-korina-body,PRS,PRS Private Stock,Private Stock Studio,Private Stock,,,,Excellent,6999,6999,,,reverb,theguitarpit,602222337923743754,0.1,,,,,,,,,,,,Duvall Red,2026-03-30T23:25:43+00:00
sold,2026-03-31T02:43:08.645+00:00,https://reverb.com/item/95552711-never-installed-arcane-triple-clone-humbucker-set,Arcane,,NEVER INSTALLED! Triple,Humbucker,,,,Excellent,275,275,,,reverb,madero,126233894897975296,0.2,0,31,4,"San Diego, CA, United States",CA,US,1,368,false,false,,Nickel,2026-03-30T20:56:57+00:00
sold,2026-03-31T02:43:15.657+00:00,https://reverb.com/item/95550564-2000-prs-mccarty-soapbar-royal-blue-electric-guitar,PRS,PRS Core,McCarty,,,,,Good,2399,2399,,,reverb,theguitarpit,602222337923743754,0.3,0,53,9,"Indian Rocks Beach, FL, United States",FL,US,1,2616,true,false,US,Royal Blue,2026-03-30T18:39:37+00:00
price_changed,2026-03-31T02:43:24.974+00:00,https://reverb.com/item/95536468-shabat-guitars-lion-ii-vintage-white-018-03-30,Vintage,,018,,,,,Good,2509,,2527.63,,reverb,madero,126233894897975296,,0,156,7,"Chiyoda-ku, Japan",TOKYO,JP,0.9746835443037974,4427,true,false,,,2026-03-30T04:41:29+00:00
price_changed,2026-03-31T02:43:27.3+00:00,https://reverb.com/item/93357830-tokai-st55-springy-sound-stratocaster-1980-metallic-red-matching-headstock,Tokai,,Stratocaster,,,,,Good,1029.98,,1028.56,,reverb,greg1213,288303791109963776,,0,330,11,"Stolberg, Germany",Nordrhein-Westfalen,DE,0.9870967741935484,354,true,false,JP,,2025-12-01T05:16:40+00:00
price_changed,2026-03-31T02:43:31.936+00:00,https://reverb.com/item/95273983-b-c-rich-warlock-kkv-kerry-king-signature,BC Rich,BC Rich Import,Warlock KKV Kerry,Signature,,,,Good,414,,417.18,,reverb,wontongg,214444614189449226,,0,247,11,"Largs, United Kingdom",,GB,1,5,false,false,KR,Black with Tribal Graphic,2026-03-21T17:18:30+00:00
price_changed,2026-03-31T02:44:48.593+00:00,https://reverb.com/item/94896973-epiphone-gothic-series-sg-2002-infernal-beauty-by-mr-decor-one-of-a-kind-art,Epiphone,Epiphone,SG,,,,,Excellent,1323.31,,,,reverb,WontonGG,,,0,,,,,,,,,,,,
price_changed,2026-03-31T02:45:18.711+00:00,https://reverb.com/item/95489696-patrick-james-eggle-macon-single-cut-carved-top-2021,Patrick James Eggle,,Single Cut,,,,,Very Good,5521.8,,5533.75,,reverb,WontonGG,,,0,,,,,,,,,,,,
price_changed,2026-03-31T02:45:39.685+00:00,https://reverb.com/item/94215529-fractal-audio-ax8,,,,,,,,Good,668.31,,672.36,,reverb,HanSwolo,,,2,,,,,,,,,,,,
listed,2026-03-31T03:10:19.945+00:00,https://reverb.com/item/92291486-ernie-ball-music-man-john-petrucci-signature-jp15-6-2020-2021-trans-black-burst-quilt,Music Man,Music Man USA,JP,Signature,,,,Very Good,2200,,,,reverb,theguitarpit,602222337923743754,,2,327,29,"Dallas, TX, United States",TX,US,1,1,false,false,US,Trans Black Burst Quilt,2026-03-31T02:54:56+00:00
listed,2026-03-31T03:10:19.945+00:00,https://reverb.com/item/95556487-jackson-pc-1-2000-chlorine-blue,Jackson,Jackson USA,PC-1 Chlorine,,,,,Good,2400,,,,reverb,theguitarpit,602222337923743754,,0,263,12,"Casper, WY, United States",WY,US,1,17,false,false,US,Chlorine Blue,2026-03-31T03:04:50+00:00
sold,2026-03-31T06:53:26.427+00:00,https://reverb.com/item/95454026-b-c-rich-jrv-nj-neck-thru-series-transparent-red,BC Rich,,JRV NJ Neck-Thru,,,,,Very Good,1200,1200,,,reverb,yellowjack6,908889503173857351,4.3,2,286,43,"San Diego, CA, United States",CA,US,1,44,false,false,KR,Transparent Red,2026-03-26T22:47:48+00:00
sold,2026-03-31T06:53:40.248+00:00,https://reverb.com/item/95513063-ibanez-ucmd-usa-custom-metal-design-series-rg-1989-1991-animal-print,Ibanez,Ibanez USA Custom,Metal,Usa,,,,Excellent,2500,,,,reverb,GP,,2.6,,,,,,,,,,,,Animal Print,
listed,2026-03-31T08:34:36.348+00:00,https://reverb.com/en-pt/item/91114676-fender-custom-shop-57-reissue-stratocaster-relic-aged-fiesta-red,Fender,Fender Custom Shop,Stratocaster,Custom Shop Reissue,,,,Brand New,3684,,,Muziekhandel Oudenaarde ,reverb,tsukuyominoryuu,1103673799666311320,,0,421,13,"Oudenaarde, Belgium",VLG,BE,0.9632183908045977,1718,false,false,US,,2025-06-24T15:11:57+00:00
listed,2026-03-31T14:28:05.819+00:00,https://sharkguitars.com/products/electric-guitars,,,,,,,,,,,,,news,wontongg,214444614189449226,,,,,,,,,,,,,,
sold,2026-03-31T14:52:14.009+00:00,https://reverb.com/item/95549936-eastman-sb54-tv-gold,Eastman,Eastman,"SB54/TV,",,,,,Excellent,1600,1600,,,reverb,theguitarpit,602222337923743754,0.9,1,37,12,"Worcester, MA, United States",MA,US,1,416,true,false,,Gold,2026-03-30T17:54:26+00:00
sold,2026-03-31T14:54:26.152+00:00,https://reverb.com/item/95464809-2008-ibanez-uv777p-bk-steve-vai-signature-universe,,,,,,,,Very Good,2500,,,,reverb,GP,,4.3,0,,,,,,,,,,,,
listed,2026-03-31T15:01:18.817+00:00,https://reverb.com/item/95558873-shabat-lion-deluxe-mahogany-neck-and-body-black,Lollar,,SHABAT Lion Deluxe,,,,,Brand New,5319,,,,reverb,madero,126233894897975296,,0,170,4,"Mons, Belgium",WAL,BE,0.9878787878787879,771,true,false,GB,,2026-03-31T11:53:49+00:00
listed,2026-03-31T17:11:12.348+00:00,https://reverb.com/item/95556351-friedman-metro-d-2020-black-w-natural-back-pleck-d-nice,Friedman,Friedman,Metro w/Natural Back,,,,,Excellent,2095,,,,reverb,theguitarpit,602222337923743754,,,,,,,,,,,,,Black Relic,2026-03-31T17:07:49+00:00
listed,2026-03-31T17:52:42.024+00:00,https://reverb.com/item/95568720-suhr-classic-pro-sss-with-maple-fretboard-2015-2017-fiesta-red,Suhr,Suhr,Classic,Sss,,,,Very Good,2250,,,,reverb,theguitarpit,602222337923743754,,4,451,43,"Groton, MA, United States",MA,US,1,57,false,false,US,Fiesta Red,2026-03-31T15:52:18+00:00
listed,2026-03-31T17:52:46.939+00:00,https://reverb.com/item/95569974-2022-novo-voltur-v1-cadillac-green,Novo,Novo,Voltur V1 Cadillac,,,,,Excellent,2999,,,,reverb,theguitarpit,602222337923743754,,1,202,13,"Providence, RI, United States",RI,US,0.9994736842105263,14194,true,false,,Cadillac Green,2026-03-31T16:44:00+00:00
listed,2026-03-31T17:53:48.177+00:00,https://reverb.com/item/95568895-xotic-california-classic-xscpro-2-aged-series-electric-guitar-2024-lake-placid-blue-w-hard-case-materials,Xotic,,Classic,,,,,Excellent,2592,,,,reverb,theguitarpit,602222337923743754,,0,168,10,"Galesburg, IL, United States",IL,US,0.9945054945054945,4634,true,false,US,Lake Placid Blue,2026-03-31T15:46:19+00:00
enriched,2026-03-31T18:01:12.338+00:00,https://reverb.com/en-pt/item/91114676-fender-custom-shop-57-reissue-stratocaster-relic-aged-fiesta-red,Fender,Fender Custom Shop,Stratocaster,Custom Shop Reissue,,,,Brand New,3684,,,Muziekhandel Oudenaarde ,reverb,tsukuyominoryuu,1103673799666311320,,0,421,13,"Oudenaarde, Belgium",VLG,BE,0.9632183908045977,1718,false,false,US,,2025-06-24T15:11:57+00:00
sold,2026-03-31T18:06:26.169+00:00,https://reverb.com/item/95556351-friedman-metro-d-2020-black-w-natural-back-pleck-d-nice,Friedman,Friedman,Metro w/Natural Back,,,,,Excellent,2095,2095,,,reverb,theguitarpit,602222337923743754,0,,,,,,,,,,,,Black Relic,2026-03-31T17:07:49+00:00
sold,2026-03-31T18:07:41.843+00:00,https://reverb.com/item/95527919-2025-echopark-clarence-tvl-ocean-turquoise,Echopark,Echopark,Clarence TVL Ocean,,,,,Very Good,3599,3599,,,reverb,theguitarpit,602222337923743754,1.8,0,130,14,"Nazareth, PA, United States",PA,US,0.9955555555555555,603,true,false,US,Ocean Turquoise,2026-03-29T21:49:43+00:00
listed,2026-03-31T20:40:29.199+00:00,https://slickdeals.net/f/19369806-esp-guitars-20-models-from-372-free-s-h,ESP,,Guitars: 20+ Models,,,,,,,,,,deals,theguitarpit,602222337923743754,,,,,,,,,,,,,,
listed,2026-03-31T20:41:59.797+00:00,https://www.focusproaudio.com/products/esp-guitars-and-basses-m2hteg89s1g-electric-guitars-solidbody-guitars,ESP,ESP USA,M2 HT Midori,Usa,,,,,4849,,,,news,shteefe,415010947871277068,,,,,,,,,,,,,,
listed,2026-03-31T21:02:37.814+00:00,https://reverb.com/item/95573183-ibanez-jem-777sk-1988-shocking-pink-repaint-read,Ibanez,Ibanez J.Custom,JEM,,,,,Very Good,3599,,,,reverb,theguitarpit,602222337923743754,,2,144,22,"Brookpark, OH, United States",OH,US,1,104,false,false,JP,Shocking Pink - repaint,2026-03-31T20:46:12+00:00
listed,2026-03-31T21:03:40.956+00:00,https://reverb.com/item/95572066-ibanez-pia3761-slw-steve-vai-signature-2020-present-stallion-white,Ibanez,Ibanez J.Custom,PIA3761-SLW Steve Vai,Signature,,,,Excellent,2485,,,,reverb,theguitarpit,602222337923743754,,2,123,28,"Lancing, TN, United States",TN,US,1,70,false,false,JP,Stallion White,2026-03-31T20:53:48+00:00
listed,2026-03-31T21:05:56.326+00:00,https://reverb.com/item/95575308-2010-jackson-usa-custom-shop-extreme-surfcaster-1-of-1-flip-flop-purple-123,Jackson,Jackson USA Custom Shop,Extreme Surfcaster of,Usa Custom Shop,,,,Very Good,6000,,,,reverb,theguitarpit,602222337923743754,,0,406,44,"Dayton, OH, United States",OH,US,0.9904580152671756,2793,false,false,US,Flip Flop Purple,2026-03-31T21:00:54+00:00
sold,2026-03-31T22:01:42.104+00:00,https://reverb.com/item/95554054-charvel-san-dimas-strathead-1983-red-with-white-star,Charvel,Charvel Pro-Mod,Stratocaster,San Dimas,,,,Good,4777.5,4777.5,,,reverb,shteefe,415010947871277068,1,0,155,15,"Whitefish, MT, United States",MT,US,1,1,false,false,US,Custom,2026-03-30T22:21:59+00:00
sold,2026-03-31T22:02:07.15+00:00,https://reverb.com/item/95420726-incredible-top-2019-60th-anniversary-gibson-demo-shop-1959-les-paul-r9-green-lemon-fade-gloss,Gibson,Gibson Custom Shop,Les Paul,1959 R9,2019,1959,true,Fair,4699,4699,,,reverb,wontongg,214444614189449226,5.9,0,1001,86,"San Francisco, CA, United States",CA,US,1,364,true,false,US,Green Lemon Fade VOS,2026-03-26T01:16:46+00:00
listed,2026-03-31T22:12:40.562+00:00,https://reverb.com/item/95574367-hamer-usa-centaura-1990-iridescent-swirl,Hamer,Hamer USA Vintage,Centaura Iridescent Swirl,Usa,,,,Good,1600,,,,reverb,theguitarpit,602222337923743754,,0,242,21,"Spokane, WA, United States",WA,US,0.9846153846153847,2926,true,false,US,Iridescent Swirl,2026-03-31T22:03:32+00:00
listed,2026-03-31T22:20:53.982+00:00,https://reverb.com/item/95575038-fender-mustang-1965,Fender,,Mustang,,,1965,true,Good,1799,,,,reverb,madero,126233894897975296,,1,,,,,,,,,,,,
listed,2026-03-31T22:56:09.076+00:00,https://www.chicagomusicexchange.com/collections/zac-brown-collection,,,,,,,,,70000,,,,marketplace,theguitarpit,602222337923743754,,,,,,,,,,,,,,
listed,2026-04-01T01:49:58.754+00:00,https://reverb.com/item/95578227-millimetric-mgs3-purple,Millimetric,,MGS3 Purple,,,,,,3400,,,,reverb,theguitarpit,602222337923743754,,,,,,,,,,,,,,
sold,2026-04-01T02:01:21.476+00:00,https://reverb.com/item/95575038-fender-mustang-1965,Fender,,Mustang,,,1965,true,Good,1799,1799,,,reverb,madero,126233894897975296,0.2,1,,,,,,,,,,,,
price_changed,2026-04-01T02:01:39.732+00:00,https://reverb.com/item/95558873-shabat-lion-deluxe-mahogany-neck-and-body-black,Lollar,,SHABAT Lion Deluxe,,,,,Brand New,5319,,5354.46,,reverb,madero,126233894897975296,,0,170,4,"Mons, Belgium",WAL,BE,0.9878787878787879,771,true,false,GB,,2026-03-31T11:53:49+00:00
price_changed,2026-04-01T02:01:42.029+00:00,https://reverb.com/en-pt/item/91114676-fender-custom-shop-57-reissue-stratocaster-relic-aged-fiesta-red,Fender,Fender Custom Shop,Stratocaster,Custom Shop Reissue,,,,Brand New,3684,,5668,Muziekhandel Oudenaarde ,reverb,tsukuyominoryuu,1103673799666311320,,0,421,13,"Oudenaarde, Belgium",VLG,BE,0.9632183908045977,1718,false,false,US,,2025-06-24T15:11:57+00:00
price_changed,2026-04-01T02:02:09.448+00:00,https://reverb.com/item/95551771-gretsch-custom-shop-g6128-cs-duo-jet-relic-stephen-stern-built,Gretsch,Gretsch Custom Shop,Duo Jet,Custom Shop,,,,Excellent,5999,,,,reverb,shteefe,415010947871277068,,0,260,27,"Johnson City, TN, United States",TN,US,0.9973094170403587,223,true,false,US,White/Red Back,2026-03-30T19:53:43+00:00
price_changed,2026-04-01T02:02:16.316+00:00,https://reverb.com/item/95536468-shabat-guitars-lion-ii-vintage-white-018-03-30,Vintage,,018,,,,,Good,2509,,2527.63,,reverb,madero,126233894897975296,,0,156,7,"Chiyoda-ku, Japan",TOKYO,JP,0.9746835443037974,4427,true,false,,,2026-03-30T04:41:29+00:00
price_changed,2026-04-01T02:02:18.563+00:00,https://reverb.com/item/93357830-tokai-st55-springy-sound-stratocaster-1980-metallic-red-matching-headstock,Tokai,,Stratocaster,,,,,Good,1029.98,,1028.56,,reverb,greg1213,288303791109963776,,0,330,11,"Stolberg, Germany",Nordrhein-Westfalen,DE,0.9870967741935484,354,true,false,JP,,2025-12-01T05:16:40+00:00
sold,2026-04-01T02:02:23.985+00:00,https://reverb.com/item/95537680-friedman-vintage-t-teal-green-medium-aged-guitar,Friedman,Friedman,Vintage-T Teal Medium,,,,,Excellent,2299,2299,,,reverb,madero,126233894897975296,1.8,1,109,9,"Bothell, WA, United States",WA,US,1,25,false,false,US,Teal Green,2026-03-30T06:05:15+00:00
price_changed,2026-04-01T02:02:26.284+00:00,https://reverb.com/item/95273983-b-c-rich-warlock-kkv-kerry-king-signature,BC Rich,BC Rich Import,Warlock KKV Kerry,Signature,,,,Good,414,,417.18,,reverb,wontongg,214444614189449226,,0,247,11,"Largs, United Kingdom",,GB,1,5,false,false,KR,Black with Tribal Graphic,2026-03-21T17:18:30+00:00
price_changed,2026-04-01T02:03:34.593+00:00,https://reverb.com/item/94896973-epiphone-gothic-series-sg-2002-infernal-beauty-by-mr-decor-one-of-a-kind-art,Epiphone,Epiphone,SG,,,,,Excellent,1323.31,,,,reverb,WontonGG,,,0,,,,,,,,,,,,
price_changed,2026-04-01T02:04:04.433+00:00,https://reverb.com/item/95489696-patrick-james-eggle-macon-single-cut-carved-top-2021,Patrick James Eggle,,Single Cut,,,,,Very Good,5521.8,,5533.75,,reverb,WontonGG,,,0,,,,,,,,,,,,
price_changed,2026-04-01T02:04:22.849+00:00,https://reverb.com/item/94215529-fractal-audio-ax8,,,,,,,,Good,668.31,,672.36,,reverb,HanSwolo,,,2,,,,,,,,,,,,
sold,2026-04-01T04:35:54.903+00:00,https://reverb.com/item/95520292-1964-fender-stratocaster-sunburt-factory-new,Fender,Fender Custom Shop,Stratocaster,,,,,Excellent,35900,35900,,,reverb,theguitarpit,602222337923743754,3.1,2,740,45,"Miami, FL, United States",FL,US,1,12,false,false,US,Sunburst,2026-03-29T02:49:18+00:00
listed,2026-04-01T04:55:58.944+00:00,https://reverb.com/item/95580585-gibson-flying-v-antique-natural-w-hsc,Gibson,Gibson USA,Flying V,,,,,,1400,,,,reverb,theguitarpit,602222337923743754,,,,,,,,,,,,,,
listed,2026-04-01T04:55:58.944+00:00,https://reverb.com/item/95580626-esp-usa-m-ii-ntb-fr,ESP,ESP USA,M-II,,2025,,,,3900,,,,reverb,theguitarpit,602222337923743754,,,,,,,,,,,,,,
listed,2026-04-01T04:56:11.538+00:00,https://reverb.com/item/95580696-1991-gibson-m-iii-deluxe-100-original-very-good-condition-226,Gibson,Gibson USA,Original,,1991,,,,1800,,,,reverb,theguitarpit,602222337923743754,,,,,,,,,,,,,,
listed,2026-04-01T05:12:16.48+00:00,https://reverb.com/item/92489770-used-2017-echopark-la-carne-custom-koa-in-sunburst-excellent-condition-with-ohsc,Echopark,Echopark,La Carne Koa,,2017,,,,4140,,,,reverb,wontongg,214444614189449226,,,,,,,,,,,,,,
brand_categorized,2026-04-01T05:16:29.297+00:00,https://reverb.com/item/95578227-millimetric-mgs3-purple,Millimetric,,MGS3 Purple,,,,,,3400,,,,reverb,theguitarpit,602222337923743754,,,,,,,,,,,,,,
brand_categorized,2026-04-01T05:16:29.299+00:00,https://reverb.com/item/95545631-millimetric-mgs2-hunter-green-metallic,Millimetric,,MGS2 Hunter Metallic,,,,,Very Good,3700,,,,reverb,theguitarpit,602222337923743754,,2,329,39,"Chicago, IL, United States",IL,US,0.9965850037119525,331398,true,,CA,Hunter Green Metallic,2026-03-30T22:30:42+00:00
brand_categorized,2026-04-01T05:16:29.299+00:00,https://reverb.com/item/95541279-millimetric-mgs3-2018-blue-with-nanuk-990-case,Millimetric,,MGS3 with Nanuk,,,,,Excellent,3600,,,,reverb,theguitarpit,602222337923743754,,0,360,35,"Groveland, FL, United States",FL,US,1,26,false,false,CA,Blue,2026-03-30T15:07:59+00:00
brand_categorized,2026-04-01T05:16:33.473+00:00,https://reverb.com/item/34347457-2020-bedell-limited-edition-dreadnought-brazillian-adirondack-natural,Bedell,,Dreadnought Brazillian Adirondack,Limited Edition,,,,Mint,5000,,,,reverb,greg1213,288303791109963776,,0,3250,78,"Akron, OH, United States",OH,US,0.9636363636363636,298,false,false,US,Natural,2020-06-25T15:29:44+00:00
brand_categorized,2026-04-01T05:16:37.594+00:00,https://reverb.com/item/95518039-flaxwood-leikki-guitar,Flaxwood,,Leikki Guitar,,,,,Excellent,1200,,,,reverb,greg1213,288303791109963776,,1,194,15,"Traverse City, MI, United States",MI,US,0.9979591836734694,196,true,false,FI,,2026-03-28T22:31:32+00:00
brand_categorized,2026-04-01T05:16:41.65+00:00,https://www.chicagomusicexchange.com/collections/electric-guitars-used/products/frank-brothers-arcade-metallic-copper-2019-2507221,Frank,,Brothers Arcade Metallic,,,,,Used,3495,,,,marketplace,Shteefe,,,,,,,,,,,,,,,
brand_categorized,2026-04-01T05:16:42.34+00:00,https://www.chicagomusicexchange.com/collections/electric-guitars-used/products/frank-brothers-arcade-metallic-copper-2019-2507221,Frank,,Brothers Arcade Metallic,,,,,Used,3495,,,,marketplace,Shteefe,,,,,,,,,,,,,,,
brand_categorized,2026-04-01T05:16:45.971+00:00,https://reverb.com/item/94649068,Milkman,,Sound 85W Pedal,,,,,Good,2284.16,,,,reverb,jazee_,,,0,,,,,,,,,,,,
brand_categorized,2026-04-01T05:16:46.772+00:00,https://reverb.com/item/94649068,Milkman,,Sound 85W Pedal,,,,,Good,2284.16,,,,reverb,jazee_,,,0,,,,,,,,,,,,
brand_categorized,2026-04-01T05:16:49.335+00:00,https://reverb.com/item/95495347-mjt-telecaster-body-hh-2026-nitro,MJT,,Telecaster,Hh Nitro,,,,Excellent,350,,,,reverb,David Hume,,,0,,,,,,,,,,,,
brand_categorized,2026-04-01T05:16:50.081+00:00,https://reverb.com/item/95495347-mjt-telecaster-body-hh-2026-nitro,MJT,,Telecaster,Hh Nitro,,,,Excellent,350,,,,reverb,David Hume,,,0,,,,,,,,,,,,
brand_categorized,2026-04-01T05:16:54.232+00:00,https://reverb.com/item/95428034-framus-teambuilt-pro-diablo-2007-natural?utm_source=rev-ios-app&utm_medium=ios-share&utm_campaign=listing&utm_content=95428034,Framus,,Teambuilt Pro Diablo,,,,,Excellent,1386.45,,,,reverb,David Hume,,,,,,,,,,,,,,,
brand_categorized,2026-04-01T05:16:54.956+00:00,https://reverb.com/item/95428034-framus-teambuilt-pro-diablo-2007-natural?utm_source=rev-ios-app&utm_medium=ios-share&utm_campaign=listing&utm_content=95428034,Framus,,Teambuilt Pro Diablo,,,,,Excellent,1386.45,,,,reverb,David Hume,,,,,,,,,,,,,,,
brand_categorized,2026-04-01T05:21:29.407+00:00,https://reverb.com/item/95479519-arnold-hoyer-mod-archtop-guitar-1960s-worn-restored-player?utm_source=rev-ios-app&utm_medium=ios-share&utm_campaign=listing&utm_content=95479519,Hoyer,,"Arnold ""mod"" archtop",Player,,,,Very Good,1201.8,,,,reverb,David Hume,,,1,,,,,,,,,,,,
brand_categorized,2026-04-01T05:21:30.322+00:00,https://reverb.com/item/95479519-arnold-hoyer-mod-archtop-guitar-1960s-worn-restored-player?utm_source=rev-ios-app&utm_medium=ios-share&utm_campaign=listing&utm_content=95479519,Hoyer,,"Arnold ""mod"" archtop",Player,,,,Very Good,1201.8,,,,reverb,David Hume,,,1,,,,,,,,,,,,
brand_categorized,2026-04-01T05:21:34.397+00:00,https://reverb.com/item/95077476-pete-cornish-ss-3-battery-free-overdrive-2010s-black-white,Cornish,,Pete SS-3 Battery-Free,,,,,Excellent,600,,,,reverb,shteefe,415010947871277068,,5,196,24,"Christiansted, VI, United States",VI,US,1,107,false,false,,Black/White,2026-03-15T15:30:49+00:00
brand_categorized,2026-04-01T05:21:38.191+00:00,https://reverb.com/item/95509591-powers-electric-a-type-pink,Powers Electric,,A-Type -Pink,,,,,Excellent,2900,,,,reverb,greg1213,288303791109963776,,0,,,,,,,,,,,,2026-03-28T10:40:30+00:00
listed,2026-04-01T05:47:43.806+00:00,https://reverb.com/item/95581105-charvel-so-cal-custom-shop-green-sparkle,Charvel,Charvel USA Custom Shop,So Cal Sparkle,,,,,,3500,,,,reverb,theguitarpit,602222337923743754,,,,,,,,,,,,,,
listed,2026-04-01T06:56:47.107+00:00,https://slickdeals.net/f/19367757-prs-se-custom-24-exclusive-orange-tiger-smokeburst-649-95,PRS,PRS Core,Custom 24,,,,,,158,,,,deals,theguitarpit,602222337923743754,,,,,,,,,,,,,,
listed,2026-04-01T06:56:47.107+00:00,https://slickdeals.net/f/19344750-jackson-guitar-accessories-50-guitars-from-137-free-s-h,Jackson,,Guitar Accessories: 50+,,,,,,,,,,deals,theguitarpit,602222337923743754,,,,,,,,,,,,,,
listed,2026-04-01T06:56:47.107+00:00,https://slickdeals.net/f/19364880-gretsch-guitars-40-models-from-150-free-s-h,Gretsch,,40% Off Various,,,,,,,,,,deals,theguitarpit,602222337923743754,,,,,,,,,,,,,,
price_changed,2026-04-01T10:28:16.575+00:00,https://reverb.com/item/95558873-shabat-lion-deluxe-mahogany-neck-and-body-black,Lollar,,SHABAT Lion Deluxe,,,,,Brand New,5319,,5354.46,,reverb,madero,126233894897975296,,0,170,4,"Mons, Belgium",WAL,BE,0.9878787878787879,771,true,false,GB,,2026-03-31T11:53:49+00:00
listed,2026-04-01T13:43:35.179+00:00,https://reverb.com/item/94088927-morgan-electrics-new-standard-double-cut-pro-usa-2014-2-tone-sunburst,Morgan,,Standard,,2014,,,,1999,,,,reverb,theguitarpit,602222337923743754,,,,,,,,,,,,,,
sold,2026-04-01T13:46:55.476+00:00,https://reverb.com/item/95580696-1991-gibson-m-iii-deluxe-100-original-very-good-condition-226,Gibson,Gibson USA,Original,,1991,,,,1800,1800,,,reverb,theguitarpit,602222337923743754,0.4,,,,,,,,,,,,,
sold,2026-04-01T13:47:11.397+00:00,https://reverb.com/item/95573183-ibanez-jem-777sk-1988-shocking-pink-repaint-read,Ibanez,Ibanez J.Custom,JEM,,,,,Very Good,3599,3599,,,reverb,theguitarpit,602222337923743754,0.7,2,144,22,"Brookpark, OH, United States",OH,US,1,104,false,false,JP,Shocking Pink - repaint,2026-03-31T20:46:12+00:00
sold,2026-04-01T13:47:59.367+00:00,https://reverb.com/item/93357830-tokai-st55-springy-sound-stratocaster-1980-metallic-red-matching-headstock,Tokai,,Stratocaster,,,,,Good,1029.98,1029.98,,,reverb,greg1213,288303791109963776,121.4,0,330,11,"Stolberg, Germany",Nordrhein-Westfalen,DE,0.9870967741935484,354,true,false,JP,,2025-12-01T05:16:40+00:00
listed,2026-04-01T14:17:21.163+00:00,https://reverb.com/item/94393754-1979-yamaha-fg-770s-all-solid-wood-acoustic-guitar,Yamaha,,FG-770S All Solid,,1979,,,,540,,,,reverb,greg1213,288303791109963776,,,,,,,,,,,,,,
listed,2026-04-01T14:19:39.339+00:00,https://reverb.com/item/95510806-prs-custom-24-1988-royal-blue-quilt-10-top,PRS,PRS Core,Custom 24,,1988,,,,4995,,,,reverb,shteefe,415010947871277068,,,,,,,,,,,,,,
listed,2026-04-01T15:28:44.403+00:00,https://reverb.com/item/95578145-jackson-usa-select-series-sl2h-soloist-2003-2020-black,Jackson,Jackson USA,Soloist,,,,,,2400,,,,reverb,theguitarpit,602222337923743754,,,,,,,,,,,,,,
listed,2026-04-01T15:28:44.403+00:00,https://reverb.com/item/95586573-ernie-ball-music-man-tosin-abasi-signature-kaizen-6-2023-present-mint,Music Man,Music Man USA,Tosin Abasi Kaizen,,,,,,2000,,,,reverb,theguitarpit,602222337923743754,,,,,,,,,,,,,,
listed,2026-04-01T15:28:44.403+00:00,https://reverb.com/item/95588529-eastman-sb56-n-gd-goldtop,Eastman,Eastman,SB56/N-GD Goldtop,,,,,,1299,,,,reverb,theguitarpit,602222337923743754,,,,,,,,,,,,,,
listed,2026-04-01T15:29:34.23+00:00,https://reverb.com/item/95588570-rock-n-roll-relics-thunders-custom-korina-2023-aged,Rock N Roll Relics,,Thunders Custom Korina,,2023,,,,2950,,,,reverb,theguitarpit,602222337923743754,,,,,,,,,,,,,,
listed,2026-04-01T15:31:55.139+00:00,https://reverb.com/item/91227887-ernie-ball-music-man-kaizen-6-limited-edition-electric-guitar-black-limba-with-hard-case,Music Man,Music Man USA,Kaizen Electric Guitar,,2025,,,,3419,,,,reverb,greg1213,288303791109963776,,,,,,,,,,,,,,
listed,2026-04-01T15:36:52.988+00:00,https://reverb.com/item/95589141-2025-prs-swamp-ash-special,PRS,,Swamp Ash Special,,2025,,,,1875,,,,reverb,theguitarpit,602222337923743754,,,,,,,,,,,,,,
listed,2026-04-01T16:24:29.008+00:00,https://reverb.com/item/94927391-collings-electric-guitars-620-sm-lc-sherwood-green,Collings,Collings,620,,,,,,8800,,,,reverb,theguitarpit,602222337923743754,,,,,,,,,,,,,,
listed,2026-04-01T16:50:24.308+00:00,https://ish.guitars/collections/prs-15-off-core-amps-sale-1/products/prs-tremonti-10-top-charcoal-purple-burst-natural-binding,PRS,PRS Core,Tremonti,,,,,,4709,,,,other,splooigi,1120099961690935387,,,,,,,,,,,,,,
listed,2026-04-01T17:00:42.472+00:00,https://ish.guitars/collections/sale/products/prs-wood-library-custom-24-10-top-bonnie-pink-brazilian-rosewood-fretboard,PRS,PRS Core,Custom 24,,,,,,5865,,,,other,splooigi,1120099961690935387,,,,,,,,,,,,,,
listed,2026-04-01T17:15:40.762+00:00,https://reverb.com/item/90508137-custom-dean-z-robb-flynn-baritone-26-5-scale-explorer-rare-burn-my-eyes-limited-machine-head-guitar,Dean,,Explorer,,,,,,685,,,,reverb,greg1213,288303791109963776,,,,,,,,,,,,,,
sold,2026-04-01T17:42:09.563+00:00,https://reverb.com/item/94393754-1979-yamaha-fg-770s-all-solid-wood-acoustic-guitar,Yamaha,,FG-770S All Solid,,1979,,,,540,540,,,reverb,greg1213,288303791109963776,0.1,,,,,,,,,,,,,
price_changed,2026-04-01T17:42:21.062+00:00,https://reverb.com/item/95580626-esp-usa-m-ii-ntb-fr,ESP,ESP USA,M-II,,2025,,,,3900,,,,reverb,theguitarpit,602222337923743754,,,,,,,,,,,,,,
price_changed,2026-04-01T17:43:32.667+00:00,https://reverb.com/item/94397834-valiant-guitars-soothsayer-2023-burning-grey-near-mint,Valiant Guitars,,Soothsayer,,,,,Excellent,1595,,1795,,reverb,modean,663012207478571038,,0,464,21,"Kirksville, MO, United States",MO,US,1,186,true,false,UA,Burning Grey,2026-02-07T18:30:20+00:00
price_changed,2026-04-01T17:43:44.2+00:00,https://reverb.com/item/95464810-ibanez-jem7-rb-1988-root-beer,Ibanez,Ibanez J.Custom,JEM7,,,,,Very Good,4250,,5000,,reverb,wontongg,214444614189449226,,0,390,35,"Dripping Springs, TX, United States",TX,US,1,8,false,false,JP,Root Beer,2026-03-28T22:53:12+00:00
listed,2026-04-01T17:51:29.695+00:00,https://eddiesguitars.com/product/sale/prs-new-old-stock-sale/paul-reed-smith-silver-sky-john-mayer-dodgem-blue-7,PRS,PRS Core,Silver Sky,,,,,,1899,,,,other,theguitarpit,602222337923743754,,,,,,,,,,,,,,
listed,2026-04-01T17:53:00.319+00:00,https://reverb.com/item/84772128-prs-silver-sky-john-mayer-signature-with-rosewood-fretboard-2019-present-golden-mesa,PRS,PRS Core,Silver Sky,,,,,,1800,,,,reverb,greg1213,288303791109963776,,,,,,,,,,,,,,
listed,2026-04-01T18:03:24.886+00:00,https://reverb.com/item/95590467-mint-fender-custom-shop-vintage-custom-55-hardtail-strat-time-capsule-package-wide-fade-2-color-sunburst,Fender,Fender Custom Shop,Stratocaster,,,,,,2500,,,,reverb,theguitarpit,602222337923743754,,,,,,,,,,,,,,
sold,2026-04-01T18:47:15.462+00:00,https://reverb.com/item/95590467-mint-fender-custom-shop-vintage-custom-55-hardtail-strat-time-capsule-package-wide-fade-2-color-sunburst,Fender,Fender Custom Shop,Stratocaster,,,,,,2500,2500,,,reverb,theguitarpit,602222337923743754,0,,,,,,,,,,,,,
price_changed,2026-04-01T18:47:47.73+00:00,https://reverb.com/item/95580585-gibson-flying-v-antique-natural-w-hsc,Gibson,Gibson USA,Flying V,,,,,,1400,,,,reverb,theguitarpit,602222337923743754,,,,,,,,,,,,,,
sold,2026-04-01T18:51:08.459+00:00,https://eddiesguitars.com/product/sale/prs-new-old-stock-sale/paul-reed-smith-silver-sky-john-mayer-dodgem-blue-7,PRS,PRS Core,Silver Sky,,,,,,1899,,,,other,theguitarpit,602222337923743754,0,,,,,,,,,,,,,
listed,2026-04-01T18:52:14.432+00:00,https://reverb.com/item/95591955-dean-stealth-2017-usa-custom-transparent-purple-blue-burst,Dean,,Stealth Transparent purple,,2017,,,,4300,,,,reverb,theguitarpit,602222337923743754,,,,,,,,,,,,,,
listed,2026-04-01T19:27:39.478+00:00,https://reverb.com/item/95591268-prs-nf-53-2025-sprayer-s-choice-ltd-teal-hollowflake-w-prs-hardshell-case,PRS,PRS Core,NF -Sprayer's Choice,,,,,,1499.95,,,,reverb,theguitarpit,602222337923743754,,,,,,,,,,,,,,
listed,2026-04-01T19:34:02.287+00:00,https://oldbloodnoise.com/pedals/p/headphone-amp,Old Blood Noise,,&mdash; OBNE Headphone,,,,,,109,,,,other,kfw3e52zckdda9g8tgqaonzw5mqcqmzm,1332493343006920741,,,,,,,,,,,,,,
listed,2026-04-01T19:54:06.658+00:00,https://reverb.com/item/95592609-preowned-suhr-pete-thorn-signature-standard-hss-in-graphite-metallic,Suhr,Suhr,Standard,,2024,,,,2795,,,,reverb,theguitarpit,602222337923743754,,,,,,,,,,,,,,
listed,2026-04-01T20:02:11.273+00:00,https://reverb.com/item/94268693-1992-prs-custom-24-10-top-electric-guitar-video-fresh-setup-ready,PRS,PRS Core,Custom 24,,1992,,,,3200,,,,reverb,wontongg,214444614189449226,,,,,,,,,,,,,,
listed,2026-04-01T20:08:06.238+00:00,https://reverb.com/item/94975650-gibson-sg-les-paul-custom-1963-reissue-2024,Gibson,Gibson USA,Les Paul Custom,,2024,,,,4300,,,,reverb,yellowjack6,908889503173857351,,,,,,,,,,,,,,
listed,2026-04-01T20:10:43.04+00:00,https://reverb.com/item/95146208-epiphone-gt-special-model-matt-black,Epiphone,Epiphone,GT Special Model,,,,,,165,,,,reverb,theguitarpit,602222337923743754,,,,,,,,,,,,,,
listed,2026-04-01T20:14:31.968+00:00,https://reverb.com/item/94838766-prs-standard-24-satin-pearl-white-2025-w-ohsc,PRS,PRS Core,Standard,,2025,,,,2500,,,,reverb,wontongg,214444614189449226,,,,,,,,,,,,,,
listed,2026-04-01T20:19:19.344+00:00,https://fanaticguitars.com/producto/prs-custom-24-1989-faded-whale-blue-97420-segunda-mano,PRS,PRS Core,Custom 24,,,,,,,,,,other,wontongg,214444614189449226,,,,,,,,,,,,,,
listed,2026-04-01T20:45:32.558+00:00,https://reverb.com/item/95595349-ibanez-2618-av-artist-1977-1979-antique-violin,Ibanez,Ibanez Prestige,Artist 1977,,,,,,1044,,,,reverb,theguitarpit,602222337923743754,,,,,,,,,,,,,,
listed,2026-04-01T21:05:38.238+00:00,https://reverb.com/item/95595304-gibson-custom-shop-historic-collection-58-les-paul-standard-flame-top-reissue-2002-factory-worn-butterscotch,Gibson,Gibson Custom Shop,Les Paul Standard,,2002,,,,3999.99,,,,reverb,theguitarpit,602222337923743754,,,,,,,,,,,,,,
listed,2026-04-01T21:05:51.346+00:00,https://reverb.com/item/95590937-b-c-rich-usa-mockingbird-black-1983-w-hardshell-case-refret,BC Rich,BC Rich Import,Mockingbird w/Hardshell Case,,1983,,,,3900,,,,reverb,theguitarpit,602222337923743754,,,,,,,,,,,,,,
listed,2026-04-01T21:21:06.04+00:00,https://reverb.com/item/95591128-washburn-5257-solo-1930s-tonk-brothers-acoustic,Washburn,Washburn Import,Solo,,,,,,4799,,,,reverb,shteefe,415010947871277068,,,,,,,,,,,,,,
listed,2026-04-01T22:16:55.79+00:00,https://reverb.com/item/95595639-mint-atkin-l-36-sunburst-baked-sitka-mahogany,Atkin,,L-36,,,,,,3690,,,,reverb,madero,126233894897975296,,,,,,,,,,,,,,
sold,2026-04-01T22:42:21.968+00:00,https://reverb.com/item/95595304-gibson-custom-shop-historic-collection-58-les-paul-standard-flame-top-reissue-2002-factory-worn-butterscotch,Gibson,Gibson Custom Shop,Les Paul Standard,,2002,,,,3999.99,3999.99,,,reverb,theguitarpit,602222337923743754,0.1,,,,,,,,,,,,,
price_changed,2026-04-01T22:42:37.812+00:00,https://reverb.com/item/95591268-prs-nf-53-2025-sprayer-s-choice-ltd-teal-hollowflake-w-prs-hardshell-case,PRS,PRS Core,NF -Sprayer's Choice,,,,,,1499.95,,,,reverb,theguitarpit,602222337923743754,,,,,,,,,,,,,,
sold,2026-04-01T22:43:52.86+00:00,https://reverb.com/item/95554611-guitar-mill-mario-martin-t-style-electric-relic-aged-shoreline-gold,Martin,,Guitar Mill Mario,,,,,Very Good,1349.99,1349.99,,,reverb,theguitarpit,602222337923743754,2,0,176,26,"Pittsburgh, PA, United States",PA,US,0.9801652892561984,2496,true,false,,Shoreline Gold,2026-03-30T23:13:01+00:00
price_changed,2026-04-01T22:44:47.805+00:00,https://reverb.com/item/95519984-1984-guild-x-88-with-case,Guild,Guild Import,X-88 With Case,,,,,Good,1700,,2000,,reverb,theguitarpit,602222337923743754,,0,227,19,"Hixson, TN, United States",TN,US,0.99375,128,false,false,US,Off white,2026-03-29T02:05:25+00:00
sold,2026-04-01T22:45:44.71+00:00,https://reverb.com/item/95495347-mjt-telecaster-body-hh-2026-nitro,MJT,,Telecaster,Hh Nitro,,,,Excellent,350,,,,reverb,David Hume,,5.1,0,,,,,,,,,,,,
listed,2026-04-02T00:17:44.534+00:00,https://www.guitarcenter.com/Used/Pre-war/Used-2024-Pre-war-Slope-Shoulder-45-Sunburst-Acoustic-Guitar.gc?algoliaQueryID=5aa62829afd1089f01a207394e403b41&algoliaIndexName=cD-guitarcenter,,,,,,,,,4999.99,,,,other,greg1213,288303791109963776,,,,,,,,,,,,,,
listed,2026-04-02T00:50:49.827+00:00,https://reverb.com/item/95596296-1957-fender-duo-sonic-vintage-guitar-w-original-case-birdseye-maple-neck,Fender,Squier,Original,,1957,,,,2850,,,,reverb,theguitarpit,602222337923743754,,,,,,,,,,,,,,
listed,2026-04-02T00:50:53.787+00:00,https://reverb.com/item/95595681-prs-paul-s-guitar-10-top-2024-ohsc-paperwork-gorgeous,PRS,PRS Core,RG,,2024,,,,3295,,,,reverb,theguitarpit,602222337923743754,,,,,,,,,,,,,,
listed,2026-04-02T00:55:30.977+00:00,https://reverb.com/item/95598219-prs-mccarty-soapbar-1998-2007-amber,PRS,PRS Core,McCarty,,2003,,,,1900,,,,reverb,theguitarpit,602222337923743754,,,,,,,,,,,,,,
listed,2026-04-02T01:13:10.693+00:00,https://segerguitars.com/seger-guitar-models,Seger,,Guitar Models,,,,,,,,,,other,greg1213,288303791109963776,,,,,,,,,,,,,,
listed,2026-04-02T01:14:41.665+00:00,https://segerguitars.com/skyrat-guitar-model,Seger,,Skyrat Guitar Model,,,,,,,,,,other,greg1213,288303791109963776,,,,,,,,,,,,,,
listed,2026-04-02T01:36:25.807+00:00,https://diabloguitars.com/products/b-c-rich-limited-edition-40th-anniversary-seagull-deluxe-17-of-40-natural-2009-w-ohsc?variant=50132383400240&country=US&currency=USD&gad_source=1&gad_campaignid=20747503825&gbraid=0AAAAAocJT3o-Z3IBIbjfUSEkm9lPQIPMo,BC Rich,,40th Anniversary Seagull,,,,,,3499.99,,,,other,yellowjack6,908889503173857351,,,,,,,,,,,,,,
listed,2026-04-02T01:59:43.86+00:00,https://reverb.com/item/95597298-ibanez-lacs-rg-case-los-angeles-custom-shop,Ibanez,Ibanez LACS,RG,,2016,,,,4800,,,,reverb,theguitarpit,602222337923743754,,,,,,,,,,,,,,
listed,2026-04-02T01:59:47.298+00:00,https://reverb.com/item/93921197-prs-dgt-david-grissom-tremolo-signature-2020-gold-top,PRS,PRS Core,DGT,,,,,,2800,,,,reverb,theguitarpit,602222337923743754,,,,,,,,,,,,,,
listed,2026-04-02T02:21:50.422+00:00,https://reverb.com/item/95586416-2006-b-c-rich-warlock-acrylic-series-transparent-red-electric-guitar-korean-made-with-original-coffin-case,BC Rich,BC Rich Import,Original,,2006,,,,906,,,,reverb,yellowjack6,908889503173857351,,,,,,,,,,,,,,
sold,2026-04-02T02:42:31.368+00:00,https://reverb.com/item/95591128-washburn-5257-solo-1930s-tonk-brothers-acoustic,Washburn,Washburn Import,Solo,,,,,,4799,4799,,,reverb,shteefe,415010947871277068,0.2,,,,,,,,,,,,,
price_changed,2026-04-02T02:42:49.789+00:00,https://reverb.com/item/95591268-prs-nf-53-2025-sprayer-s-choice-ltd-teal-hollowflake-w-prs-hardshell-case,PRS,PRS Core,NF -Sprayer's Choice,,,,,,1499.95,,,,reverb,theguitarpit,602222337923743754,,,,,,,,,,,,,,
sold,2026-04-02T02:43:36.931+00:00,https://reverb.com/item/95572066-ibanez-pia3761-slw-steve-vai-signature-2020-present-stallion-white,Ibanez,Ibanez J.Custom,PIA3761-SLW Steve Vai,Signature,,,,Excellent,2485,2485,,,reverb,theguitarpit,602222337923743754,1.2,2,123,28,"Lancing, TN, United States",TN,US,1,70,false,false,JP,Stallion White,2026-03-31T20:53:48+00:00
price_changed,2026-04-02T02:43:46.034+00:00,https://reverb.com/item/95558873-shabat-lion-deluxe-mahogany-neck-and-body-black,Lollar,,SHABAT Lion Deluxe,,,,,Brand New,5319,,5354.46,,reverb,madero,126233894897975296,,0,170,4,"Mons, Belgium",WAL,BE,0.9878787878787879,771,true,false,GB,,2026-03-31T11:53:49+00:00
price_changed,2026-04-02T02:43:48.356+00:00,https://reverb.com/en-pt/item/91114676-fender-custom-shop-57-reissue-stratocaster-relic-aged-fiesta-red,Fender,Fender Custom Shop,Stratocaster,Custom Shop Reissue,,,,Brand New,3684,,5668,Muziekhandel Oudenaarde ,reverb,tsukuyominoryuu,1103673799666311320,,0,421,13,"Oudenaarde, Belgium",VLG,BE,0.9632183908045977,1718,false,false,US,,2025-06-24T15:11:57+00:00
price_changed,2026-04-02T02:44:20.458+00:00,https://reverb.com/item/95536468-shabat-guitars-lion-ii-vintage-white-018-03-30,Vintage,,018,,,,,Good,2509,,2527.63,,reverb,madero,126233894897975296,,0,156,7,"Chiyoda-ku, Japan",TOKYO,JP,0.9746835443037974,4427,true,false,,,2026-03-30T04:41:29+00:00
price_changed,2026-04-02T02:44:22.744+00:00,https://reverb.com/item/95273983-b-c-rich-warlock-kkv-kerry-king-signature,BC Rich,BC Rich Import,Warlock KKV Kerry,Signature,,,,Good,414,,417.18,,reverb,wontongg,214444614189449226,,0,247,11,"Largs, United Kingdom",,GB,1,5,false,false,KR,Black with Tribal Graphic,2026-03-21T17:18:30+00:00
price_changed,2026-04-02T02:45:04.043+00:00,https://reverb.com/item/95518332-patrick-james-eggle-macon-special-2025-flame-top-mojo-tone,Patrick James Eggle,,Macon Special Flame,,,,,Excellent,2659,,2799,,reverb,greg1213,288303791109963776,,1,240,18,"calabasas, CA, United States",CA,US,1,604,true,false,GB,,2026-03-28T23:01:04+00:00
price_changed,2026-04-02T02:45:29.144+00:00,https://reverb.com/item/94896973-epiphone-gothic-series-sg-2002-infernal-beauty-by-mr-decor-one-of-a-kind-art,Epiphone,Epiphone,SG,,,,,Excellent,1323.31,,,,reverb,WontonGG,,,0,,,,,,,,,,,,
price_changed,2026-04-02T02:45:56.815+00:00,https://reverb.com/item/95489696-patrick-james-eggle-macon-single-cut-carved-top-2021,Patrick James Eggle,,Single Cut,,,,,Very Good,5521.8,,5533.75,,reverb,WontonGG,,,0,,,,,,,,,,,,
price_changed,2026-04-02T02:46:15.524+00:00,https://reverb.com/item/94215529-fractal-audio-ax8,,,,,,,,Good,668.31,,672.36,,reverb,HanSwolo,,,2,,,,,,,,,,,,
sold,2026-04-02T02:46:42.28+00:00,https://www.guitarcenter.com/Used/Pre-war/Used-2024-Pre-war-Slope-Shoulder-45-Sunburst-Acoustic-Guitar.gc?algoliaQueryID=5aa62829afd1089f01a207394e403b41&algoliaIndexName=cD-guitarcenter,,,,,,,,,4999.99,,,,other,greg1213,288303791109963776,0.1,,,,,,,,,,,,,
listed,2026-04-02T03:08:44.118+00:00,https://reverb.com/item/95598769-waterloo-by-collings-guitars-wl-14-scissortail-parlor-2017-2018-pristine-with-gorgeous-grain,Collings,Collings,RG,,,,,,2850,,,,reverb,madero,126233894897975296,,,,,,,,,,,,,,
listed,2026-04-02T03:15:30.537+00:00,https://reverb.com/item/95596636-b-c-rich-bcrsk3-two-sets-of-3-skull-knobs-new-2006-chrome,BC Rich,,BCRSK3 Two sets,,2006,,,,26,,,,reverb,yellowjack6,908889503173857351,,,,,,,,,,,,,,
listed,2026-04-02T03:48:18.026+00:00,https://reverb.com/item/95598559-dean-usa-cadillac-time-capsule-2026-trans-cherry,Dean,,Cadillac Time Capsule,,2026,,,,4599,,,,reverb,shteefe,415010947871277068,,,,,,,,,,,,,,
listed,2026-04-02T04:52:25.782+00:00,https://tenor.com/view/no-calling-nope-telephone-whos-this-gif-17539920,,,,,,,,,,,,,other,yellowjack6,908889503173857351,,,,,,,,,,,,,,
listed,2026-04-02T06:38:51.812+00:00,https://reverb.com/item/95600171-duesenberg-alliance-jeff-darosa-signature-senior-2021-catalina-green-burst,Duesenberg,Duesenberg,Alliance Jeff DaRosa,,2021,,,,2200,,,,reverb,theguitarpit,602222337923743754,,,,,,,,,,,,,,
listed,2026-04-02T06:38:51.812+00:00,https://reverb.com/item/95599784-rare-prs-dustie-waring-signature-ce-24-hardtail-2023-present-gray-black-wrap,PRS,PRS CE,CE 24,,,,,,1975,,,,reverb,theguitarpit,602222337923743754,,,,,,,,,,,,,,
listed,2026-04-02T06:38:51.812+00:00,https://reverb.com/item/95600385-bilt-relevator-ls,Bilt,Bilt,Relevator LS,,,,,,2500,,,,reverb,theguitarpit,602222337923743754,,,,,,,,,,,,,,
price_changed,2026-04-02T06:45:12.864+00:00,https://reverb.com/item/95518332-patrick-james-eggle-macon-special-2025-flame-top-mojo-tone,Patrick James Eggle,,Macon Special Flame,,,,,Excellent,2659,,2799,,reverb,greg1213,288303791109963776,,1,240,18,"calabasas, CA, United States",CA,US,1,604,true,false,GB,,2026-03-28T23:01:04+00:00
listed,2026-04-02T08:20:46.08+00:00,https://jordanguitars.co.uk/products/2021-prs-wood-library-mccarty-594-brazilian-champagne-gold-metallic,PRS,PRS Core,McCarty 594,,,,,,5116.13,,,,other,kfw3e52zckdda9g8tgqaonzw5mqcqmzm,1332493343006920741,,,,,,,,,,,,,,
listed,2026-04-02T08:46:18.682+00:00,https://tenor.com/view/cool-80s-japan-eric-clapton-guitarist-gif-13984812,,,,,,,,,,,,,other,tsukuyominoryuu,1103673799666311320,,,,,,,,,,,,,,
listed,2026-04-02T13:21:16.539+00:00,https://musicgoround.com/locations/littleton-co/product/S000204988/Mojotone-Brownface-Vibroverb,Mojotone,,Brownface Vibroverb Tube,,,,,,899.98,,,,other,greg1213,288303791109963776,,,,,,,,,,,,,,
listed,2026-04-02T13:40:20.68+00:00,https://reverb.com/item/95352386-fender-custom-vibrolux-reverb-40-watt-2x10-guitar-combo-1996-2013-black,Fender,Fender USA,"""""""Custom"""" Vibrolux Reverb""",,,,,,800,,,,reverb,greg1213,288303791109963776,,,,,,,,,,,,,,
listed,2026-04-02T13:57:03.521+00:00,https://reverb.com/item/95602437-b-c-rich-gunslinger-2021-candy-red,BC Rich,BC Rich USA Custom Shop,Gunslinger Candy,,2021,,,,2000,,,,reverb,yellowjack6,908889503173857351,,,,,,,,,,,,,,
listed,2026-04-02T14:30:05.204+00:00,https://reverb.com/item/93207957-1978-greco-ex-800-explorer-destroyer-2459-made-in-fujigen-japan-w-super-real-case-mij,FGN,,Explorer,,1978,,,,3850,,,,reverb,wontongg,214444614189449226,,,,,,,,,,,,,,
listed,2026-04-02T14:40:05.872+00:00,https://reverb.com/item/94723950-esp-holy-grail-guitar-neck-1985-banana,ESP,ESP Original,"""""""Holy Grail"""" Guitar""",,1985,,,,1649,,,,reverb,wontongg,214444614189449226,,,,,,,,,,,,,,
sold,2026-04-02T14:43:07.426+00:00,https://reverb.com/item/95592609-preowned-suhr-pete-thorn-signature-standard-hss-in-graphite-metallic,Suhr,Suhr,Standard,,2024,,,,2795,2795,,,reverb,theguitarpit,602222337923743754,0.8,,,,,,,,,,,,,
sold,2026-04-02T14:46:39.493+00:00,https://musicgoround.com/locations/littleton-co/product/S000204988/Mojotone-Brownface-Vibroverb,Mojotone,,Brownface Vibroverb Tube,,,,,,899.98,,,,other,greg1213,288303791109963776,0.1,,,,,,,,,,,,,
listed,2026-04-02T14:57:24.507+00:00,https://www.guitarcenter.com/Used/Fender/Vintage-Vintage-1979-Fender-Vibrolux-Reverb-Tube-Guitar-Combo-Amp-120428325.gc?source=4WWRWXGP&utm_id=17760434861&utm_creative=&utm_marketing_tactic=amp-effect&gad_source=1&gad_campaignid=17760435761&gbraid=0AAAAADtcCuz-lyc-qvVOI5f4pFuX95ENL,Fender,,Vibrolux Reverb Tube,,,,,,1099.99,,,,other,greg1213,288303791109963776,,,,,,,,,,,,,,
listed,2026-04-02T15:09:39.11+00:00,https://reverb.com/item/87267056-esp-m-iii-white-sparkle-made-in-japan-1998,ESP,ESP Custom Shop,M-II,,1998,,,,4029,,,,reverb,wontongg,214444614189449226,,,,,,,,,,,,,,
listed,2026-04-02T15:14:19.507+00:00,https://reverb.com/item/95600741-cort-kx700tt-true-temperament-limited-edition,Cort,,KX700TT True Temperament,,,,,,2299,,,,reverb,theguitarpit,602222337923743754,,,,,,,,,,,,,,
listed,2026-04-02T15:14:42.652+00:00,https://reverb.com/item/95600297-greco-eg-single-cutaway-custom-1981-ebony-with-gold-hardware,Greco,,Single Cut,,1981,,,,1300,,,,reverb,theguitarpit,602222337923743754,,,,,,,,,,,,,,
listed,2026-04-02T15:16:33.473+00:00,https://reverb.com/item/95602505-suhr-suhr-pro-series-s3-flame-maple-top-2012-charcoal-burst,Suhr,Suhr,Pro Series,,2012,,,,2150,,,,reverb,theguitarpit,602222337923743754,,,,,,,,,,,,,,
listed,2026-04-02T15:16:33.473+00:00,https://reverb.com/item/95570389-1984-schecter-usa-van-nuys-telecaster-natural-w-case-very-good-free-shipping,Schecter,Schecter USA Custom Shop,Telecaster,,1984,,,,2349,,,,reverb,theguitarpit,602222337923743754,,,,,,,,,,,,,,
listed,2026-04-02T15:21:22.076+00:00,https://reverb.com/item/95014024-1988-charvel-model-6-burgundy-mist-w-case-free-shipping,Charvel,Charvel USA,RG,,1988,,,,1700,,,,reverb,wontongg,214444614189449226,,,,,,,,,,,,,,
listed,2026-04-02T15:21:50.02+00:00,https://reverb.com/item/92183710-obstructures-0-75b-aluminum-guitar-in-anodized-aluminum-w-hard-case-excellent-free-shipping,Obstructures,,0.75b Aluminum Guitar,,,,,,3349,,,,reverb,wontongg,214444614189449226,,,,,,,,,,,,,,
listed,2026-04-02T15:44:26.426+00:00,https://reverb.com/item/94122575-mesa-boogie-fillmore-25-2-channel-23-watt-guitar-amp-head-2018-present-various,Mesa Boogie,,Fillmore 2-Channel 23-Watt,,,,,,850,,,,reverb,greg1213,288303791109963776,,,,,,,,,,,,,,
listed,2026-04-02T16:48:15.383+00:00,https://thespraysource.com/products/coastal-colorshift-spray-can?variant=39750746407030&country=US&currency=USD&utm_agid=&creative=&device=m&placement=&gad_source=1&gad_campaignid=21807727401&gbraid=0AAAAAoaT78N-YBTEvyLqzSes3gFl7vet2,,,,,,,,,37.99,,,,other,greg1213,288303791109963776,,,,,,,,,,,,,,
listed,2026-04-02T16:48:15.383+00:00,https://thespraysource.com/products/coastal-colorshift-spray-can?variant=39750746407030&country=US&currency=USD&utm_agid=&creative=&device=m&placement=&gad_source=1&gad_campaignid=21807727401&gbraid=0AAAAAoaT78N-YBTEvyLqzSes3gFl7vet2,,,,,,,,,37.99,,,,other,greg1213,288303791109963776,,,,,,,,,,,,,,
listed,2026-04-02T17:11:52.854+00:00,https://reverb.com/item/95605918-1963-fender-jaguar-punchy-and-full-of-character-249,Fender,Fender Custom Shop,Jaguar,,1963,,,,4700,,,,reverb,shteefe,415010947871277068,,,,,,,,,,,,,,
listed,2026-04-02T17:50:33.843+00:00,https://reverb.com/item/95606269-1965-fender-jaguar-100-original-blonde-finish-252,Fender,Fender Custom Shop,Jaguar,,1965,,,,8000,,,,reverb,greg1213,288303791109963776,,,,,,,,,,,,,,
sold,2026-04-02T17:56:08.323+00:00,https://reverb.com/item/95598219-prs-mccarty-soapbar-1998-2007-amber,PRS,PRS Core,McCarty,,2003,,,,1900,1700,,,reverb,theguitarpit,602222337923743754,0.7,,,,,,,,,,,,,
price_changed,2026-04-02T17:56:19.644+00:00,https://reverb.com/item/95595349-ibanez-2618-av-artist-1977-1979-antique-violin,Ibanez,Ibanez Prestige,Artist 1977,,,,,,1044,,,,reverb,theguitarpit,602222337923743754,,,,,,,,,,,,,,
sold,2026-04-02T17:56:31.188+00:00,https://reverb.com/item/95591268-prs-nf-53-2025-sprayer-s-choice-ltd-teal-hollowflake-w-prs-hardshell-case,PRS,PRS Core,NF -Sprayer's Choice,,,,,,1499.95,1499.95,,,reverb,theguitarpit,602222337923743754,0.9,,,,,,,,,,,,,
listed,2026-04-02T17:57:07.286+00:00,https://www.philadelphialuthiertools.com/luthier-tools/measuring-tools/high-fret-finder-will-rock-on-high-low-frets,,,Les Paul,,,,,,10.49,,,,other,madero,126233894897975296,,,,,,,,,,,,,,
sold,2026-04-02T17:59:53.185+00:00,https://www.guitarcenter.com/Used/Fender/Vintage-Vintage-1979-Fender-Vibrolux-Reverb-Tube-Guitar-Combo-Amp-120428325.gc?source=4WWRWXGP&utm_id=17760434861&utm_creative=&utm_marketing_tactic=amp-effect&gad_source=1&gad_campaignid=17760435761&gbraid=0AAAAADtcCuz-lyc-qvVOI5f4pFuX95ENL,Fender,,Vibrolux Reverb Tube,,,,,,1099.99,,,,other,greg1213,288303791109963776,0.1,,,,,,,,,,,,,
listed,2026-04-02T18:29:18.086+00:00,https://reverb.com/item/95607579-prs-limited-edition-herman-li-signature-chleo-100-pieces-worldwide-charcoal-purple-burst,PRS,PRS Private Stock,Herman Li Chleo,,,,,,8057,,,,reverb,theguitarpit,602222337923743754,,,,,,,,,,,,,,
listed,2026-04-02T18:29:18.086+00:00,https://reverb.com/item/95607579-prs-limited-edition-herman-li-signature-chleo-100-pieces-worldwide-charcoal-purple-burst,PRS,PRS Private Stock,Herman Li Chleo,,,,,,8057,,,,reverb,theguitarpit,602222337923743754,,,,,,,,,,,,,,
listed,2026-04-02T18:30:02.563+00:00,https://reverb.com/item/95607576-prs-silver-sky-john-mayer-signature-dead-spec-2024-moc-sand-satin-nitro,PRS,PRS Core,Silver Sky,,2024,,,,3850,,,,reverb,theguitarpit,602222337923743754,,,,,,,,,,,,,,
listed,2026-04-02T18:30:02.563+00:00,https://reverb.com/item/95607576-prs-silver-sky-john-mayer-signature-dead-spec-2024-moc-sand-satin-nitro,PRS,PRS Core,Silver Sky,,2024,,,,3850,,,,reverb,theguitarpit,602222337923743754,,,,,,,,,,,,,,
listed,2026-04-02T18:40:02.227+00:00,https://reverb.com/uk/item/95103383-kiesel-zeus-multi-8-one-off-employee-build-gold-on-gold-must-see,Kiesel,Kiesel / Carvin,Zeus Multi one,,2023,,,,4300,,,,reverb,theguitarpit,602222337923743754,,,,,,,,,,,,,,
listed,2026-04-02T19:08:37.953+00:00,https://reverb.com/shop/jma-effects,,,,,,,,,,,,,reverb,lotuckyfriedchicken,1181968746856857673,,,,,,,,,,,,,,
listed,2026-04-02T19:08:37.953+00:00,https://reverb.com/shop/jma-effects,,,,,,,,,,,,,reverb,lotuckyfriedchicken,1181968746856857673,,,,,,,,,,,,,,
listed,2026-04-02T19:08:37.953+00:00,https://reverb.com/shop/jma-effects,,,,,,,,,,,,,reverb,lotuckyfriedchicken,1181968746856857673,,,,,,,,,,,,,,
listed,2026-04-02T19:08:37.953+00:00,https://reverb.com/shop/jma-effects,,,,,,,,,,,,,reverb,lotuckyfriedchicken,1181968746856857673,,,,,,,,,,,,,,
listed,2026-04-02T19:08:37.953+00:00,https://reverb.com/shop/jma-effects,,,,,,,,,,,,,reverb,lotuckyfriedchicken,1181968746856857673,,,,,,,,,,,,,,
listed,2026-04-02T19:08:37.953+00:00,https://reverb.com/shop/jma-effects,,,,,,,,,,,,,reverb,lotuckyfriedchicken,1181968746856857673,,,,,,,,,,,,,,
sold,2026-04-02T19:20:16.275+00:00,https://reverb.com/item/95598559-dean-usa-cadillac-time-capsule-2026-trans-cherry,Dean,,Cadillac Time Capsule,,2026,,,,4599,4599,,,reverb,shteefe,415010947871277068,0.6,,,,,,,,,,,,,
sold,2026-04-02T19:20:29.804+00:00,https://reverb.com/item/95598219-prs-mccarty-soapbar-1998-2007-amber,PRS,PRS Core,McCarty,,2003,,,,1900,1700,,,reverb,theguitarpit,602222337923743754,0.8,,,,,,,,,,,,,
price_changed,2026-04-02T19:20:41.148+00:00,https://reverb.com/item/95595349-ibanez-2618-av-artist-1977-1979-antique-violin,Ibanez,Ibanez Prestige,Artist 1977,,,,,,1044,,,,reverb,theguitarpit,602222337923743754,,,,,,,,,,,,,,
sold,2026-04-02T19:20:52.503+00:00,https://reverb.com/item/95591268-prs-nf-53-2025-sprayer-s-choice-ltd-teal-hollowflake-w-prs-hardshell-case,PRS,PRS Core,NF -Sprayer's Choice,,,,,,1499.95,1499.95,,,reverb,theguitarpit,602222337923743754,1,,,,,,,,,,,,,
listed,2026-04-02T19:24:07.974+00:00,https://reverb.com/item/95608762-prs-2010-custom-24-10-top-in-dark-cherry-sunburst,PRS,PRS Core,Custom 24,,2010,,,,2199,,,,reverb,theguitarpit,602222337923743754,,,,,,,,,,,,,,
sold,2026-04-02T19:24:11.016+00:00,https://www.guitarcenter.com/Used/Fender/Vintage-Vintage-1979-Fender-Vibrolux-Reverb-Tube-Guitar-Combo-Amp-120428325.gc?source=4WWRWXGP&utm_id=17760434861&utm_creative=&utm_marketing_tactic=amp-effect&gad_source=1&gad_campaignid=17760435761&gbraid=0AAAAADtcCuz-lyc-qvVOI5f4pFuX95ENL,Fender,,Vibrolux Reverb Tube,,,,,,1099.99,,,,other,greg1213,288303791109963776,0.2,,,,,,,,,,,,,
sold,2026-04-02T19:30:33.293+00:00,https://reverb.com/item/95598559-dean-usa-cadillac-time-capsule-2026-trans-cherry,Dean,,Cadillac Time Capsule,,2026,,,,4599,4599,,,reverb,shteefe,415010947871277068,0.7,,,,,,,,,,,,,
sold,2026-04-02T19:30:48.74+00:00,https://reverb.com/item/95598219-prs-mccarty-soapbar-1998-2007-amber,PRS,PRS Core,McCarty,,2003,,,,1900,1700,,,reverb,theguitarpit,602222337923743754,0.8,,,,,,,,,,,,,
price_changed,2026-04-02T19:31:00.184+00:00,https://reverb.com/item/95595349-ibanez-2618-av-artist-1977-1979-antique-violin,Ibanez,Ibanez Prestige,Artist 1977,,,,,,1044,,,,reverb,theguitarpit,602222337923743754,,,,,,,,,,,,,,
sold,2026-04-02T19:31:11.638+00:00,https://reverb.com/item/95591268-prs-nf-53-2025-sprayer-s-choice-ltd-teal-hollowflake-w-prs-hardshell-case,PRS,PRS Core,NF -Sprayer's Choice,,,,,,1499.95,1499.95,,,reverb,theguitarpit,602222337923743754,1,,,,,,,,,,,,,
listed,2026-04-02T19:34:09.766+00:00,https://reverb.com/item/95607132-fender-stratocaster-1963-aged-sonic-blue-nitrocellulous,Fender,Squier,Stratocaster,,1963,,,,6700,,,,reverb,shteefe,415010947871277068,,,,,,,,,,,,,,
listed,2026-04-02T19:34:09.766+00:00,https://reverb.com/item/95607132-fender-stratocaster-1963-aged-sonic-blue-nitrocellulous,Fender,Squier,Stratocaster,,1963,,,,6700,,,,reverb,shteefe,415010947871277068,,,,,,,,,,,,,,
sold,2026-04-02T19:34:27.726+00:00,https://www.guitarcenter.com/Used/Fender/Vintage-Vintage-1979-Fender-Vibrolux-Reverb-Tube-Guitar-Combo-Amp-120428325.gc?source=4WWRWXGP&utm_id=17760434861&utm_creative=&utm_marketing_tactic=amp-effect&gad_source=1&gad_campaignid=17760435761&gbraid=0AAAAADtcCuz-lyc-qvVOI5f4pFuX95ENL,Fender,,Vibrolux Reverb Tube,,,,,,1099.99,,,,other,greg1213,288303791109963776,0.2,,,,,,,,,,,,,
sold,2026-04-02T19:42:51.128+00:00,https://reverb.com/item/95607132-fender-stratocaster-1963-aged-sonic-blue-nitrocellulous,Fender,Squier,Stratocaster,,1963,,,,6700,6700,,,reverb,shteefe,415010947871277068,0,,,,,,,,,,,,,
sold,2026-04-02T19:43:02.435+00:00,https://reverb.com/item/94122575-mesa-boogie-fillmore-25-2-channel-23-watt-guitar-amp-head-2018-present-various,Mesa Boogie,,Fillmore 2-Channel 23-Watt,,,,,,850,850,,,reverb,greg1213,288303791109963776,0.2,,,,,,,,,,,,,
fake_removed,2026-04-02T20:01:53.396+00:00,https://slickdeals.net/f/19367757-prs-se-custom-24-exclusive-orange-tiger-smokeburst-649-95,PRS,PRS Core,Custom 24,,,,,,158,,,,deals,theguitarpit,602222337923743754,1.5,,,,,,,,,,,,,
fake_removed,2026-04-02T20:05:21.18+00:00,https://www.guitarcenter.com/Used/Fender/Vintage-Vintage-1979-Fender-Vibrolux-Reverb-Tube-Guitar-Combo-Amp-120428325.gc?source=4WWRWXGP&utm_id=17760434861&utm_creative=&utm_marketing_tactic=amp-effect&gad_source=1&gad_campaignid=17760435761&gbraid=0AAAAADtcCuz-lyc-qvVOI5f4pFuX95ENL,Fender,,Vibrolux Reverb Tube,,,,,,1099.99,,,,other,greg1213,288303791109963776,0.2,,,,,,,,,,,,,
fake_removed,2026-04-02T20:05:21.186+00:00,https://reverb.com/item/95575038-fender-mustang-1965,Fender,,Mustang,,,1965,true,Good,1799,,,,reverb,madero,126233894897975296,1.9,1,,,,,,,,,,,,
listed,2026-04-02T20:47:23.328+00:00,https://reverb.com/item/95433277-2001-b-c-rich-virgin-jm180-mij-neck-thru-w-emg-81-schaller-trem-gotoh-tuners,B.C. Rich,,JM180,Mij,,,,Very Good,2199.99,,,,reverb,YellowJack6,,,0,,,,,,,,,,,,
listed,2026-04-02T20:56:07.76+00:00,https://www.guitarcenter.com/Used/Tom-Anderson/Used-2013-Tom-Anderson-Crowdster-Plus-Natural-Solid-Body-Electric-Guitar.gc?algoliaQueryID=b171d3d188e72b6ce03d45a3a8d706dc&algoliaIndexName=cD-guitarcenter,Anderson,,Crowdster Plus Solid,,,,,,2899.99,,,,other,greg1213,288303791109963776,,,,,,,,,,,,,,
listed,2026-04-02T20:56:45.202+00:00,https://reverb.com/item/95609454-used-2025-fender-richie-kotzen-stratocaster-transparent-white-burst-w-dimarzio-pickupa-jd24030169,Fender,Fender USA,Stratocaster,,2025,,,,1089,,,,reverb,theguitarpit,602222337923743754,,,,,,,,,,,,,,
listed,2026-04-02T20:57:03.186+00:00,https://reverb.com/item/95610178-larose-180-degree,Larose,,180 Degree,,,,,,3299,,,,reverb,theguitarpit,602222337923743754,,,,,,,,,,,,,,
listed,2026-04-02T20:57:12.9+00:00,https://reverb.com/item/95610311-1957-fender-stratocaster,Fender,Fender Custom Shop,Stratocaster,,,,,,51500,,,,reverb,theguitarpit,602222337923743754,,,,,,,,,,,,,,
listed,2026-04-02T21:09:14.902+00:00,https://reverb.com/item/93642692-castedosa-guitars-halcon-baritone-aged-brown-sparkle-451,Castedosa,Castedosa,Guitars Halcón Baritone,,,,,,12280,,,,reverb,theguitarpit,602222337923743754,,,,,,,,,,,,,,
listed,2026-04-02T21:09:14.902+00:00,https://reverb.com/item/95610126-castedosa-guitars-abi,Castedosa,,Guitars ABI,,,,,,6241,,,,reverb,theguitarpit,602222337923743754,,,,,,,,,,,,,,
listed,2026-04-02T21:09:14.902+00:00,https://reverb.com/item/93805069-castedosa-guitars-marianna-solid-body-aged-shoreline-gold-natural-mastery-bridge-vibrato-new-authorized-dealer,Castedosa,,Guitars Marianna Solid,,,,,,7395,,,,reverb,theguitarpit,602222337923743754,,,,,,,,,,,,,,
listed,2026-04-02T21:09:38.642+00:00,https://reverb.com/item/95607421-schecter-jl-7-cygnus-jeff-loomis-signature-7-string-rare,Schecter,Schecter Korea,JL Cygnus jeff,,2016,,,,3204,,,,reverb,wontongg,214444614189449226,,,,,,,,,,,,,,
listed,2026-04-02T22:50:18.048+00:00,https://reverb.com/item/95613284-fender-custom-shop-american-custom-tele-nos-rw-charcoal-frost-metallic,Fender,Fender Custom Shop,Telecaster,,2023,,,,3600,,,,reverb,theguitarpit,602222337923743754,,,,,,,,,,,,,,
listed,2026-04-02T23:16:44.636+00:00,https://reverb.com/item/95610091-gibson-dobrolektric-2000-s-orange-sunburst,Gibson,Gibson USA,Dobrolektric 2000’s Orange,,,,,,1300,,,,reverb,greg1213,288303791109963776,,,,,,,,,,,,,,
sold,2026-04-02T23:17:57.748+00:00,https://reverb.com/item/95146208-epiphone-gt-special-model-matt-black,Epiphone,Epiphone,GT Special Model,,,,,,165,165,,,reverb,theguitarpit,602222337923743754,1.1,,,,,,,,,,,,,
price_changed,2026-04-02T23:19:37.527+00:00,https://reverb.com/item/95607421-schecter-jl-7-cygnus-jeff-loomis-signature-7-string-rare,Schecter,Schecter Korea,JL Cygnus jeff,,2016,,,,3204,,,,reverb,wontongg,214444614189449226,,,,,,,,,,,,,,
price_changed,2026-04-02T23:20:18.866+00:00,https://reverb.com/item/87267056-esp-m-iii-white-sparkle-made-in-japan-1998,ESP,ESP Custom Shop,M-II,,1998,,,,4029,,,,reverb,wontongg,214444614189449226,,,,,,,,,,,,,,
price_changed,2026-04-02T23:20:21.142+00:00,https://reverb.com/item/94723950-esp-holy-grail-guitar-neck-1985-banana,ESP,ESP Original,"""""""Holy Grail"""" Guitar""",,1985,,,,1649,,,,reverb,wontongg,214444614189449226,,,,,,,,,,,,,,
price_changed,2026-04-02T23:20:23.424+00:00,https://reverb.com/item/93207957-1978-greco-ex-800-explorer-destroyer-2459-made-in-fujigen-japan-w-super-real-case-mij,FGN,,Explorer,,1978,,,,3850,,,,reverb,wontongg,214444614189449226,,,,,,,,,,,,,,
price_changed,2026-04-02T23:22:27.116+00:00,https://reverb.com/item/95558873-shabat-lion-deluxe-mahogany-neck-and-body-black,Lollar,,SHABAT Lion Deluxe,,,,,Brand New,5319,,5354.46,,reverb,madero,126233894897975296,,0,170,4,"Mons, Belgium",WAL,BE,0.9878787878787879,771,true,false,GB,,2026-03-31T11:53:49+00:00
price_changed,2026-04-02T23:22:29.464+00:00,https://reverb.com/en-pt/item/91114676-fender-custom-shop-57-reissue-stratocaster-relic-aged-fiesta-red,Fender,Fender Custom Shop,Stratocaster,Custom Shop Reissue,,,,Brand New,3684,,5668,Muziekhandel Oudenaarde ,reverb,tsukuyominoryuu,1103673799666311320,,0,421,13,"Oudenaarde, Belgium",VLG,BE,0.9632183908045977,1718,false,false,US,,2025-06-24T15:11:57+00:00
sold,2026-04-02T23:22:38.635+00:00,https://reverb.com/item/95077476-pete-cornish-ss-3-battery-free-overdrive-2010s-black-white,Cornish,,Pete SS-3 Battery-Free,,,,,Excellent,600,600,,,reverb,shteefe,415010947871277068,18.3,5,196,24,"Christiansted, VI, United States",VI,US,1,107,false,false,,Black/White,2026-03-15T15:30:49+00:00
price_changed,2026-04-02T23:23:17.482+00:00,https://reverb.com/item/95536468-shabat-guitars-lion-ii-vintage-white-018-03-30,Vintage,,018,,,,,Good,2509,,2527.63,,reverb,madero,126233894897975296,,0,156,7,"Chiyoda-ku, Japan",TOKYO,JP,0.9746835443037974,4427,true,false,,,2026-03-30T04:41:29+00:00
price_changed,2026-04-02T23:23:26.545+00:00,https://reverb.com/item/95273983-b-c-rich-warlock-kkv-kerry-king-signature,BC Rich,BC Rich Import,Warlock KKV Kerry,Signature,,,,Good,414,,417.18,,reverb,wontongg,214444614189449226,,0,247,11,"Largs, United Kingdom",,GB,1,5,false,false,KR,Black with Tribal Graphic,2026-03-21T17:18:30+00:00
price_changed,2026-04-02T23:25:01.996+00:00,https://reverb.com/item/94896973-epiphone-gothic-series-sg-2002-infernal-beauty-by-mr-decor-one-of-a-kind-art,Epiphone,Epiphone,SG,,,,,Excellent,1323.31,,,,reverb,WontonGG,,,0,,,,,,,,,,,,
price_changed,2026-04-02T23:25:41.844+00:00,https://reverb.com/item/95489696-patrick-james-eggle-macon-single-cut-carved-top-2021,Patrick James Eggle,,Single Cut,,,,,Very Good,5521.8,,5533.75,,reverb,WontonGG,,,0,,,,,,,,,,,,
sold,2026-04-02T23:25:45.339+00:00,https://www.guitarcenter.com/Used/Tom-Anderson/Used-2013-Tom-Anderson-Crowdster-Plus-Natural-Solid-Body-Electric-Guitar.gc?algoliaQueryID=b171d3d188e72b6ce03d45a3a8d706dc&algoliaIndexName=cD-guitarcenter,Anderson,,Crowdster Plus Solid,,,,,,2899.99,,,,other,greg1213,288303791109963776,0.1,,,,,,,,,,,,,
price_changed,2026-04-02T23:39:22.595+00:00,https://reverb.com/item/95610091-gibson-dobrolektric-2000-s-orange-sunburst,Gibson,Gibson USA,Dobrolektric 2000’s Orange,,,,,,1300,,,,reverb,greg1213,288303791109963776,,,,,,,,,,,,,,
price_changed,2026-04-02T23:39:27.12+00:00,https://reverb.com/item/95607421-schecter-jl-7-cygnus-jeff-loomis-signature-7-string-rare,Schecter,Schecter Korea,JL Cygnus jeff,,2016,,,,3204,,,,reverb,wontongg,214444614189449226,,,,,,,,,,,,,,
price_changed,2026-04-02T23:40:05.836+00:00,https://reverb.com/item/87267056-esp-m-iii-white-sparkle-made-in-japan-1998,ESP,ESP Custom Shop,M-II,,1998,,,,4029,,,,reverb,wontongg,214444614189449226,,,,,,,,,,,,,,
price_changed,2026-04-02T23:40:10.35+00:00,https://reverb.com/item/93207957-1978-greco-ex-800-explorer-destroyer-2459-made-in-fujigen-japan-w-super-real-case-mij,FGN,,Explorer,,1978,,,,3850,,,,reverb,wontongg,214444614189449226,,,,,,,,,,,,,,
price_changed,2026-04-02T23:40:24.015+00:00,https://reverb.com/item/95596636-b-c-rich-bcrsk3-two-sets-of-3-skull-knobs-new-2006-chrome,BC Rich,,BCRSK3 Two sets,,2006,,,,26,,,,reverb,yellowjack6,908889503173857351,,,,,,,,,,,,,,
price_changed,2026-04-02T23:40:42.19+00:00,https://reverb.com/item/95590937-b-c-rich-usa-mockingbird-black-1983-w-hardshell-case-refret,BC Rich,BC Rich Import,Mockingbird w/Hardshell Case,,1983,,,,3900,,,,reverb,theguitarpit,602222337923743754,,,,,,,,,,,,,,
price_changed,2026-04-02T23:40:46.852+00:00,https://reverb.com/item/94838766-prs-standard-24-satin-pearl-white-2025-w-ohsc,PRS,PRS Core,Standard,,2025,,,,2500,,,,reverb,wontongg,214444614189449226,,,,,,,,,,,,,,
price_changed,2026-04-02T23:40:49.13+00:00,https://reverb.com/item/94975650-gibson-sg-les-paul-custom-1963-reissue-2024,Gibson,Gibson USA,Les Paul Custom,,2024,,,,4300,,,,reverb,yellowjack6,908889503173857351,,,,,,,,,,,,,,
price_changed,2026-04-02T23:41:25.573+00:00,https://reverb.com/item/95580585-gibson-flying-v-antique-natural-w-hsc,Gibson,Gibson USA,Flying V,,,,,,1400,,,,reverb,theguitarpit,602222337923743754,,,,,,,,,,,,,,
price_changed,2026-04-02T23:41:32.399+00:00,https://reverb.com/item/95574367-hamer-usa-centaura-1990-iridescent-swirl,Hamer,Hamer USA Vintage,Centaura Iridescent Swirl,Usa,,,,Good,1600,,,,reverb,theguitarpit,602222337923743754,,0,242,21,"Spokane, WA, United States",WA,US,0.9846153846153847,2926,true,false,US,Iridescent Swirl,2026-03-31T22:03:32+00:00
price_changed,2026-04-02T23:41:43.732+00:00,https://reverb.com/item/95558873-shabat-lion-deluxe-mahogany-neck-and-body-black,Lollar,,SHABAT Lion Deluxe,,,,,Brand New,5319,,5354.46,,reverb,madero,126233894897975296,,0,170,4,"Mons, Belgium",WAL,BE,0.9878787878787879,771,true,false,GB,,2026-03-31T11:53:49+00:00
price_changed,2026-04-02T23:41:46.019+00:00,https://reverb.com/en-pt/item/91114676-fender-custom-shop-57-reissue-stratocaster-relic-aged-fiesta-red,Fender,Fender Custom Shop,Stratocaster,Custom Shop Reissue,,,,Brand New,3684,,5668,Muziekhandel Oudenaarde ,reverb,tsukuyominoryuu,1103673799666311320,,0,421,13,"Oudenaarde, Belgium",VLG,BE,0.9632183908045977,1718,false,false,US,,2025-06-24T15:11:57+00:00
price_changed,2026-04-02T23:42:45.28+00:00,https://reverb.com/item/91371043-used-fender-jim-adkins-ja-90-telecaster-thinline-electric-guitar-natural,Fender,,Telecaster,,,,,Mint,1050,,,,reverb,greg1213,288303791109963776,,1,403,22,"Brooklyn, NY, United States",NY,US,0.9939553949836726,184150,true,,,678,2025-07-11T23:00:33+00:00
price_changed,2026-04-02T23:43:17.051+00:00,https://reverb.com/item/92254615-prs-wood-library-dgt-electric-guitar-private-stock-bahamian-blue-finish-chucksclusive-240385600-2024,PRS,PRS Private Stock,DGT,Wood Library Private Stock,,,,Brand New,4420,,,,reverb,theguitarpit,,,1,494,31,"Wheaton, MD, United States",MD,US,0.9942857142857143,12786,true,,,,2025-10-15T18:56:52+00:00
price_changed,2026-04-02T23:43:23.905+00:00,https://reverb.com/item/94896973-epiphone-gothic-series-sg-2002-infernal-beauty-by-mr-decor-one-of-a-kind-art,Epiphone,Epiphone,SG,,,,,Excellent,1323.31,,,,reverb,WontonGG,,,0,,,,,,,,,,,,
price_changed,2026-04-02T23:43:46.825+00:00,https://reverb.com/item/93877878-b-c-rich-nj-series-virgin-electric-guitar,B.C. Rich,,RG,,,,,Very Good,999.99,,,,reverb,YellowJack6,,,0,,,,,,,,,,,,
price_changed,2026-04-02T23:43:49.097+00:00,https://reverb.com/item/95433277-2001-b-c-rich-virgin-jm180-mij-neck-thru-w-emg-81-schaller-trem-gotoh-tuners,B.C. Rich,,JM180,Mij,,,,Very Good,2199.99,,,,reverb,YellowJack6,,,0,,,,,,,,,,,,
price_changed,2026-04-02T23:43:51.375+00:00,https://reverb.com/item/95489696-patrick-james-eggle-macon-single-cut-carved-top-2021,Patrick James Eggle,,Single Cut,,,,,Very Good,5521.8,,5533.75,,reverb,WontonGG,,,0,,,,,,,,,,,,
listed,2026-04-03T01:16:34.056+00:00,https://reverb.com/item/95603483-1967-kay-k585t-barney-kessel-sunburst,Kay,,K585T Barney Kessel,,,,,,985,,,,reverb,greg1213,288303791109963776,,,,,,,,,,,,,,
sold,2026-04-03T03:06:12.003+00:00,https://reverb.com/item/95578145-jackson-usa-select-series-sl2h-soloist-2003-2020-black,Jackson,Jackson USA,Soloist,,,,,,2400,2400,,,reverb,theguitarpit,602222337923743754,1.5,,,,,,,,,,,,,
sold,2026-04-03T03:37:09.75+00:00,https://reverb.com/item/95551771-gretsch-custom-shop-g6128-cs-duo-jet-relic-stephen-stern-built,Gretsch,Gretsch Custom Shop,Duo Jet,Custom Shop,,,,Excellent,5999,5999,,,reverb,shteefe,415010947871277068,3.3,0,260,27,"Johnson City, TN, United States",TN,US,0.9973094170403587,223,true,false,US,White/Red Back,2026-03-30T19:53:43+00:00
price_changed,2026-04-03T03:38:00.027+00:00,https://reverb.com/item/95518332-patrick-james-eggle-macon-special-2025-flame-top-mojo-tone,Patrick James Eggle,,Macon Special Flame,,,,,Excellent,2659,,2799,,reverb,greg1213,288303791109963776,,1,240,18,"calabasas, CA, United States",CA,US,1,604,true,false,GB,,2026-03-28T23:01:04+00:00
listed,2026-04-03T06:21:04.758+00:00,https://reverb.com/item/87916124-splendid-ibanez-universe-uv777p-uv-steve-vai-signature-japan-mij-7string-7-string-prestige-j-custom-mirror-black,Ibanez,Ibanez J.Custom,Prestige,,,,,,3053,,,,reverb,wontongg,214444614189449226,,,,,,,,,,,,,,
price_changed,2026-04-03T07:37:59.231+00:00,https://reverb.com/item/95518332-patrick-james-eggle-macon-special-2025-flame-top-mojo-tone,Patrick James Eggle,,Macon Special Flame,,,,,Excellent,2659,,2799,,reverb,greg1213,288303791109963776,,1,240,18,"calabasas, CA, United States",CA,US,1,604,true,false,GB,,2026-03-28T23:01:04+00:00
sold,2026-04-03T11:38:11.943+00:00,https://reverb.com/item/95515356-dunable-evil-instruments-claudio-sanchez-signature-the-jackhammer-2025-present-natural-walnut,Dunable,,Evil Instruments Claudio,Signature,,,,Excellent,2300,2300,,,reverb,greg1213,,5.7,2,358,18,"Warwick, RI, United States",RI,US,1,30,false,false,KR,Natural Walnut,2026-03-28T18:39:38+00:00
listed,2026-04-03T14:43:37.331+00:00,https://www.chicagomusicexchange.com/collections/electric-guitars-used/products/suhr-classic-t-antique-seafoam-green-2018-2529138,Suhr,,Classic,,,,,,2595,,,,other,shteefe,415010947871277068,,,,,,,,,,,,,,
listed,2026-04-03T14:44:33.094+00:00,https://www.chicagomusicexchange.com/collections/electric-guitars-used/products/gibson-sg-custom-cme-spec-vos-ultra-violet-2023-2528441,Gibson,Gibson Custom Shop,SG Custom,,,,,,4495,,,,other,shteefe,415010947871277068,,,,,,,,,,,,,,
listed,2026-04-03T14:45:27.566+00:00,https://www.chicagomusicexchange.com/collections/electric-guitars-used/products/millimetric-mgs2-hunter-green-metallic-2520333,Millimetric,,MGS2 Hunter Metallic,,,,,,3495,,,,other,shteefe,415010947871277068,,,,,,,,,,,,,,
listed,2026-04-03T15:10:47.86+00:00,https://reverb.com/item/93194016-gretsch-noir-55-penguin-custom-shop-masterbuilt-chad-duo-jet,Gretsch,Gretsch Custom Shop,duo jet,,2024,,,,10000,,,,reverb,shteefe,415010947871277068,,,,,,,,,,,,,,
listed,2026-04-03T15:12:57.644+00:00,https://www.chicagomusicexchange.com/collections/electric-guitars-used/products/asher-electro-hawaiian-white-zac-brown-2500211,,,,,,,,,1200,,,,other,shteefe,415010947871277068,,,,,,,,,,,,,,
listed,2026-04-03T15:13:30.641+00:00,https://www.chicagomusicexchange.com/collections/electric-guitars-used/products/gretsch-custom-shop-stephen-stern-masterbuilt-g6136-cst-2500238,Gretsch,Gretsch Custom Shop,Stephen Stern Masterbuilt,,,,,,9000,,,,other,shteefe,415010947871277068,,,,,,,,,,,,,,
listed,2026-04-03T15:16:49.605+00:00,https://www.chicagomusicexchange.com/collections/electric-guitars-used/products/nik-huber-krautster-ii-black-2020-2501812,Nik Huber,Nik Huber,Krautster II,,,,,,2655,,,,other,shteefe,415010947871277068,,,,,,,,,,,,,,
listed,2026-04-03T15:18:34.016+00:00,https://www.chicagomusicexchange.com/collections/amps-used/products/bogner-shiva-2-channel-80-watt-guitar-amp-head-2514933,Bogner,,Shiva 2-Channel 80-Watt,,,,,,1295,,,,other,shteefe,415010947871277068,,,,,,,,,,,,,,
sold,2026-04-03T15:34:49.993+00:00,https://reverb.com/item/95609454-used-2025-fender-richie-kotzen-stratocaster-transparent-white-burst-w-dimarzio-pickupa-jd24030169,Fender,Fender USA,Stratocaster,,2025,,,,1089,1089,,,reverb,theguitarpit,602222337923743754,0.8,,,,,,,,,,,,,
sold,2026-04-03T15:34:50.108+00:00,https://reverb.com/item/95609454-used-2025-fender-richie-kotzen-stratocaster-transparent-white-burst-w-dimarzio-pickupa-jd24030169,Fender,Fender USA,Stratocaster,,2025,,,,1089,1089,,,reverb,theguitarpit,602222337923743754,0.8,,,,,,,,,,,,,
listed,2026-04-03T16:04:52.061+00:00,https://reverb.com/item/95629638-2025-jackson-custom-shop-soloist-sl2h-v-music-zoo-exclusive-cherry-aniline-dye,Jackson,Jackson USA Custom Shop,Soloist,,,,,,3499,,,,reverb,theguitarpit,602222337923743754,,,,,,,,,,,,,,
listed,2026-04-03T17:46:36.371+00:00,https://reverb.com/item/95629505-cp-thornton-improv-2012-gretsch-orange,Gretsch,Gretsch Professional,CP Thornton Improv,,2012,,,,2250,,,,reverb,theguitarpit,602222337923743754,,,,,,,,,,,,,,
sold,2026-04-03T19:04:40.932+00:00,https://reverb.com/item/95607421-schecter-jl-7-cygnus-jeff-loomis-signature-7-string-rare,Schecter,Schecter Korea,JL Cygnus jeff,,2016,,,,3204,3203.98,,,reverb,wontongg,214444614189449226,0.9,,,,,,,,,,,,,
listed,2026-04-03T19:26:39.763+00:00,https://reverb.com/item/93198709-jackson-usa-signature-chris-broderick-soloist-ht6-devil-flames-graphic-by-mike-learn-2015-w-ohsc,Jackson,Jackson USA,Soloist,,2015,,,,6000,,,,reverb,wontongg,214444614189449226,,,,,,,,,,,,,,
sold,2026-04-03T19:34:24.805+00:00,https://reverb.com/item/95629505-cp-thornton-improv-2012-gretsch-orange,Gretsch,Gretsch Professional,CP Thornton Improv,,2012,,,,2250,2250,,,reverb,theguitarpit,602222337923743754,0.1,,,,,,,,,,,,,
sold,2026-04-03T19:34:24.818+00:00,https://reverb.com/item/95629505-cp-thornton-improv-2012-gretsch-orange,Gretsch,Gretsch Professional,CP Thornton Improv,,2012,,,,2250,2250,,,reverb,theguitarpit,602222337923743754,0.1,,,,,,,,,,,,,
price_changed,2026-04-03T19:35:08.315+00:00,https://reverb.com/item/95602505-suhr-suhr-pro-series-s3-flame-maple-top-2012-charcoal-burst,Suhr,Suhr,Pro Series,,2012,,,,2150,,,,reverb,theguitarpit,602222337923743754,,,,,,,,,,,,,,
sold,2026-04-03T19:38:29.531+00:00,https://reverb.com/item/95511633-prs-mark-holcomb-signature-2025-present-holcomb-wraparound-burst,PRS,,Mark Holcomb Present,Signature,,,,Excellent,4100,,,,reverb,GP,,6.2,0,,,,,,,,,,,Holcomb Wraparound Burst,
sold,2026-04-03T19:38:34.058+00:00,https://reverb.com/item/95027024-lsl-xt4-one-series,LsL Instruments,,"XT4 ""one"" series",,,,,Excellent,1575,,,,reverb,Modean,,6.2,0,,,,,,,,,,,"polyester, polyurethane, oil",
listed,2026-04-03T20:10:46.332+00:00,https://reverb.com/item/95628309-prs-fiore-2023-present-sunflower,PRS,PRS Core,Fiore Present Sunflower,,,,,,1750,,,,reverb,modean,663012207478571038,,,,,,,,,,,,,,
listed,2026-04-03T20:20:04.023+00:00,https://reverb.com/item/95635925-ibanez-az2204nw-2025-dark-tide-blue,Ibanez,Ibanez Prestige,AZ2204NW Dark Tide,,2025,,,,1050,,,,reverb,theguitarpit,602222337923743754,,,,,,,,,,,,,,
listed,2026-04-03T20:32:11.645+00:00,https://reverb.com/item/95592174-4-bolt-1971-fender-stratocaster-w-ohsc,Fender,Fender Custom Shop,Stratocaster,,,,,,4000,,,,reverb,doesitslaptho,659997698300051472,,,,,,,,,,,,,,
listed,2026-04-03T20:34:32.188+00:00,https://reverb.com/item/95633184-gibson-custom-shop-les-paul-1960-historic-reissue-electric-guitar-lemonburst-w-ohsc-2006,Gibson,Gibson Custom Shop,Les Paul,,2006,,,,6163,,,,reverb,wontongg,214444614189449226,,,,,,,,,,,,,,
sold,2026-04-03T22:34:27.116+00:00,https://reverb.com/item/95635925-ibanez-az2204nw-2025-dark-tide-blue,Ibanez,Ibanez Prestige,AZ2204NW Dark Tide,,2025,,,,1050,1050,,,reverb,theguitarpit,602222337923743754,0.1,,,,,,,,,,,,,
listed,2026-04-03T22:44:59.16+00:00,https://reverb.com/item/95646081-b-c-rich-bich-little-sister-son-of-rich-1980-cherry-sunburst-vintage-usa-w-ohsc,BC Rich,BC Rich Import,"""Bich """"Little Sister""""""",,1980,,,,2995,,,,reverb,yellowjack6,908889503173857351,,,,,,,,,,,,,,
listed,2026-04-03T22:45:20.385+00:00,https://www.guitarcenter.com/Used/BC-Rich/Vintage-Vintage-1980-BC-Rich-Son-Of-A-Rich-Bich-Blue-Burst-Solid-Body-Electric-Guitar.gc?algoliaQueryID=3835908919938168b50cdd6b094906ea&algoliaIndexName=pLH-guitarcenter,BC Rich,BC Rich Import,Son Of Rich,,,,,,1299.99,,,,other,yellowjack6,908889503173857351,,,,,,,,,,,,,,
sold,2026-04-03T23:37:20.458+00:00,https://reverb.com/item/95164806-kiesel-aries-bolt-on-pikachu-bevel-delete,Kiesel,Kiesel / Carvin,Aries Bolt-On Pikachu,,,,,Very Good,2700,2700,,,reverb,greg1213,288303791109963776,16.3,0,617,36,"Terryville, CT, United States",CT,US,0.9944444444444445,36,false,false,US,,2026-03-18T17:23:05+00:00
price_changed,2026-04-03T23:37:27.242+00:00,https://reverb.com/item/95541279-millimetric-mgs3-2018-blue-with-nanuk-990-case,Millimetric,,MGS3 with Nanuk,,,,,Excellent,3600,,3800,,reverb,theguitarpit,602222337923743754,,0,360,35,"Groveland, FL, United States",FL,US,1,26,false,false,CA,Blue,2026-03-30T15:07:59+00:00
sold,2026-04-03T23:38:33.447+00:00,https://www.guitarcenter.com/Used/BC-Rich/Vintage-Vintage-1980-BC-Rich-Son-Of-A-Rich-Bich-Blue-Burst-Solid-Body-Electric-Guitar.gc?algoliaQueryID=3835908919938168b50cdd6b094906ea&algoliaIndexName=pLH-guitarcenter,BC Rich,BC Rich Import,Son Of Rich,,,,,,1299.99,,,,other,yellowjack6,908889503173857351,0,,,,,,,,,,,,,
listed,2026-04-03T23:56:15.475+00:00,https://reverb.com/item/95645284-paul-reed-smith-swamp-ash-special-scarlet-smokeburst,PRS,,Swamp Ash Special,,,,,,2899,,,,reverb,modean,663012207478571038,,,,,,,,,,,,,,
sold,2026-04-04T03:36:06.471+00:00,https://reverb.com/item/95595349-ibanez-2618-av-artist-1977-1979-antique-violin,Ibanez,Ibanez Prestige,Artist 1977,,,,,,1044,1044,,,reverb,theguitarpit,602222337923743754,2.3,,,,,,,,,,,,,
sold,2026-04-04T03:36:45.146+00:00,https://reverb.com/item/95580585-gibson-flying-v-antique-natural-w-hsc,Gibson,Gibson USA,Flying V,,,,,,1400,1400,,,reverb,theguitarpit,602222337923743754,2.9,,,,,,,,,,,,,
price_changed,2026-04-04T03:37:48.99+00:00,https://reverb.com/item/95516404,Fender,Fender Custom Shop,Stratocaster,Custom Shop Signature,,,,Excellent,3600,,3800,,reverb,erparadox,1079314830508445696,,7,165,19,"Old Bridge, NJ, United States",NJ,US,0.9905882352941177,170,true,false,,,2026-03-28T19:48:33+00:00
listed,2026-04-04T05:05:12.492+00:00,https://reverb.com/item/94512210-kauer-electroliner-2025-verde-chiaro,Kauer,,Electroliner Verde Chiaro,,2025,,,,2250,,,,reverb,madero,126233894897975296,,,,,,,,,,,,,,
listed,2026-04-04T06:31:18.43+00:00,https://briansguitars.com/collections/prs-electric-guitars/products/paul-reed-smith-wood-library-special-semi-hollow-jade-smokeburst-brians-limited,PRS,PRS Core,Semi-Hollow,,,,,,6999,,,,other,splooigi,1120099961690935387,,,,,,,,,,,,,,
listed,2026-04-04T06:57:27.471+00:00,https://reverb.com/item/95661052-suhr-classic-s-antique-2025-ohsc-paperwork-gorgeous,Suhr,Suhr,Classic,,2025,,,,2465,,,,reverb,theguitarpit,602222337923743754,,,,,,,,,,,,,,
listed,2026-04-04T06:57:27.471+00:00,https://reverb.com/item/95658165-jackson-usa-select-soloist-sl2h-gloss-black,Jackson,Jackson USA,Soloist,,2018,,,,2300,,,,reverb,theguitarpit,602222337923743754,,,,,,,,,,,,,,
listed,2026-04-04T07:08:01.748+00:00,https://reverb.com/item/95650637-7lbs-ultra-rare-m2m-2024-gibson-1959-les-paul-r9-chambered-lemon-burst-murphy-lab-ultra-light-aged-double-white-pickups,Gibson,Gibson Custom Shop,Les Paul,,,,,,5999,,,,reverb,wontongg,214444614189449226,,,,,,,,,,,,,,
sold,2026-04-04T11:04:40.772+00:00,https://reverb.com/item/95628309-prs-fiore-2023-present-sunflower,PRS,PRS Core,Fiore Present Sunflower,,,,,,1750,1750,,,reverb,modean,663012207478571038,0.6,,,,,,,,,,,,,
price_changed,2026-04-04T11:34:36.221+00:00,https://reverb.com/item/95633184-gibson-custom-shop-les-paul-1960-historic-reissue-electric-guitar-lemonburst-w-ohsc-2006,Gibson,Gibson Custom Shop,Les Paul,,2006,,,,6163,,,,reverb,wontongg,214444614189449226,,,,,,,,,,,,,,
sold,2026-04-04T11:38:14.227+00:00,https://reverb.com/item/95316362-epiphone-epiphone-masterbilt-aj-500re-ns-2000-s-matte,Epiphone,Epiphone,epiphone masterbilt aj,,,,,Very Good,475,475,,,reverb,greg1213,288303791109963776,12.6,3,302,16,"Raleigh, NC, United States",NC,US,1,33,false,false,CN,matte,2026-03-22T21:02:08+00:00
listed,2026-04-04T15:00:48.161+00:00,https://reverb.com/item/95678148-nash-s-57-2018,Nash,Nash,S-57,,,,,,1500,,,,reverb,theguitarpit,602222337923743754,,,,,,,,,,,,,,
listed,2026-04-04T15:00:48.161+00:00,https://reverb.com/item/95320289-fender-american-ultra-telecaster-with-roasted-maple-neck-2022-texas-tea,Fender,Fender USA,Telecaster,,2022,,,,1100,,,,reverb,theguitarpit,602222337923743754,,,,,,,,,,,,,,
listed,2026-04-04T15:41:07.092+00:00,https://reverb.com/item/95515636-prs-custom-24-core-2007-dark-cherry-sunburst,PRS,PRS Core,Custom 24,,,,,,3740,,,,reverb,tsukuyominoryuu,1103673799666311320,,,,,,,,,,,,,,
listed,2026-04-04T16:01:35.909+00:00,https://reverb.com/item/95682485-8-25lb-gibson-custom-shop-murphy-lab-les-paul-r7-57-reissue-ultra-light-aged-goldtop-2025,Gibson,Gibson Custom Shop,Les Paul,,,,,,4399,,,,reverb,theguitarpit,602222337923743754,,,,,,,,,,,,,,
listed,2026-04-04T16:03:59.34+00:00,https://reverb.com/item/91427362-gibson-es-335-1961-reissue-murphy-lab-heavy-aged-ebony,Gibson,Gibson Custom Shop,ES-335,,,,,,5427,,,,reverb,tsukuyominoryuu,1103673799666311320,,,,,,,,,,,,,,
listed,2026-04-04T16:15:46.338+00:00,https://reverb.com/item/95682537-kiesel-zeus-multiscale-7,Kiesel,Kiesel / Carvin,Zeus Multiscale,,2022,,,,1900,,,,reverb,theguitarpit,602222337923743754,,,,,,,,,,,,,,
listed,2026-04-04T16:19:26.506+00:00,https://reverb.com/item/95682106-1968-fender-telecaster-custom-featherweight-loaded-body,Fender,Fender Custom Shop,Telecaster,,1968,,,,2600,,,,reverb,doesitslaptho,659997698300051472,,,,,,,,,,,,,,
listed,2026-04-04T16:36:26.027+00:00,https://reverb.com/item/95147120-yamaha-fg-300-red-label-1970,Yamaha,,FG-300 Label,,1970,,,,995,,,,reverb,greg1213,288303791109963776,,,,,,,,,,,,,,
listed,2026-04-04T16:38:02.188+00:00,https://reverb.com/item/95577072-prs-mccarty-soapbar-1998-2007-natural,PRS,PRS Core,McCarty,,,,,,2000,,,,reverb,sunny_00,363041371956969472,,,,,,,,,,,,,,
listed,2026-04-04T16:42:02.94+00:00,https://reverb.com/item/93081328-yamaha-l-31a-late-model-all-solid-woods-jacaranda-1984,Yamaha,,L-31A Late Model,,1984,,,,3000,,,,reverb,greg1213,288303791109963776,,,,,,,,,,,,,,
listed,2026-04-04T16:45:42.582+00:00,https://reverb.com/item/94763367-video-1979-fender-stratocaster-ash-sienna-burst-w-ohsc,Fender,Fender Custom Shop,Stratocaster,,1979,,,,2400,,,,reverb,greg1213,288303791109963776,,,,,,,,,,,,,,
sold,2026-04-04T17:04:38.517+00:00,https://reverb.com/item/95682485-8-25lb-gibson-custom-shop-murphy-lab-les-paul-r7-57-reissue-ultra-light-aged-goldtop-2025,Gibson,Gibson Custom Shop,Les Paul,,,,,,4399,4399,,,reverb,theguitarpit,602222337923743754,0,,,,,,,,,,,,,
listed,2026-04-04T17:24:34.874+00:00,https://guitarcenter.smart.link/0d5tbbro8?schemeUrl=GuitarCenterApp%3A%2F%2FProductDetailsPage%3FID%3Dsite5122046586&isStyle=true&producturl=Used%2FGiffin-Guitars%2FUsed-2012-Giffin-Guitars-T2-CUSTOM-Cherry-Solid-Body-Electric-Guitar.gc,,,,,,,,,1749.99,,,,other,shteefe,415010947871277068,,,,,,,,,,,,,,
listed,2026-04-04T17:29:06.943+00:00,https://guitarcenter.smart.link/0d5tbbro8?schemeUrl=GuitarCenterApp%3A%2F%2FProductDetailsPage%3FID%3Dsite5122162081&isStyle=true&producturl=pdp%2FproductDetail.jsp%3FproductId%3Dsite5122162081,PRS,,EG Solid Body,,,,,,1299.99,,,,other,shteefe,415010947871277068,,,,,,,,,,,,,,
listed,2026-04-04T18:21:06.652+00:00,https://ish.guitars/collections/new/products/2024-prs-private-stock-custom-22-12-string-double-neck-indigo-glow,PRS,PRS Private Stock,Custom 22,,,,,,14999.99,,,,other,splooigi,1120099961690935387,,,,,,,,,,,,,,
price_changed,2026-04-04T19:35:24.655+00:00,https://reverb.com/item/95610126-castedosa-guitars-abi,Castedosa,,Guitars ABI,,,,,,6241,,,,reverb,theguitarpit,602222337923743754,,,,,,,,,,,,,,
sold,2026-04-04T19:36:40.014+00:00,https://reverb.com/item/94268693-1992-prs-custom-24-10-top-electric-guitar-video-fresh-setup-ready,PRS,PRS Core,Custom 24,,1992,,,,3200,3200,,,reverb,wontongg,214444614189449226,3,,,,,,,,,,,,,
price_changed,2026-04-04T19:37:12.02+00:00,https://reverb.com/item/95580626-esp-usa-m-ii-ntb-fr,ESP,ESP USA,M-II,,2025,,,,3900,,,,reverb,theguitarpit,602222337923743754,,,,,,,,,,,,,,
sold,2026-04-04T19:37:32.551+00:00,https://reverb.com/item/92291486-ernie-ball-music-man-john-petrucci-signature-jp15-6-2020-2021-trans-black-burst-quilt,Music Man,Music Man USA,JP,Signature,,,,Very Good,2200,2200,,,reverb,theguitarpit,602222337923743754,4.7,2,327,29,"Dallas, TX, United States",TX,US,1,1,false,false,US,Trans Black Burst Quilt,2026-03-31T02:54:56+00:00
sold,2026-04-04T19:37:41.618+00:00,https://reverb.com/item/95545631-millimetric-mgs2-hunter-green-metallic,Millimetric,,MGS2 Hunter Metallic,,,,,Very Good,3700,3700,,,reverb,theguitarpit,602222337923743754,4.9,2,329,39,"Chicago, IL, United States",IL,US,0.9965850037119525,331398,true,,CA,Hunter Green Metallic,2026-03-30T22:30:42+00:00
sold,2026-04-04T19:39:01.301+00:00,https://www.chicagomusicexchange.com/collections/electric-guitars-used/products/millimetric-mgs2-hunter-green-metallic-2520333,Millimetric,,MGS2 Hunter Metallic,,,,,,3495,,,,other,shteefe,415010947871277068,1.2,,,,,,,,,,,,,
sold,2026-04-04T20:04:42.246+00:00,https://reverb.com/item/95678148-nash-s-57-2018,Nash,Nash,S-57,,,,,,1500,1500,,,reverb,theguitarpit,602222337923743754,0.2,,,,,,,,,,,,,
listed,2026-04-04T20:23:31.399+00:00,https://reverb.com/item/92029460-jr-joey-rico-son-of-bc-rich-founder-bernie-rico-scepter-2024-matte-gray,BC Rich,BC Rich Import,PT,,2024,,,,995,,,,reverb,yellowjack6,908889503173857351,,,,,,,,,,,,,,
listed,2026-04-04T20:35:47.439+00:00,https://reverb.com/item/95692718-1986-kramer-american-stagemaster-custom-flip-flop-white-jbj-ohsc,Kramer,Kramer Import,American Stagemaster Flip,,,,,,1850,,,,reverb,theguitarpit,602222337923743754,,,,,,,,,,,,,,
listed,2026-04-04T20:39:03.372+00:00,https://guitarcenter.smart.link/0d5tbbro8?schemeUrl=GuitarCenterApp%3A%2F%2FProductDetailsPage%3FID%3Dsite5121786872&isStyle=true&producturl=Used%2FOvation%2FUsed-Ovation-6751-Standard-Balladeer-Natural-12-String-Acoustic-Electric-Guitar-121786872.gc,Ovation,Ovation USA Premium,Standard,,,,,,499.99,,,,other,shteefe,415010947871277068,,,,,,,,,,,,,,
listed,2026-04-04T20:46:07.922+00:00,https://reverb.com/item/95689867-waterloo-wl-14x-tr-x-braced-parlor-guitar,Collings,Collings,Waterloo WL-14X TR,,,,,,2750,,,,reverb,madero,126233894897975296,,,,,,,,,,,,,,
listed,2026-04-04T21:31:53.355+00:00,https://reverb.com/item/95694058-prs-custom-24-1992-gray-black,PRS,PRS Core,Custom 24,,1992,,,,2050,,,,reverb,theguitarpit,602222337923743754,,,,,,,,,,,,,,
listed,2026-04-04T21:33:51.63+00:00,https://reverb.com/item/95693352-ovation-uk-ii-ultra-kaman-1219-1980-1982-sunburst,Ovation,Ovation Import,UK II Ultra,,,,,,1325,,,,reverb,theguitarpit,602222337923743754,,,,,,,,,,,,,,
listed,2026-04-04T22:03:23.036+00:00,https://reverb.com/item/95695693-gibson-les-paul-standard-50s-2019-present-tobacco-burst,Gibson,Gibson USA,Les Paul Standard,,,,,,1999,,,,reverb,madero,126233894897975296,,,,,,,,,,,,,,
listed,2026-04-04T23:30:43.84+00:00,https://www.guitarcenter.com/Used/Fender/Vintage-Vintage-1973-Fender-PRO-REVERB-Tube-Guitar-Combo-Amp-122042337.gc?algoliaQueryID=aa0f81414c25d877abb222e0a7c31130&algoliaIndexName=pHL-guitarcenter,Fender,,PRO REVERB Tube,,,,,,1199.99,,,,other,shteefe,415010947871277068,,,,,,,,,,,,,,
listed,2026-04-04T23:32:27.955+00:00,https://www.guitarcenter.com/Used/Marshall/Used-Marshall-JVM210H-100W-Tube-Guitar-Amp-Head-121512841.gc?algoliaQueryID=aa0f81414c25d877abb222e0a7c31130&algoliaIndexName=pHL-guitarcenter,Marshall,,JVM210H 100W Tube,,,,,,1109.99,,,,other,shteefe,415010947871277068,,,,,,,,,,,,,,
price_changed,2026-04-04T23:51:20.034+00:00,https://reverb.com/item/95352386-fender-custom-vibrolux-reverb-40-watt-2x10-guitar-combo-1996-2013-black,Fender,Fender USA,"""""""Custom"""" Vibrolux Reverb""",,,,,,800,,,,reverb,greg1213,288303791109963776,,,,,,,,,,,,,,
sold,2026-04-04T23:53:44.942+00:00,https://www.guitarcenter.com/Used/Marshall/Used-Marshall-JVM210H-100W-Tube-Guitar-Amp-Head-121512841.gc?algoliaQueryID=aa0f81414c25d877abb222e0a7c31130&algoliaIndexName=pHL-guitarcenter,Marshall,,JVM210H 100W Tube,,,,,,1109.99,,,,other,shteefe,415010947871277068,0,,,,,,,,,,,,,
sold,2026-04-04T23:53:47.373+00:00,https://www.guitarcenter.com/Used/Fender/Vintage-Vintage-1973-Fender-PRO-REVERB-Tube-Guitar-Combo-Amp-122042337.gc?algoliaQueryID=aa0f81414c25d877abb222e0a7c31130&algoliaIndexName=pHL-guitarcenter,Fender,,PRO REVERB Tube,,,,,,1199.99,,,,other,shteefe,415010947871277068,0,,,,,,,,,,,,,
listed,2026-04-05T00:17:55.807+00:00,https://www.guitarcenter.com/Used/MESA-Boogie/Used-MESA-Boogie-TRIAXIS-Guitar-Preamp-122139136.gc?algoliaQueryID=07035d136da8b16d020b88c7c272ba4a&algoliaIndexName=guitarcenter,Mesa Boogie,,Axis,,,,,,1399.99,,,,other,theguitarpit,602222337923743754,,,,,,,,,,,,,,
listed,2026-04-05T00:19:15.378+00:00,https://www.guitarcenter.com/Used/Marshall/Used-Marshall-JVM410H-100W-Tube-Guitar-Amp-Head-Tube-Guitar-Amp-Head.gc,Marshall,,JVM410H 100W Tube,,,,,,1299.99,,,,other,colin_90,259101353060597762,,,,,,,,,,,,,,
listed,2026-04-05T00:38:15.108+00:00,https://reverb.com/item/95576519-knaggs-kenai-t-hb-semi-hollow-creme-2025-w-ohsc-bare-knuckle-mules-7lb-5oz,Knaggs,Knaggs,Kenai,,2025,,,,3299,,,,reverb,greg1213,288303791109963776,,,,,,,,,,,,,,2026-03-31T22:34:32+00:00
sold,2026-04-05T01:15:17.935+00:00,https://reverb.com/item/95694058-prs-custom-24-1992-gray-black,PRS,PRS Core,Custom 24,,1992,,,,2050,2050,,,reverb,theguitarpit,602222337923743754,0.2,,,,,,,,,,,,,
listed,2026-04-05T01:21:35.021+00:00,https://reverb.com/item/95695663-fano-alt-de-facto-gf6-2010s-tobacco-burst-relic,Fano,Fano,Alt De Facto,,2015,,,,2250,,,,reverb,madero,126233894897975296,,,,,,,,,,,,,,2026-04-04T23:42:23+00:00
sold,2026-04-05T04:19:07.487+00:00,https://reverb.com/item/94397834-valiant-guitars-soothsayer-2023-burning-grey-near-mint,Valiant Guitars,,Soothsayer,,,,,Excellent,1595,1595,,,reverb,modean,663012207478571038,56.4,0,464,21,"Kirksville, MO, United States",MO,US,1,186,true,false,UA,Burning Grey,2026-02-07T18:30:20+00:00
listed,2026-04-05T06:09:12.535+00:00,https://reverb.com/item/92428670-kiesel-solo-7-61-lbs,Kiesel,Kiesel / Carvin,Solo,,,,,,1199,,,,reverb,wontongg,214444614189449226,,,,,,,,,,,,,,
listed,2026-04-05T06:12:38.57+00:00,https://reverb.com/item/94777851-kiesel-sh-6-2019-clear-gloss,Kiesel,Kiesel / Carvin,Sh-6 Clear,,2019,,,,1700,,,,reverb,wontongg,214444614189449226,,,,,,,,,,,,,,
listed,2026-04-05T07:22:19.049+00:00,https://reverb.com/item/95013799-prs-modern-eagle-v-2023-antique-white,PRS,PRS Core,Modern,,,,,,3675,,,,reverb,wontongg,214444614189449226,,,,,,,,,,,,,,
listed,2026-04-05T09:01:35.227+00:00,https://reverb.com/item/58835693-big-joe-stomp-box-company-b-302-rock-distortion-made-in-usa,Big Joe,,B-302,,,,,,40,,,,reverb,greg1213,288303791109963776,,,,,,,,,,,,,,2022-08-03T20:49:11+00:00
listed,2026-04-05T15:49:45.767+00:00,https://reverb.com/item/95698497-valley-arts-stratocaster-sss-78-natural,Valley Arts,,Stratocaster,,,,,,7800,,,,reverb,greg1213,288303791109963776,,,,,,,,,,,,,,
listed,2026-04-05T18:54:19.365+00:00,https://reverb.com/item/93982888-framus-diablo-custom-2005-tobacco-sunburst,Framus,,DIABLO,,2005,,,,950,,,,reverb,greg1213,288303791109963776,,,,,,,,,,,,,,2026-03-29T20:45:00+00:00
listed,2026-04-05T19:12:59.381+00:00,https://reverb.com/item/94539534-1952-gibson-es-175-p-90-vintage-archtop-electric-guitar-sunburst-w-case,Gibson,Gibson USA,ES-175,,,,,,4499,,,,reverb,greg1213,288303791109963776,,,,,,,,,,,,,,
listed,2026-04-05T19:22:15.104+00:00,https://reverb.com/item/95119731-tomson-gw-450-1970s-mij-vintage-dreadnought-acoustic-guitar-natural-japan?bk=eyJhbGciOiJIUzI1NiJ9.eyJqdGkiOiI1ZGYwZTNlYi00NGVjLTQ0MDctOTYwZC1hNDU0ZDIyNjEwNTEiLCJpYXQiOjE3NzU0MTY4NTAsInVzZXJfaWQiOiIyNTM4NzQ3Iiwic2Vzc2lvbl9pZCI6ImZhNGNlMzMyLTU0MTUtNDJkNi1hM2Q0LTc4M2Y4YTM4NzE2MSIsImNvb2tpZV9pZCI6IjQ2YTEwMjIzLWY4Y2MtNDhmMy04NGU1LTBjZGIyODM3ZGI0MiIsInByb2R1Y3RfaWQiOiI5NTExOTczMSIsInNvdXJjZSI6Ik5PTkUifQ.6CEWBYfRJYMi6HYkuMUyQpT9PNdxopJbZoxHM2UIGRY,Vintage,,TOMSON GW-450 1970s,,,,,,710,,,,reverb,greg1213,288303791109963776,,,,,,,,,,,,,,
listed,2026-04-05T19:30:28.514+00:00,https://reverb.com/item/95705719,Ibanez,Ibanez Prestige,JEM777,,2017,,,,3115,,,,reverb,erparadox,1079314830508445696,,,,,,,,,,,,,,
listed,2026-04-05T19:32:56.539+00:00,https://reverb.com/item/95704965,Novo,Novo,Serus,,,,,,3150,,,,reverb,erparadox,1079314830508445696,,,,,,,,,,,,,,2026-04-05T18:49:46+00:00
listed,2026-04-05T19:44:33.593+00:00,https://reverb.com/item/95629406,Jackson,Jackson USA,Flying V,,1997,,,,8499,,,,reverb,erparadox,1079314830508445696,,,,,,,,,,,,,,
listed,2026-04-05T19:51:41.384+00:00,https://reverb.com/item/94475757,Music Man,Music Man USA,JP,,,,,,2299,,,,reverb,erparadox,1079314830508445696,,,,,,,,,,,,,,
price_changed,2026-04-05T20:15:43.002+00:00,https://reverb.com/item/95693352-ovation-uk-ii-ultra-kaman-1219-1980-1982-sunburst,Ovation,Ovation Import,UK II Ultra,,,,,,1325,,,,reverb,theguitarpit,602222337923743754,,,,,,,,,,,,,,
listed,2026-04-05T20:16:26.521+00:00,https://reverb.com/item/85419217-ernie-ball-music-man-majesty-6-her-majesty-s-request,Music Man,Music Man USA,Majesty,,2026,,,,4643,,,,reverb,wontongg,214444614189449226,,,,,,,,,,,,,,
sold,2026-04-05T20:45:49.688+00:00,https://reverb.com/item/95692718-1986-kramer-american-stagemaster-custom-flip-flop-white-jbj-ohsc,Kramer,Kramer Import,American Stagemaster Flip,,,,,,1850,1850,,,reverb,theguitarpit,602222337923743754,1,,,,,,,,,,,,,
listed,2026-04-05T21:00:29.06+00:00,https://www.guitarcenter.com/Used/BC-Rich/Vintage-Vintage-1989-BC-Rich-U-SERIES-WARLOCK-Vintage-Yellow-Solid-Body-Electric-Guitar.gc?algoliaQueryID=bb408b64f0b4ac72650bc9503c2587df&algoliaIndexName=cD-guitarcenter,BC Rich,BC Rich Import,SERIES WARLOCK Yellow,,,,,,1499.99,,,,other,yellowjack6,908889503173857351,,,,,,,,,,,,,,
sold,2026-04-05T21:16:03.286+00:00,https://reverb.com/item/95682537-kiesel-zeus-multiscale-7,Kiesel,Kiesel / Carvin,Zeus Multiscale,,2022,,,,1900,1900,,,reverb,theguitarpit,602222337923743754,1.2,,,,,,,,,,,,,
listed,2026-04-05T21:38:09.152+00:00,https://reverb.com/item/95706217-vandermeij-fleshweaver-2026-jagged-black-matte,Vandermeij,,Fleshweaver,,2026,,,,1954,,,,reverb,greg1213,288303791109963776,,,,,,,,,,,,,,
sold,2026-04-05T21:45:20.076+00:00,https://reverb.com/item/95704965,Novo,Novo,Serus,,,,,,3150,3150,,,reverb,erparadox,1079314830508445696,0.1,,,,,,,,,,,,,2026-04-05T18:49:46+00:00
listed,2026-04-05T22:00:18.912+00:00,https://reverb.com/item/92043309-neal-moser-usa-custom-shop-raven-built-for-namm-pearl-white-blood-splatter-2025-w-ohsc,Neal Moser,,USA Custom Shop Raven Built For NAMM,,2025,,,,6500,,,,reverb,yellowjack6,908889503173857351,,,,,,,,,,,,,,
listed,2026-04-05T22:05:09.051+00:00,https://reverb.com/item/95605808-the-loar-lh-301t-vs-hollow-body-electric-guitar,The Loar,,Hollow,,,,,,449,,,,reverb,greg1213,288303791109963776,,,,,,,,,,,,,,
listed,2026-04-05T22:27:58.63+00:00,https://reverb.com/item/85659059-black-rabbit-passive-restraints-2026,Black Rabbit,,Passive Restraints,,2026,,,,70,,,,reverb,colin_90,259101353060597762,,,,,,,,,,,,,,
listed,2026-04-05T23:14:41.733+00:00,https://reverb.com/item/94910738-2019-gibson-sg-6-85-lbs,Gibson,Gibson USA,SG,,,,,,1249,,,,reverb,tsukuyominoryuu,1103673799666311320,,,,,,,,,,,,,,
sold,2026-04-05T23:16:10.227+00:00,https://reverb.com/item/95682106-1968-fender-telecaster-custom-featherweight-loaded-body,Fender,Fender Custom Shop,Telecaster,,1968,,,,2600,2600,,,reverb,doesitslaptho,659997698300051472,1.3,,,,,,,,,,,,,
listed,2026-04-06T00:43:23.206+00:00,https://reverb.com/item/37361458-2018-echopark-ancient-sinker-redwood-southsider,Echopark,Echopark,Ancient Sinker Redwood,,2018,,,,11500,,,,reverb,madero,126233894897975296,,,,,,,,,,,,,,
listed,2026-04-06T00:44:37.713+00:00,https://reverb.com/item/91948632-pre-owned-echopark-echocaster-r-60-white-with-original-hard-shell-case,Echopark,Echopark,Original,,,,,,2900,,,,reverb,sunny_00,363041371956969472,,,,,,,,,,,,,,
brand_categorized,2026-04-06T01:05:11.528+00:00,https://reverb.com/item/95605808-the-loar-lh-301t-vs-hollow-body-electric-guitar,The Loar,,Hollow,,,,,,449,,,,reverb,greg1213,288303791109963776,,,,,,,,,,,,,,
brand_categorized,2026-04-06T01:05:16.394+00:00,https://reverb.com/item/58835693-big-joe-stomp-box-company-b-302-rock-distortion-made-in-usa,Big Joe,,B-302,,,,,,40,,,,reverb,greg1213,288303791109963776,,,,,,,,,,,,,,2022-08-03T20:49:11+00:00
brand_categorized,2026-04-06T01:05:20.43+00:00,https://reverb.com/item/95698497-valley-arts-stratocaster-sss-78-natural,Valley Arts,,Stratocaster,,,,,,7800,,,,reverb,greg1213,288303791109963776,,,,,,,,,,,,,,
sold,2026-04-06T02:22:05.787+00:00,https://reverb.com/item/95598769-waterloo-by-collings-guitars-wl-14-scissortail-parlor-2017-2018-pristine-with-gorgeous-grain,Collings,Collings,RG,,,,,,2850,2850,,,reverb,madero,126233894897975296,4,,,,,,,,,,,,,
sold,2026-04-06T02:52:09.034+00:00,https://reverb.com/item/95166723-gibson-cme-exclusive-sg-standard-with-t-type-pickups-tortoise-pickguard-2018-shell-pink,Gibson,Gibson USA,SG Standard,,,,,Very Good,2400,2400,,,reverb,greg1213,288303791109963776,18.3,4,3108,183,"Portland, OR, United States",OR,US,1,127,false,false,US,Shell Pink,2026-03-18T19:25:15+00:00
price_changed,2026-04-06T02:57:34.444+00:00,https://reverb.com/item/91948632-pre-owned-echopark-echocaster-r-60-white-with-original-hard-shell-case,Echopark,Echopark,Original,,,,,,2900,,,,reverb,sunny_00,363041371956969472,,,,,,,,,,,,,,
price_changed,2026-04-06T02:59:24.054+00:00,https://reverb.com/item/95610126-castedosa-guitars-abi,Castedosa,,Guitars ABI,,,,,,6241,,,,reverb,theguitarpit,602222337923743754,,,,,,,,,,,,,,
price_changed,2026-04-06T03:01:15.102+00:00,https://reverb.com/item/95568895-xotic-california-classic-xscpro-2-aged-series-electric-guitar-2024-lake-placid-blue-w-hard-case-materials,Xotic,,Classic,,,,,Excellent,2592,,3240,,reverb,theguitarpit,602222337923743754,,0,168,10,"Galesburg, IL, United States",IL,US,0.9945054945054945,4634,true,false,US,Lake Placid Blue,2026-03-31T15:46:19+00:00
price_changed,2026-04-06T03:01:24.177+00:00,https://reverb.com/en-pt/item/91114676-fender-custom-shop-57-reissue-stratocaster-relic-aged-fiesta-red,Fender,Fender Custom Shop,Stratocaster,Custom Shop Reissue,,,,Brand New,3684,,5668,Muziekhandel Oudenaarde ,reverb,tsukuyominoryuu,1103673799666311320,,0,421,13,"Oudenaarde, Belgium",VLG,BE,0.9632183908045977,1718,false,false,US,,2025-06-24T15:11:57+00:00
sold,2026-04-06T03:01:37.81+00:00,https://reverb.com/item/95166723-gibson-cme-exclusive-sg-standard-with-t-type-pickups-tortoise-pickguard-2018-shell-pink,Gibson,Gibson USA,SG Standard,,,,,Very Good,2400,2400,,,reverb,greg1213,288303791109963776,18.3,4,3108,183,"Portland, OR, United States",OR,US,1,127,false,false,US,Shell Pink,2026-03-18T19:25:15+00:00
listed,2026-04-06T04:30:37.525+00:00,https://reverb.com/item/95707288-1980-s-greco-tusk,Greco,,1980’s Tusk,,,,,,990,,,,reverb,greg1213,288303791109963776,,,,,,,,,,,,,,
listed,2026-04-06T05:28:54.626+00:00,https://reverb.com/item/95708621-b-c-rich-warlock-light-pink,BC Rich,BC Rich Import,Warlock Light,,,,,,700,,,,reverb,yellowjack6,908889503173857351,,,,,,,,,,,,,,2026-04-06T00:47:21+00:00
sold,2026-04-06T07:31:06.823+00:00,https://reverb.com/item/95600741-cort-kx700tt-true-temperament-limited-edition,Cort,,KX700TT True Temperament,,,,,,2299,2299,,,reverb,theguitarpit,602222337923743754,3.7,,,,,,,,,,,,,
price_changed,2026-04-06T07:31:54.872+00:00,https://reverb.com/item/90508137-custom-dean-z-robb-flynn-baritone-26-5-scale-explorer-rare-burn-my-eyes-limited-machine-head-guitar,Dean,,Explorer,,,,,,685,,,,reverb,greg1213,288303791109963776,,,,,,,,,,,,,,
sold,2026-04-06T15:32:12.385+00:00,https://reverb.com/item/95581105-charvel-so-cal-custom-shop-green-sparkle,Charvel,Charvel USA Custom Shop,So Cal Sparkle,,,,,,3500,3500,,,reverb,theguitarpit,602222337923743754,5.4,,,,,,,,,,,,,
listed,2026-04-06T15:32:22.574+00:00,https://reverb.com/item/95706617-gibson-les-paul-axcess-custom-2025-ebony,Gibson,Gibson USA,Les Paul,,2025,,,,4250,,,,reverb,greg1213,288303791109963776,,,,,,,,,,,,,,
listed,2026-04-06T15:39:27.671+00:00,https://reverb.com/item/95715580-vintage-b-c-rich-ironbird-gig-bag-soft-case-80-90s,BC Rich,,Ironbird Gig bag,,,,,,89,,,,reverb,greg1213,288303791109963776,,,,,,,,,,,,,,
listed,2026-04-06T15:43:05.333+00:00,https://reverb.com/item/94898810-first-act-custom-shop-lola-cherry-2005,First Act,,Lola,,2005,,,,2500,,,,reverb,theguitarpit,602222337923743754,,,,,,,,,,,,,,
listed,2026-04-06T15:45:56.049+00:00,https://reverb.com/item/95708968-novo-dealer-limited-2026-chambered-serus-h2-2025-faded-cherry-burst,Novo,Novo,Dealer chambered serus,,2025,,,,4349,,,,reverb,theguitarpit,602222337923743754,,,,,,,,,,,,,,
listed,2026-04-06T15:47:32.667+00:00,https://reverb.com/item/94330735-b-c-rich-eagle-1983-white,BC Rich,BC Rich USA Custom Shop,Eagle,,1983,,,,1600,,,,reverb,greg1213,288303791109963776,,,,,,,,,,,,,,
listed,2026-04-06T15:48:50.335+00:00,https://reverb.com/item/94444911-edwards-e-k-130vp-dir-en-grey-signature-black-made-in-japan,Edwards,,E-K-130Vp DIR EN,,,,,,1000,,,,reverb,theguitarpit,602222337923743754,,,,,,,,,,,,,,
listed,2026-04-06T15:49:27.977+00:00,https://reverb.com/item/95419807,Ampeg,,AMG1 1990s-2000s Quilted,,,,,,600,,,,reverb,kfw3e52zckdda9g8tgqaonzw5mqcqmzm,1332493343006920741,,,,,,,,,,,,,,
listed,2026-04-06T15:53:15.345+00:00,https://www.geminipickups.com/mercury-one-humbucker.html,,,,,,,,,,,,,other,greg1213,288303791109963776,,,,,,,,,,,,,,
listed,2026-04-06T15:56:54.681+00:00,https://reverb.com/item/95714347-1996-washburn-nx6-usa-ultra-rare-stevens-extended-cutaway-very-good-condition-306,Washburn,Washburn Import,NX6 Ultra Rare,,1996,,,,1800,,,,reverb,shteefe,415010947871277068,,,,,,,,,,,,,,
listed,2026-04-06T17:27:05.129+00:00,https://reverb.com/item/95715305-2015-gibson-custom-shop-johnny-a-standard-w-coa-upgraded-rio-grande-texas-bbq-pickups-383,Gibson,Gibson Custom Shop,Standard,,2015,,,,3200,,,,reverb,shteefe,415010947871277068,,,,,,,,,,,,,,
listed,2026-04-06T19:14:27.271+00:00,https://reverb.com/item/95717461-fender-pro-reverb-drip-edge-2-channel-40-watt-2x12-guitar-combo-1968-1969-silverface,Fender,Fender USA,"""Pro Reverb """"Drip""",,,,,,1075,,,,reverb,madero,126233894897975296,,,,,,,,,,,,,,
listed,2026-04-06T21:05:04.713+00:00,https://reverb.com/item/95721534-2013-ernie-ball-music-man-armada-w-case-sunburst-flame,Music Man,Music Man USA,Armada Case Flame,,2013,,,,1799,,,,reverb,theguitarpit,602222337923743754,,,,,,,,,,,,,,2026-04-06T21:01:26+00:00
listed,2026-04-06T21:11:30.508+00:00,https://reverb.com/item/95709986-gibson-custom-historic-collection-1958-les-paul-standard-reissue-hrm-double-dirty-lemon-8-8900-04-06,Gibson,Gibson Custom Shop,Les Paul Standard,,,,,,4550,,,,reverb,sunny_00,363041371956969472,,,,,,,,,,,,,,
listed,2026-04-06T21:54:08.89+00:00,https://reverb.com/item/95722321-gibson-custom-shop-61-reissue-les-paul-sg-standard-24,Gibson,Gibson Custom Shop,SG Standard,,,,,,2750,,,,reverb,theguitarpit,602222337923743754,,,,,,,,,,,,,,2026-04-06T21:49:46+00:00
listed,2026-04-06T21:56:03.416+00:00,https://reverb.com/item/91888011-b-c-rich-usa-custom-explorer-natural-1985,BC Rich,BC Rich USA Custom Shop,Explorer,,1985,,,,3999,,,,reverb,yellowjack6,908889503173857351,,,,,,,,,,,,,,2025-08-20T20:42:24+00:00
sold,2026-04-06T22:28:49.287+00:00,https://reverb.com/item/95721534-2013-ernie-ball-music-man-armada-w-case-sunburst-flame,Music Man,Music Man USA,Armada Case Flame,,2013,,,,1799,1799,,,reverb,theguitarpit,602222337923743754,0.1,,,,,,,,,,,,,2026-04-06T21:01:26+00:00
listed,2026-04-06T22:40:04.449+00:00,https://reverb.com/item/95721863-gibson-les-paul-custom-1979-silverburst,Gibson,Gibson USA,Les Paul Custom,,1979,,,,5820,,,,reverb,theguitarpit,602222337923743754,,,,,,,,,,,,,,2026-04-06T21:53:02+00:00
listed,2026-04-06T22:41:30.98+00:00,https://reverb.com/item/95718860-2010-prs-mc-58-mccarty-fire-red-burst,PRS,PRS Core,McCarty,,2010,,,,3299,,,,reverb,modean,663012207478571038,,,,,,,,,,,,,,2026-04-06T18:39:16+00:00
listed,2026-04-06T22:42:46.379+00:00,https://reverb.com/item/95722510-paul-reed-smith-mccarty-sc594-10-top,PRS,PRS Core,McCarty,,,,,,2999,,,,reverb,theguitarpit,602222337923743754,,,,,,,,,,,,,,
listed,2026-04-06T22:42:57.886+00:00,https://reverb.com/item/95519062,Yamaha,Yamaha SG/SA Premium,SA-90,,,,,,1509,,,,reverb,shoegazee_,1396700009130491906,,,,,,,,,,,,,,
listed,2026-04-06T22:49:15.337+00:00,https://reverb.com/item/95723446-used-bc-rich-warlock-1988-white,BC Rich,BC Rich Import,Warlock,,1988,,,,1600,,,,reverb,yellowjack6,908889503173857351,,,,,,,,,,,,,,
listed,2026-04-06T22:52:51.823+00:00,https://reverb.com/item/95722389-suhr-pete-thorn-standard-hss-ocean-turquoise-guitar,Suhr,Suhr,Standard,,,,,,2699,,,,reverb,theguitarpit,602222337923743754,,,,,,,,,,,,,,2026-04-06T22:30:57+00:00
listed,2026-04-06T22:52:51.823+00:00,https://reverb.com/item/95714289-kiesel-hyperdrive-6-purple-sunburst,Kiesel,Kiesel / Carvin,Hyperdrive Purple,,,,,,1680,,,,reverb,theguitarpit,602222337923743754,,,,,,,,,,,,,,2026-04-06T22:25:49+00:00
listed,2026-04-06T22:52:51.823+00:00,https://reverb.com/item/95714306-dunable-usa-r2-black,Dunable,,R2,,,,,,2325,,,,reverb,theguitarpit,602222337923743754,,,,,,,,,,,,,,
listed,2026-04-06T22:54:21.814+00:00,https://reverb.com/item/95719262-b-c-rich-bc-platinum-series-warlock-guitar-mik-made-in-korea-headstock-repaired-pink,BC Rich,BC Rich Import,bc Platinum Series,,,,,,499,,,,reverb,yellowjack6,908889503173857351,,,,,,,,,,,,,,
listed,2026-04-06T23:19:11.158+00:00,https://reverb.com/item/95714191-gibson-melody-maker-sparkling-burgundy-1968,Gibson,Gibson USA,Melody Maker,,1968,,,,1995,,,,reverb,madero,126233894897975296,,,,,,,,,,,,,,2026-04-06T22:25:48+00:00
listed,2026-04-06T23:41:49.988+00:00,https://reverb.com/item/95720119-gretsch-corvette-early-to-min-60-s-ish-mahogany,Gretsch,,Corvette,,,,,,700,,,,reverb,shteefe,415010947871277068,,,,,,,,,,,,,,
listed,2026-04-06T23:54:31.05+00:00,https://reverb.com/item/95419807-ampeg-amg1-1990s-2000s-quilted-sunburst,Ampeg,,AMG1 1990s-2000s Quilted,,,,,,600,,,,reverb,colin_90,259101353060597762,,,,,,,,,,,,,,
listed,2026-04-07T01:55:15.424+00:00,https://reverb.com/item/95120630-gibson-sg-limited-run-naked-2016-walnut-vintage-gloss,Gibson,Gibson USA,SG,,2016,,,,2750,,,,reverb,greg1213,288303791109963776,,,,,,,,,,,,,,
sold,2026-04-07T01:58:56.6+00:00,https://reverb.com/item/58835693-big-joe-stomp-box-company-b-302-rock-distortion-made-in-usa,Big Joe,,B-302,,,,,,40,40,,,reverb,greg1213,288303791109963776,1342.2,,,,,,,,,,,,,2022-08-03T20:49:11+00:00
listed,2026-04-07T02:00:25.177+00:00,https://reverb.com/item/95703795-esp-standard-vintage-plus-2007-antiqued-black,ESP,,Standard,,,,,,1364,,,,reverb,greg1213,288303791109963776,,,,,,,,,,,,,,
listed,2026-04-07T02:02:47.501+00:00,https://reverb.com/item/95516139-esp-hybrid-ii-black-1995-w-ohsc,ESP,ESP E-II,Hybrid ii,,1995,,,,1100,,,,reverb,greg1213,288303791109963776,,,,,,,,,,,,,,
price_changed,2026-04-07T02:57:44.452+00:00,https://reverb.com/item/95519062,Yamaha,Yamaha SG/SA Premium,SA-90,,,,,,1509,,,,reverb,shoegazee_,1396700009130491906,,,,,,,,,,,,,,
price_changed,2026-04-07T02:57:58.393+00:00,https://reverb.com/item/95709986-gibson-custom-historic-collection-1958-les-paul-standard-reissue-hrm-double-dirty-lemon-8-8900-04-06,Gibson,Gibson Custom Shop,Les Paul Standard,,,,,,4550,,,,reverb,sunny_00,363041371956969472,,,,,,,,,,,,,,
price_changed,2026-04-07T02:58:42.067+00:00,https://reverb.com/item/95706217-vandermeij-fleshweaver-2026-jagged-black-matte,Vandermeij,,Fleshweaver,,2026,,,,1954,,,,reverb,greg1213,288303791109963776,,,,,,,,,,,,,,
price_changed,2026-04-07T02:58:44.36+00:00,https://reverb.com/item/85419217-ernie-ball-music-man-majesty-6-her-majesty-s-request,Music Man,Music Man USA,Majesty,,2026,,,,4643,,,,reverb,wontongg,214444614189449226,,,,,,,,,,,,,,
price_changed,2026-04-07T02:59:30.29+00:00,https://reverb.com/item/91427362-gibson-es-335-1961-reissue-murphy-lab-heavy-aged-ebony,Gibson,Gibson Custom Shop,ES-335,,,,,,5427,,,,reverb,tsukuyominoryuu,1103673799666311320,,,,,,,,,,,,,,
price_changed,2026-04-07T02:59:32.555+00:00,https://reverb.com/item/95515636-prs-custom-24-core-2007-dark-cherry-sunburst,PRS,PRS Core,Custom 24,,,,,,3740,,,,reverb,tsukuyominoryuu,1103673799666311320,,,,,,,,,,,,,,
price_changed,2026-04-07T02:59:50.838+00:00,https://reverb.com/item/95633184-gibson-custom-shop-les-paul-1960-historic-reissue-electric-guitar-lemonburst-w-ohsc-2006,Gibson,Gibson Custom Shop,Les Paul,,2006,,,,6163,,,,reverb,wontongg,214444614189449226,,,,,,,,,,,,,,
price_changed,2026-04-07T03:00:04.657+00:00,https://reverb.com/item/87916124-splendid-ibanez-universe-uv777p-uv-steve-vai-signature-japan-mij-7string-7-string-prestige-j-custom-mirror-black,Ibanez,Ibanez J.Custom,Prestige,,,,,,3053,,,,reverb,wontongg,214444614189449226,,,,,,,,,,,,,,
price_changed,2026-04-07T03:00:46.253+00:00,https://reverb.com/item/87267056-esp-m-iii-white-sparkle-made-in-japan-1998,ESP,ESP Custom Shop,M-II,,1998,,,,4029,,,,reverb,wontongg,214444614189449226,,,,,,,,,,,,,,
price_changed,2026-04-07T03:00:48.493+00:00,https://reverb.com/item/94723950-esp-holy-grail-guitar-neck-1985-banana,ESP,ESP Original,"""""""Holy Grail"""" Guitar""",,1985,,,,1649,,,,reverb,wontongg,214444614189449226,,,,,,,,,,,,,,
price_changed,2026-04-07T03:00:50.776+00:00,https://reverb.com/item/93207957-1978-greco-ex-800-explorer-destroyer-2459-made-in-fujigen-japan-w-super-real-case-mij,FGN,,Explorer,,1978,,,,3850,,,,reverb,wontongg,214444614189449226,,,,,,,,,,,,,,
listed,2026-04-07T11:27:43.482+00:00,https://reverb.com/en-pt/item/95230949-gibson-es-335-dot-2000-figured-cherry,Gibson,Gibson USA,ES-335,,,,,,3209,,,,reverb,tsukuyominoryuu,1103673799666311320,,,,,,,,,,,,,,
listed,2026-04-07T14:18:31.218+00:00,https://reverb.com/item/95730197-1992-b-c-rich-virgin-platinum-series-black-yellow-crackle-very-rare-sounds-great,BC Rich,,RG,,1992,,,,399,,,,reverb,yellowjack6,908889503173857351,,,,,,,,,,,,,,2026-04-07T11:01:27+00:00
listed,2026-04-07T14:22:31.625+00:00,https://reverb.com/item/95191469-gibson-les-paul-custom-70s-buttercream-top,Gibson,Gibson USA,Les Paul Custom,,,,,,3999,,,,reverb,yellowjack6,908889503173857351,,,,,,,,,,,,,,
listed,2026-04-07T14:51:42.224+00:00,https://reverb.com/item/95732716-very-cool-vintage-b-c-rich-mockingbird-quilt-red-electric-guitar-w-bag,BC Rich,BC Rich Import,Very Cool Mockingbird,,,,,,995,,,,reverb,yellowjack6,908889503173857351,,,,,,,,,,,,,,
price_changed,2026-04-07T14:58:58.25+00:00,https://reverb.com/item/95629406,Jackson,Jackson USA,Flying V,,1997,,,,8499,,,,reverb,erparadox,1079314830508445696,,,,,,,,,,,,,,
price_changed,2026-04-07T15:01:03.956+00:00,https://reverb.com/item/95602437-b-c-rich-gunslinger-2021-candy-red,BC Rich,BC Rich USA Custom Shop,Gunslinger Candy,,2021,,,,2000,,,,reverb,yellowjack6,908889503173857351,,,,,,,,,,,,,,
price_changed,2026-04-07T15:01:08.497+00:00,https://reverb.com/item/95600171-duesenberg-alliance-jeff-darosa-signature-senior-2021-catalina-green-burst,Duesenberg,Duesenberg,Alliance Jeff DaRosa,,2021,,,,2200,,,,reverb,theguitarpit,602222337923743754,,,,,,,,,,,,,,
sold,2026-04-07T15:01:15.393+00:00,https://reverb.com/item/95596636-b-c-rich-bcrsk3-two-sets-of-3-skull-knobs-new-2006-chrome,BC Rich,,BCRSK3 Two sets,,2006,,,,26,26,,,reverb,yellowjack6,908889503173857351,5.5,,,,,,,,,,,,,
listed,2026-04-07T17:26:02.477+00:00,https://reverb.com/item/95582242-gibson-les-paul-standard-1960-sunburst,Gibson,Gibson USA,Les Paul Standard,,1960,,,,443302,,,,reverb,tsukuyominoryuu,1103673799666311320,,,,,,,,,,,,,,
listed,2026-04-07T18:01:15.301+00:00,https://reverb.com/item/86821317-gibson-custom-shop-es-359-2011-ebony-fingerboard-sunburst,Gibson,Gibson Custom Shop,ES-359,,2011,,,,4647,,,,reverb,reverb,,,,,,,,,,,,,,,2025-01-28T04:37:13+00:00
listed,2026-04-07T18:31:11.49+00:00,https://reverb.com/item/95733607-ernie-ball-music-man-albert-lee-solid-rosewood-neck-great-condition-ohsc,Music Man,Music Man USA,Albert Lee,,2015,,,,1735,,,,reverb,theguitarpit,602222337923743754,,,,,,,,,,,,,,2026-04-07T18:12:35+00:00
sold,2026-04-07T18:58:05.263+00:00,https://reverb.com/item/95718860-2010-prs-mc-58-mccarty-fire-red-burst,PRS,PRS Core,McCarty,,2010,,,,3299,3299,,,reverb,modean,663012207478571038,1,,,,,,,,,,,,,2026-04-06T18:39:16+00:00
sold,2026-04-07T18:58:05.445+00:00,https://reverb.com/item/95718860-2010-prs-mc-58-mccarty-fire-red-burst,PRS,PRS Core,McCarty,,2010,,,,3299,3299,,,reverb,modean,663012207478571038,1,,,,,,,,,,,,,2026-04-06T18:39:16+00:00
sold,2026-04-07T18:59:36.709+00:00,https://reverb.com/item/92029460-jr-joey-rico-son-of-bc-rich-founder-bernie-rico-scepter-2024-matte-gray,BC Rich,BC Rich Import,PT,,2024,,,,995,995,,,reverb,yellowjack6,908889503173857351,2.9,,,,,,,,,,,,,
price_changed,2026-04-07T19:00:02.066+00:00,https://reverb.com/item/94512210-kauer-electroliner-2025-verde-chiaro,Kauer,,Electroliner Verde Chiaro,,2025,,,,2250,,,,reverb,madero,126233894897975296,,,,,,,,,,,,,,
sold,2026-04-07T19:01:12.65+00:00,https://reverb.com/item/93207957-1978-greco-ex-800-explorer-destroyer-2459-made-in-fujigen-japan-w-super-real-case-mij,FGN,,Explorer,,1978,,,,3850,3850,,,reverb,wontongg,214444614189449226,5.2,,,,,,,,,,,,,
sold,2026-04-07T20:27:46.706+00:00,https://reverb.com/item/95714191-gibson-melody-maker-sparkling-burgundy-1968,Gibson,Gibson USA,Melody Maker,,1968,,,,1995,,,,reverb,madero,126233894897975296,0.9,,,,,,,,,,,,,2026-04-06T22:25:48+00:00
listed,2026-04-07T21:00:42.339+00:00,https://reverb.com/item/95736947-fender-57-custom-deluxe-2-channel-12-watt-1x12-guitar-combo,Fender,Fender USA,'57 Deluxe 2-Channel,,,,,,1100,,,,reverb,shteefe,415010947871277068,,,,,,,,,,,,,,2026-04-07T18:58:53+00:00
listed,2026-04-07T21:03:23.468+00:00,https://reverb.com/item/95741789-paul-reed-smith-mccarty-usa,PRS,PRS Core,McCarty,,,,,,1599,,,,reverb,theguitarpit,602222337923743754,,,,,,,,,,,,,,2026-04-07T20:55:26+00:00
listed,2026-04-07T21:06:28.842+00:00,https://reverb.com/item/95732968-prs-studio-mango-top-limited-edition-cobalt-smokeburst-1-of-200,PRS,PRS Core,Studio Mango Top,,,,,,5783,,,,reverb,wontongg,214444614189449226,,,,,,,,,,,,,,
listed,2026-04-07T21:08:42.358+00:00,https://reverb.com/item/95742804-used-2017-echopark-la-carne-custom-koa-in-sunburst-excellent-condition-with-ohsc,Echopark,Echopark,La Carne Koa,,2017,,,,4140,,,,reverb,theguitarpit,602222337923743754,,,,,,,,,,,,,,
listed,2026-04-07T21:08:42.358+00:00,https://reverb.com/item/95742600-used-2020-echopark-ghetto-bird-case-study-with-brazilian-rosewood-fingerboard-ziricote-top-excellent-condition-with-ohsc-paperwork,Echopark,Echopark,Ghetto Bird Case,,2020,,,,6699,,,,reverb,theguitarpit,602222337923743754,,,,,,,,,,,,,,
sold,2026-04-07T21:27:28.547+00:00,https://reverb.com/item/95736947-fender-57-custom-deluxe-2-channel-12-watt-1x12-guitar-combo,Fender,Fender USA,'57 Deluxe 2-Channel,,,,,,1100,1100,,,reverb,shteefe,415010947871277068,0.1,,,,,,,,,,,,,2026-04-07T18:58:53+00:00
sold,2026-04-07T21:28:46.385+00:00,https://reverb.com/item/95708621-b-c-rich-warlock-light-pink,BC Rich,BC Rich Import,Warlock Light,,,,,,700,700,,,reverb,yellowjack6,908889503173857351,1.9,,,,,,,,,,,,,2026-04-06T00:47:21+00:00
listed,2026-04-07T21:44:31.286+00:00,https://reverb.com/item/95582195-fender-stratocaster-1958-sonic-blue-refinish,Fender,Fender Custom Shop,Stratocaster,,1958,,,,32407,,,,reverb,shteefe,415010947871277068,,,,,,,,,,,,,,
sold,2026-04-07T21:57:28.692+00:00,https://reverb.com/item/95741789-paul-reed-smith-mccarty-usa,PRS,PRS Core,McCarty,,,,,,1599,1599,,,reverb,theguitarpit,602222337923743754,0,,,,,,,,,,,,,2026-04-07T20:55:26+00:00
sold,2026-04-07T22:59:14.033+00:00,https://reverb.com/item/93982888-framus-diablo-custom-2005-tobacco-sunburst,Framus,,DIABLO,,2005,,,,950,950,,,reverb,greg1213,288303791109963776,9.1,,,,,,,,,,,,,2026-03-29T20:45:00+00:00
price_changed,2026-04-07T23:01:54.012+00:00,https://reverb.com/item/95586573-ernie-ball-music-man-tosin-abasi-signature-kaizen-6-2023-present-mint,Music Man,Music Man USA,Tosin Abasi Kaizen,,,,,,2000,,,,reverb,theguitarpit,602222337923743754,,,,,,,,,,,,,,
sold,2026-04-07T23:02:06.289+00:00,https://www.chicagomusicexchange.com/collections/amps-used/products/bogner-shiva-2-channel-80-watt-guitar-amp-head-2514933,Bogner,,Shiva 2-Channel 80-Watt,,,,,,1295,,,,other,shteefe,415010947871277068,4.3,,,,,,,,,,,,,
sold,2026-04-08T00:27:28.58+00:00,https://reverb.com/item/95733607-ernie-ball-music-man-albert-lee-solid-rosewood-neck-great-condition-ohsc,Music Man,Music Man USA,Albert Lee,,2015,,,,1735,1735,,,reverb,theguitarpit,602222337923743754,0.3,,,,,,,,,,,,,2026-04-07T18:12:35+00:00
listed,2026-04-08T00:46:02.683+00:00,https://reverb.com/item/95748446-matchless-dc-30-2-channel-30-watt-2x12-combo,Matchless,,DC-30 2-Channel 30-Watt,,,,,,2500,,,,reverb,madero,126233894897975296,,,,,,,,,,,,,,2026-04-07T23:49:16+00:00
listed,2026-04-08T01:51:33.535+00:00,https://reverb.com/item/95750031-ernie-ball-music-man-cutlass-rs-hss-with-maple-fretboard-2024-present-blood-orange,Music Man,Music Man USA,Cutlass,,,,,,1280,,,,reverb,theguitarpit,602222337923743754,,,,,,,,,,,,,,2026-04-08T01:47:06+00:00
listed,2026-04-08T01:54:40.463+00:00,https://reverb.com/item/95732910-prs-custom-24-mango-top-limited-edition-sprayer-s-choice-cobalt-smokeburst-1-of-1,PRS,PRS Core,Custom 24,,,,,,5542,,,,reverb,theguitarpit,602222337923743754,,,,,,,,,,,,,,
listed,2026-04-08T01:54:40.463+00:00,https://reverb.com/item/95734133-prs-custom-24-mango-limited-edition-violet-free-shipping,PRS,PRS Core,Custom 24,,,,,,5090,,,,reverb,theguitarpit,602222337923743754,,,,,,,,,,,,,,2026-04-07T16:18:14+00:00
sold,2026-04-08T02:27:24.481+00:00,https://reverb.com/item/95750031-ernie-ball-music-man-cutlass-rs-hss-with-maple-fretboard-2024-present-blood-orange,Music Man,Music Man USA,Cutlass,,,,,,1280,1152,,,reverb,theguitarpit,602222337923743754,0,,,,,,,,,,,,,2026-04-08T01:47:06+00:00
price_changed,2026-04-08T02:57:26.619+00:00,https://reverb.com/item/95582195-fender-stratocaster-1958-sonic-blue-refinish,Fender,Fender Custom Shop,Stratocaster,,1958,,,,32407,,,,reverb,shteefe,415010947871277068,,,,,,,,,,,,,,
price_changed,2026-04-08T02:57:33.54+00:00,https://reverb.com/item/95732968-prs-studio-mango-top-limited-edition-cobalt-smokeburst-1-of-200,PRS,PRS Core,Studio Mango Top,,,,,,5783,,,,reverb,wontongg,214444614189449226,,,,,,,,,,,,,,
price_changed,2026-04-08T02:57:35.818+00:00,https://reverb.com/item/86821317-gibson-custom-shop-es-359-2011-ebony-fingerboard-sunburst,Gibson,Gibson Custom Shop,ES-359,,2011,,,,4647,,,,reverb,reverb,,,,,,,,,,,,,,,2025-01-28T04:37:13+00:00
price_changed,2026-04-08T02:57:38.161+00:00,https://reverb.com/item/95582242-gibson-les-paul-standard-1960-sunburst,Gibson,Gibson USA,Les Paul Standard,,1960,,,,443302,,,,reverb,tsukuyominoryuu,1103673799666311320,,,,,,,,,,,,,,
price_changed,2026-04-08T02:57:47.34+00:00,https://reverb.com/en-pt/item/95230949-gibson-es-335-dot-2000-figured-cherry,Gibson,Gibson USA,ES-335,,,,,,3209,,,,reverb,tsukuyominoryuu,1103673799666311320,,,,,,,,,,,,,,
price_changed,2026-04-08T02:58:12.752+00:00,https://reverb.com/item/95519062,Yamaha,Yamaha SG/SA Premium,SA-90,,,,,,1509,,,,reverb,shoegazee_,1396700009130491906,,,,,,,,,,,,,,
price_changed,2026-04-08T02:59:05.648+00:00,https://reverb.com/item/95706217-vandermeij-fleshweaver-2026-jagged-black-matte,Vandermeij,,Fleshweaver,,2026,,,,1954,,,,reverb,greg1213,288303791109963776,,,,,,,,,,,,,,
price_changed,2026-04-08T02:59:07.969+00:00,https://reverb.com/item/85419217-ernie-ball-music-man-majesty-6-her-majesty-s-request,Music Man,Music Man USA,Majesty,,2026,,,,4643,,,,reverb,wontongg,214444614189449226,,,,,,,,,,,,,,
sold,2026-04-08T02:59:29.532+00:00,https://reverb.com/item/95695663-fano-alt-de-facto-gf6-2010s-tobacco-burst-relic,Fano,Fano,Alt De Facto,,2015,,,,2250,2250,,,reverb,madero,126233894897975296,3.1,,,,,,,,,,,,,2026-04-04T23:42:23+00:00
price_changed,2026-04-08T02:59:50.595+00:00,https://reverb.com/item/91427362-gibson-es-335-1961-reissue-murphy-lab-heavy-aged-ebony,Gibson,Gibson Custom Shop,ES-335,,,,,,5427,,,,reverb,tsukuyominoryuu,1103673799666311320,,,,,,,,,,,,,,
price_changed,2026-04-08T02:59:52.884+00:00,https://reverb.com/item/95515636-prs-custom-24-core-2007-dark-cherry-sunburst,PRS,PRS Core,Custom 24,,,,,,3740,,,,reverb,tsukuyominoryuu,1103673799666311320,,,,,,,,,,,,,,
price_changed,2026-04-08T03:00:11.433+00:00,https://reverb.com/item/95633184-gibson-custom-shop-les-paul-1960-historic-reissue-electric-guitar-lemonburst-w-ohsc-2006,Gibson,Gibson Custom Shop,Les Paul,,2006,,,,6163,,,,reverb,wontongg,214444614189449226,,,,,,,,,,,,,,
price_changed,2026-04-08T03:00:25.234+00:00,https://reverb.com/item/87916124-splendid-ibanez-universe-uv777p-uv-steve-vai-signature-japan-mij-7string-7-string-prestige-j-custom-mirror-black,Ibanez,Ibanez J.Custom,Prestige,,,,,,3053,,,,reverb,wontongg,214444614189449226,,,,,,,,,,,,,,
price_changed,2026-04-08T03:01:06.677+00:00,https://reverb.com/item/87267056-esp-m-iii-white-sparkle-made-in-japan-1998,ESP,ESP Custom Shop,M-II,,1998,,,,4029,,,,reverb,wontongg,214444614189449226,,,,,,,,,,,,,,
price_changed,2026-04-08T03:01:08.942+00:00,https://reverb.com/item/94723950-esp-holy-grail-guitar-neck-1985-banana,ESP,ESP Original,"""""""Holy Grail"""" Guitar""",,1985,,,,1649,,,,reverb,wontongg,214444614189449226,,,,,,,,,,,,,,
sold,2026-04-08T03:58:02.624+00:00,https://reverb.com/item/95722389-suhr-pete-thorn-standard-hss-ocean-turquoise-guitar,Suhr,Suhr,Standard,,,,,,2699,2699,,,reverb,theguitarpit,602222337923743754,1.2,,,,,,,,,,,,,2026-04-06T22:30:57+00:00
listed,2026-04-08T04:01:31.322+00:00,https://reverb.com/item/93997856-rocktron-tsunami-chorus-pedal-w-box-nos-2000s-red,Rocktron,,Tsunami Chorus Pedal W/ Box NOS,,,,,,80,,,,reverb,theguitarpit,602222337923743754,,,,,,,,,,,,,,
listed,2026-04-08T04:28:43.755+00:00,https://reverb.com/item/95748362-eastman-sb59-sb-solid-body-single-cutaway-2010-present-sunburst,Eastman,Eastman,Single Cut,,,,,,999,,,,reverb,theguitarpit,602222337923743754,,,,,,,,,,,,,,
price_changed,2026-04-08T06:57:39.914+00:00,https://reverb.com/item/86821317-gibson-custom-shop-es-359-2011-ebony-fingerboard-sunburst,Gibson,Gibson Custom Shop,ES-359,,2011,,,,4647,,,,reverb,reverb,,,,,,,,,,,,,,,2025-01-28T04:37:13+00:00
price_changed,2026-04-08T10:58:42.881+00:00,https://reverb.com/item/95708968-novo-dealer-limited-2026-chambered-serus-h2-2025-faded-cherry-burst,Novo,Novo,Dealer chambered serus,,2025,,,,4349,,,,reverb,theguitarpit,602222337923743754,,,,,,,,,,,,,,
listed,2026-04-08T13:56:19.111+00:00,https://reverb.com/item/95734302-prs-studio-mango-top-limited-edition-cobalt-smokeburst-325,PRS,PRS Core,325,,,,,,5350,,,,reverb,modean,663012207478571038,,,,,,,,,,,,,,
listed,2026-04-08T13:56:40.96+00:00,https://reverb.com/item/95734220-prs-special-semi-hollow-mango-limited-edition-charcoal-purple-burst-334,PRS,PRS Core,Semi-Hollow,,,,,,5480,,,,reverb,modean,663012207478571038,,,,,,,,,,,,,,
listed,2026-04-08T13:57:05.299+00:00,https://reverb.com/item/95734111-prs-mccarty-594-mango-top-limited-edition-solarflare-470,PRS,PRS Core,McCarty 594,,,,,,5230,,,,reverb,modean,663012207478571038,,,,,,,,,,,,,,
listed,2026-04-08T14:01:48.766+00:00,https://reverb.com/item/84312715-guild-x-50-granada-1957-franz-pickup,Guild,Guild Import,X-50 Granada- 1957-,,1957,,,,1599,,,,reverb,greg1213,288303791109963776,,,,,,,,,,,,,,
listed,2026-04-08T14:32:38.238+00:00,https://reverb.com/item/95713495-shabat-lynx-dz,Shabat,,Lynx DZ,,,,,,3500,,,,reverb,theguitarpit,602222337923743754,,,,,,,,,,,,,,
sold,2026-04-08T15:01:41.137+00:00,https://reverb.com/item/95599784-rare-prs-dustie-waring-signature-ce-24-hardtail-2023-present-gray-black-wrap,PRS,PRS CE,CE 24,,,,,,1975,1975,,,reverb,theguitarpit,602222337923743754,6.3,,,,,,,,,,,,,
listed,2026-04-08T15:09:37.034+00:00,https://reverb.com/item/95504589-axl-jacknife-flying-v-electric-guitar,AXL,,Flying V,,,,,,250,,,,reverb,greg1213,288303791109963776,,,,,,,,,,,,,,
listed,2026-04-08T15:11:43.496+00:00,https://www.musiciansfriend.com/guitars/axl-bloodsport-fireax-electric-guitar,AXL,,&nbsp;Bloodsport Fireax Electric,,,,,,374.99,,,,other,greg1213,288303791109963776,,,,,,,,,,,,,,
listed,2026-04-08T15:18:28.86+00:00,https://reverb.com/item/95761571-1989-ibanez-dyuke-id75-fujigen-electric-guitar-light-amber-with-gigbag,FGN,,Ibanez Dyuke ID75,,1989,,,,1850,,,,reverb,theguitarpit,602222337923743754,,,,,,,,,,,,,,
listed,2026-04-08T15:21:50.355+00:00,https://reverb.com/item/95761377-1992-b-c-rich-warlock-mij-white-w-licensed-floyd-rose-double-locking-tremolo-certified-shred-pedigree,BC Rich,BC Rich Import,Warlock Licensed Floyd,,1992,,,,2000,,,,reverb,yellowjack6,908889503173857351,,,,,,,,,,,,,,
listed,2026-04-08T15:27:21.423+00:00,https://reverb.com/item/95750139-aristides-060-galactic-sparkle-gloss-floyd,Aristides,Aristides,060,,,,,,3999,,,,reverb,wontongg,214444614189449226,,,,,,,,,,,,,,2026-04-08T01:46:31+00:00
listed,2026-04-08T15:39:09.973+00:00,https://reverb.com/item/95734318-vintage-1970s-greco-sg-350t-electric-guitar-heritage-cherry-w-ohsc-japan-mij,Greco,,Heritage,,,,,,1079,,,,reverb,greg1213,288303791109963776,,,,,,,,,,,,,,2026-04-07T16:42:25+00:00
listed,2026-04-08T15:40:04.154+00:00,https://reverb.com/item/95733265-1992-takamine-td-25-excellent-condition-lawsuit-martin-style-low-action-vintage-tone,Vintage,,Takamine TD-25 Condition,,1992,,,,562,,,,reverb,greg1213,288303791109963776,,,,,,,,,,,,,,
listed,2026-04-08T16:46:26.884+00:00,https://reverb.com/item/95766594-fender-jaguar-1963-natural-highly-modified-jack-obalivian,Fender,Fender Custom Shop,Jaguar,,1963,,,,2200,,,,reverb,theguitarpit,602222337923743754,,,,,,,,,,,,,,2026-04-08T16:44:18+00:00
listed,2026-04-08T17:20:38.281+00:00,https://reverb.com/item/95761052-1979-greco-goii750-electric-guitar-w-neck-through-construction-versatile-electronics-hybrid-bone-brass-nut-gigbag,Greco,,GOII750 Electric Guitar,,1979,,,,1375,,,,reverb,greg1213,288303791109963776,,,,,,,,,,,,,,
sold,2026-04-08T17:27:21.793+00:00,https://reverb.com/item/95766594-fender-jaguar-1963-natural-highly-modified-jack-obalivian,Fender,Fender Custom Shop,Jaguar,,1963,,,,2200,2200,,,reverb,theguitarpit,602222337923743754,0,,,,,,,,,,,,,2026-04-08T16:44:18+00:00
listed,2026-04-08T17:43:42.483+00:00,https://reverb.com/item/95761024-1982-b-c-rich-eagle-guitar-natural-w-vintage-dimarzio-pickups-neil-moser-electronics-ohsc,BC Rich,BC Rich USA Custom Shop,Eagle Guitar DiMarzio,,1982,,,,4750,,,,reverb,sunny_00,363041371956969472,,,,,,,,,,,,,,
price_changed,2026-04-08T18:58:57.925+00:00,https://reverb.com/item/95717461-fender-pro-reverb-drip-edge-2-channel-40-watt-2x12-guitar-combo-1968-1969-silverface,Fender,Fender USA,"""Pro Reverb """"Drip""",,,,,,1075,,,,reverb,madero,126233894897975296,,,,,,,,,,,,,,
price_changed,2026-04-08T18:59:16.177+00:00,https://reverb.com/item/95715580-vintage-b-c-rich-ironbird-gig-bag-soft-case-80-90s,BC Rich,,Ironbird Gig bag,,,,,,89,,,,reverb,greg1213,288303791109963776,,,,,,,,,,,,,,
price_changed,2026-04-08T19:01:04.57+00:00,https://reverb.com/item/95610126-castedosa-guitars-abi,Castedosa,,Guitars ABI,,,,,,6241,,,,reverb,theguitarpit,602222337923743754,,,,,,,,,,,,,,
price_changed,2026-04-08T19:01:11.542+00:00,https://reverb.com/item/95610311-1957-fender-stratocaster,Fender,Fender Custom Shop,Stratocaster,,,,,,51500,,,,reverb,theguitarpit,602222337923743754,,,,,,,,,,,,,,
listed,2026-04-08T19:36:26.613+00:00,https://reverb.com/item/95771918-prs-dc22-santana-stoptail-livingston-lemondrop-one-piece-top,PRS,PRS Core,Santana,,2011,,,,3650,,,,reverb,theguitarpit,602222337923743754,,,,,,,,,,,,,,
listed,2026-04-08T19:45:14.266+00:00,https://reverb.com/item/95774135-ibanez-js1000-2007-black-pearl-8457,Ibanez,Ibanez Prestige,JS1000,,2007,,,,999,,,,reverb,theguitarpit,602222337923743754,,,,,,,,,,,,,,2026-04-08T19:09:11+00:00
listed,2026-04-08T19:59:32.701+00:00,https://reverb.com/item/95746317-palir-phoenix-aged-sunburst-mastery-trem-2022,Palir,,Phoenix,,2022,,,,2900,,,,reverb,madero,126233894897975296,,,,,,,,,,,,,,
listed,2026-04-08T20:04:10.837+00:00,https://reverb.com/item/95776259-1990s-tokai-love-rock-model-made-in-japan-customized-seymour-duncan-p90-gotoh-gold-hard-ware,Tokai,,1990s Love Rock,,,,,,1500,,,,reverb,theguitarpit,602222337923743754,,,,,,,,,,,,,,
listed,2026-04-08T20:13:24.641+00:00,https://reverb.com/item/92772107-big-ear-pedals-slice-of-pie-fuzz-free-international-shipping,National,,BIG EAR Pedals,,2022,,,,201,,,,reverb,hanswolo,627563151151595605,,,,,,,,,,,,,,
listed,2026-04-08T20:24:13.008+00:00,https://reverb.com/item/95383730-prs-private-stock-custom-24-2025-supernova-12059,PRS,PRS Private Stock,Custom 24,,2025,,,,8500,,,,reverb,wontongg,214444614189449226,,,,,,,,,,,,,,
listed,2026-04-08T20:25:35.888+00:00,https://reverb.com/item/94706328-gibson-sg-standard-61-in-translucent-teal-2026-on-sale-this-week-4-8-4-12,Gibson,Gibson USA,SG Standard,,,,,,1699,,,,reverb,greg1213,288303791109963776,,,,,,,,,,,,,,
listed,2026-04-08T20:28:34.37+00:00,https://reverb.com/item/89959724-yamaha-pacifica-pacs-12-standard-plus-ash-pink-3474,Yamaha,Yamaha Pacifica,Standard,,,,,,1350,,,,reverb,wontongg,214444614189449226,,,,,,,,,,,,,,
listed,2026-04-08T20:31:20.861+00:00,https://reverb.com/item/86730587-prs-special-semi-hollow-metallic-black-7641,PRS,PRS Core,Semi-Hollow,,,,,,5060,,,,reverb,wontongg,214444614189449226,,,,,,,,,,,,,,
listed,2026-04-08T20:34:56.246+00:00,https://reverb.com/item/95747982-2010-prs-mc-58-mccarty-flame-maple-artist-top-fire-red-burst,PRS,PRS Core,McCarty,,2010,,,,3499,,,,reverb,wontongg,214444614189449226,,,,,,,,,,,,,,
listed,2026-04-08T20:44:52.519+00:00,https://reverb.com/item/95002587-1993-dave-mustaine-jackson-king-v-japan,Jackson,Jackson USA,King V,,1993,,,,4750,,,,reverb,hanswolo,627563151151595605,,,,,,,,,,,,,,
listed,2026-04-08T20:52:51.11+00:00,https://hiendguitar.com/products/esp-original-horizon-iii-liquid-metal-silver-w-gold-package-e1240242?_pos=554&_fid=27e9cc1ec&_ss=c,ESP,ESP Original,Original,,,,,,94000000,,,,other,wontongg,214444614189449226,,,,,,,,,,,,,,
sold,2026-04-08T21:07:38.715+00:00,https://reverb.com/item/95721863-gibson-les-paul-custom-1979-silverburst,Gibson,Gibson USA,Les Paul Custom,,1979,,,,5820,5820,,,reverb,theguitarpit,602222337923743754,2,,,,,,,,,,,,,2026-04-06T21:53:02+00:00
price_changed,2026-04-08T21:11:06.451+00:00,https://reverb.com/item/95706617-gibson-les-paul-axcess-custom-2025-ebony,Gibson,Gibson USA,Les Paul,,2025,,,,4250,,,,reverb,greg1213,288303791109963776,,,,,,,,,,,,,,
sold,2026-04-08T21:13:00.616+00:00,https://reverb.com/item/95608762-prs-2010-custom-24-10-top-in-dark-cherry-sunburst,PRS,PRS Core,Custom 24,,2010,,,,2199,2199,,,reverb,theguitarpit,602222337923743754,6.1,,,,,,,,,,,,,
sold,2026-04-08T21:13:59.562+00:00,https://www.chicagomusicexchange.com/collections/electric-guitars-used/products/gibson-sg-custom-cme-spec-vos-ultra-violet-2023-2528441,Gibson,Gibson Custom Shop,SG Custom,,,,,,4495,,,,other,shteefe,415010947871277068,5.3,,,,,,,,,,,,,
listed,2026-04-08T21:19:53.989+00:00,https://reverb.com/item/95268202-1991-ibanez-saber-japan-usa-custom-made-electric-blue,Ibanez,Ibanez USA Custom,Saber Made Electric,,1991,,,,850,,,,reverb,shteefe,415010947871277068,,,,,,,,,,,,,,
listed,2026-04-08T21:24:56.562+00:00,https://reverb.com/item/86407766-ibanez-s470-1997-japan-mint,Ibanez,Ibanez Prestige,S470,,,,,Mint,1401,,,Tatto Shop,reverb,hibby_,230107654758858753,,1,2777,94,"Caserta, Italy",CE,IT,0.99,40,false,false,JP,Sol Mahogany,2024-12-31T12:34:59+00:00
listed,2026-04-08T21:29:01.473+00:00,https://reverb.com/item/92418632-ibanez-rga622xh,Ibanez,Ibanez Prestige,RG,,,,,,2500,,,,reverb,theguitarpit,602222337923743754,,,,,,,,,,,,,,
listed,2026-04-08T21:30:11.22+00:00,https://reverb.com/item/95780435-bigsby-electric-tenor-guitar-owned-and-played-by-smokey-stoltenberg-electric-guitar-1949-ser-10149-original-black-hard-shell-case,Bigsby,,original,,1949,,,,190000,,,,reverb,theguitarpit,602222337923743754,,,,,,,,,,,,,,
listed,2026-04-08T22:04:18.646+00:00,https://reverb.com/item/95781866-2003-fender-custom-shop-showmaster-neck-thru-electric-guitar-birdseye-blue-quilt-ohsc,Fender,Fender Custom Shop,Showmaster Neck Thru,,2003,,,,2495,,,,reverb,theguitarpit,602222337923743754,,,,,,,,,,,,,,
listed,2026-04-08T23:25:09.708+00:00,https://reverb.com/item/95784024-prs-custom-24-antique-white,PRS,PRS Core,Custom 24,,,,,,3000,,,,reverb,theguitarpit,602222337923743754,,,,,,,,,,,,,,
listed,2026-04-08T23:29:42.231+00:00,https://reverb.com/item/95698365-esp-e-ii-eclipse-2016-present-black-satin,ESP,ESP E-II,Eclipse,,,,,,1650,,,,reverb,hibby_,230107654758858753,,,,,,,,,,,,,,2026-04-05T03:41:06+00:00
listed,2026-04-08T23:33:15.953+00:00,https://reverb.com/item/95781646-vintage-1962-gibson-barney-kessel-custom-archtop-hollowbody-electric-guitar-cherry-sunburst-ohsc,Gibson,Gibson USA,Hollowbody,,1962,,,,9995,,,,reverb,greg1213,288303791109963776,,,,,,,,,,,,,,
listed,2026-04-08T23:36:25.133+00:00,https://reverb.com/item/95781600-lapdancer-holey-telecaster-butterscotch-blonde-gig-bag-6906,Lapdancer,,Telecaster,,,,,,995,,,,reverb,hibby_,230107654758858753,,,,,,,,,,,,,,
listed,2026-04-09T00:01:08.231+00:00,https://reverb.com/item/95720486-eastman-sb59-v-redburst,Eastman,Eastman,SB59/v Redburst,,,,,,1600,,,,reverb,greg1213,288303791109963776,,,,,,,,,,,,,,
listed,2026-04-09T00:02:12.169+00:00,https://reverb.com/item/95695914-used-eastman-t64-v-gb-antique-goldburst-w-case-tss6915,Eastman,Eastman,T64/V-GB Antique Goldburst,,,,,,1500,,,,reverb,greg1213,288303791109963776,,,,,,,,,,,,,,2026-04-04T22:06:04+00:00
listed,2026-04-09T00:34:22.914+00:00,https://reverb.com/item/95711761-rks-dark-star-black-satin-w-hardcase,RKS,,RKS Dark Star BLACK SATIN ELEC GUITAR,,,,,,999,,,,reverb,greg1213,288303791109963776,,,,,,,,,,,,,,
listed,2026-04-09T00:52:37.283+00:00,https://musicgoround.com/locations/rock-hill-sc/product/S000012378/ARISTIDES-060-DARK-GREY-SAPPHIRE?searchid=22971067&search_query=Aristides,Aristides,Aristides,Metal,,,,,,2599.99,,,,other,greg1213,288303791109963776,,,,,,,,,,,,,,
price_changed,2026-04-09T01:04:12.072+00:00,https://reverb.com/item/86407766-ibanez-s470-1997-japan-mint,Ibanez,Ibanez Prestige,S470,,,,,Mint,1401,,,Tatto Shop,reverb,hibby_,230107654758858753,,1,2777,94,"Caserta, Italy",CE,IT,0.99,40,false,false,JP,Sol Mahogany,2024-12-31T12:34:59+00:00
price_changed,2026-04-09T01:04:30.377+00:00,https://reverb.com/item/92772107-big-ear-pedals-slice-of-pie-fuzz-free-international-shipping,National,,BIG EAR Pedals,,2022,,,,201,,,,reverb,hanswolo,627563151151595605,,,,,,,,,,,,,,
sold,2026-04-09T01:04:45.95+00:00,https://reverb.com/item/95750139-aristides-060-galactic-sparkle-gloss-floyd,Aristides,Aristides,060,,,,,,3999,3999,,,reverb,wontongg,214444614189449226,1,,,,,,,,,,,,,2026-04-08T01:46:31+00:00
price_changed,2026-04-09T01:04:46.405+00:00,https://reverb.com/item/95733265-1992-takamine-td-25-excellent-condition-lawsuit-martin-style-low-action-vintage-tone,Vintage,,Takamine TD-25 Condition,,1992,,,,562,,,,reverb,greg1213,288303791109963776,,,,,,,,,,,,,,
sold,2026-04-09T01:04:50.955+00:00,https://reverb.com/item/95750139-aristides-060-galactic-sparkle-gloss-floyd,Aristides,Aristides,060,,,,,,3999,3999,,,reverb,wontongg,214444614189449226,1,,,,,,,,,,,,,2026-04-08T01:46:31+00:00
sold,2026-04-09T01:05:15.539+00:00,https://reverb.com/item/95748446-matchless-dc-30-2-channel-30-watt-2x12-combo,Matchless,,DC-30 2-Channel 30-Watt,,,,,,2500,2500,,,reverb,madero,126233894897975296,1.1,,,,,,,,,,,,,2026-04-07T23:49:16+00:00
price_changed,2026-04-09T01:05:15.981+00:00,https://reverb.com/item/95732910-prs-custom-24-mango-top-limited-edition-sprayer-s-choice-cobalt-smokeburst-1-of-1,PRS,PRS Core,Custom 24,,,,,,5542,,,,reverb,theguitarpit,602222337923743754,,,,,,,,,,,,,,
sold,2026-04-09T01:05:20.526+00:00,https://reverb.com/item/95748446-matchless-dc-30-2-channel-30-watt-2x12-combo,Matchless,,DC-30 2-Channel 30-Watt,,,,,,2500,2500,,,reverb,madero,126233894897975296,1.1,,,,,,,,,,,,,2026-04-07T23:49:16+00:00
price_changed,2026-04-09T01:05:22.804+00:00,https://reverb.com/item/95582195-fender-stratocaster-1958-sonic-blue-refinish,Fender,Fender Custom Shop,Stratocaster,,1958,,,,32407,,,,reverb,shteefe,415010947871277068,,,,,,,,,,,,,,
price_changed,2026-04-09T01:05:29.614+00:00,https://reverb.com/item/95732968-prs-studio-mango-top-limited-edition-cobalt-smokeburst-1-of-200,PRS,PRS Core,Studio Mango Top,,,,,,5783,,,,reverb,wontongg,214444614189449226,,,,,,,,,,,,,,
price_changed,2026-04-09T01:05:31.874+00:00,https://reverb.com/item/86821317-gibson-custom-shop-es-359-2011-ebony-fingerboard-sunburst,Gibson,Gibson Custom Shop,ES-359,,2011,,,,4647,,,,reverb,reverb,,,,,,,,,,,,,,,2025-01-28T04:37:13+00:00
price_changed,2026-04-09T01:05:34.161+00:00,https://reverb.com/item/95582242-gibson-les-paul-standard-1960-sunburst,Gibson,Gibson USA,Les Paul Standard,,1960,,,,443302,,,,reverb,tsukuyominoryuu,1103673799666311320,,,,,,,,,,,,,,
price_changed,2026-04-09T01:05:43.313+00:00,https://reverb.com/en-pt/item/95230949-gibson-es-335-dot-2000-figured-cherry,Gibson,Gibson USA,ES-335,,,,,,3209,,,,reverb,tsukuyominoryuu,1103673799666311320,,,,,,,,,,,,,,
price_changed,2026-04-09T01:06:06.097+00:00,https://reverb.com/item/95519062,Yamaha,Yamaha SG/SA Premium,SA-90,,,,,,1509,,,,reverb,shoegazee_,1396700009130491906,,,,,,,,,,,,,,
price_changed,2026-04-09T01:06:15.205+00:00,https://reverb.com/item/95709986-gibson-custom-historic-collection-1958-les-paul-standard-reissue-hrm-double-dirty-lemon-8-8900-04-06,Gibson,Gibson Custom Shop,Les Paul Standard,,,,,,4550,,,,reverb,sunny_00,363041371956969472,,,,,,,,,,,,,,
price_changed,2026-04-09T01:06:56.402+00:00,https://reverb.com/item/95706217-vandermeij-fleshweaver-2026-jagged-black-matte,Vandermeij,,Fleshweaver,,2026,,,,1954,,,,reverb,greg1213,288303791109963776,,,,,,,,,,,,,,
price_changed,2026-04-09T01:06:58.691+00:00,https://reverb.com/item/85419217-ernie-ball-music-man-majesty-6-her-majesty-s-request,Music Man,Music Man USA,Majesty,,2026,,,,4643,,,,reverb,wontongg,214444614189449226,,,,,,,,,,,,,,
price_changed,2026-04-09T01:07:05.554+00:00,https://reverb.com/item/95119731-tomson-gw-450-1970s-mij-vintage-dreadnought-acoustic-guitar-natural-japan?bk=eyJhbGciOiJIUzI1NiJ9.eyJqdGkiOiI1ZGYwZTNlYi00NGVjLTQ0MDctOTYwZC1hNDU0ZDIyNjEwNTEiLCJpYXQiOjE3NzU0MTY4NTAsInVzZXJfaWQiOiIyNTM4NzQ3Iiwic2Vzc2lvbl9pZCI6ImZhNGNlMzMyLTU0MTUtNDJkNi1hM2Q0LTc4M2Y4YTM4NzE2MSIsImNvb2tpZV9pZCI6IjQ2YTEwMjIzLWY4Y2MtNDhmMy04NGU1LTBjZGIyODM3ZGI0MiIsInByb2R1Y3RfaWQiOiI5NTExOTczMSIsInNvdXJjZSI6Ik5PTkUifQ.6CEWBYfRJYMi6HYkuMUyQpT9PNdxopJbZoxHM2UIGRY,Vintage,,TOMSON GW-450 1970s,,,,,,710,,,,reverb,greg1213,288303791109963776,,,,,,,,,,,,,,
price_changed,2026-04-09T01:07:37.692+00:00,https://reverb.com/item/91427362-gibson-es-335-1961-reissue-murphy-lab-heavy-aged-ebony,Gibson,Gibson Custom Shop,ES-335,,,,,,5427,,,,reverb,tsukuyominoryuu,1103673799666311320,,,,,,,,,,,,,,
price_changed,2026-04-09T01:07:40.023+00:00,https://reverb.com/item/95515636-prs-custom-24-core-2007-dark-cherry-sunburst,PRS,PRS Core,Custom 24,,,,,,3740,,,,reverb,tsukuyominoryuu,1103673799666311320,,,,,,,,,,,,,,
price_changed,2026-04-09T01:07:58.487+00:00,https://reverb.com/item/95633184-gibson-custom-shop-les-paul-1960-historic-reissue-electric-guitar-lemonburst-w-ohsc-2006,Gibson,Gibson Custom Shop,Les Paul,,2006,,,,6163,,,,reverb,wontongg,214444614189449226,,,,,,,,,,,,,,
price_changed,2026-04-09T01:08:12.208+00:00,https://reverb.com/item/87916124-splendid-ibanez-universe-uv777p-uv-steve-vai-signature-japan-mij-7string-7-string-prestige-j-custom-mirror-black,Ibanez,Ibanez J.Custom,Prestige,,,,,,3053,,,,reverb,wontongg,214444614189449226,,,,,,,,,,,,,,
price_changed,2026-04-09T01:08:51.172+00:00,https://reverb.com/item/87267056-esp-m-iii-white-sparkle-made-in-japan-1998,ESP,ESP Custom Shop,M-II,,1998,,,,4029,,,,reverb,wontongg,214444614189449226,,,,,,,,,,,,,,
price_changed,2026-04-09T01:08:53.456+00:00,https://reverb.com/item/94723950-esp-holy-grail-guitar-neck-1985-banana,ESP,ESP Original,"""""""Holy Grail"""" Guitar""",,1985,,,,1649,,,,reverb,wontongg,214444614189449226,,,,,,,,,,,,,,
sold,2026-04-09T01:09:05.461+00:00,https://musicgoround.com/locations/rock-hill-sc/product/S000012378/ARISTIDES-060-DARK-GREY-SAPPHIRE?searchid=22971067&search_query=Aristides,Aristides,Aristides,Metal,,,,,,2599.99,,,,other,greg1213,288303791109963776,0,,,,,,,,,,,,,
listed,2026-04-09T01:41:06.997+00:00,https://reverb.com/item/95781655-minty-2013-prs-custom-figured-walnut-limited-edition-semi-hollow-electric-guitar-w-brazilian-board-ohsc-6098,PRS,PRS Core,Semi-Hollow,,2013,,,,4495,,,,reverb,greg1213,288303791109963776,,,,,,,,,,,,,,
brand_categorized,2026-04-09T03:13:44.235+00:00,https://www.musiciansfriend.com/guitars/axl-bloodsport-fireax-electric-guitar,AXL,,&nbsp;Bloodsport Fireax Electric,,,,,,374.99,,,,other,greg1213,288303791109963776,,,,,,,,,,,,,,
brand_categorized,2026-04-09T03:13:44.235+00:00,https://reverb.com/item/95504589-axl-jacknife-flying-v-electric-guitar,AXL,,Flying V,,,,,,250,,,,reverb,greg1213,288303791109963776,,,,,,,,,,,,,,
brand_categorized,2026-04-09T03:13:49.129+00:00,https://reverb.com/item/95780435-bigsby-electric-tenor-guitar-owned-and-played-by-smokey-stoltenberg-electric-guitar-1949-ser-10149-original-black-hard-shell-case,Bigsby,,original,,1949,,,,190000,,,,reverb,theguitarpit,602222337923743754,,,,,,,,,,,,,,
listed,2026-04-09T05:44:37.012+00:00,https://reverb.com/item/95793288-prs-kl-380-korina-2009,PRS,PRS Core,KL 380-Korina,,2008,,,,2500,,,,reverb,theguitarpit,602222337923743754,,,,,,,,,,,,,,2026-04-09T02:28:34+00:00
listed,2026-04-09T05:45:32.413+00:00,https://reverb.com/item/95794231-waterslide-coodercaster-2021-bel-air-blue,Teisco,,Waterslide Coodercaster Bel,,2021,,,,2199,,,,reverb,theguitarpit,602222337923743754,,,,,,,,,,,,,,2026-04-09T03:19:09+00:00
listed,2026-04-09T05:51:01.838+00:00,https://reverb.com/item/95796491-1987-g-l-invader-hss-electric-guitar-w-ohsc-g016944-white,G&L,G&L USA,Invader,,1987,,,,2099,,,,reverb,theguitarpit,602222337923743754,,,,,,,,,,,,,,
listed,2026-04-09T05:52:45.583+00:00,https://reverb.com/item/95794655-prs-se-customized-silver-sky-2022-2025-stone-blue,PRS,PRS Core,Silver Sky,,,,,,1000,,,,reverb,theguitarpit,602222337923743754,,,,,,,,,,,,,,
price_changed,2026-04-09T06:52:19.97+00:00,https://reverb.com/item/95576519-knaggs-kenai-t-hb-semi-hollow-creme-2025-w-ohsc-bare-knuckle-mules-7lb-5oz,Knaggs,Knaggs,Kenai,,2025,,,,3299,,,,reverb,greg1213,288303791109963776,,,,,,,,,,,,,,2026-03-31T22:34:32+00:00
listed,2026-04-09T12:19:00.319+00:00,https://reverb.com/item/95397706-1971-gibson-les-paul-deluxe-goldtop,Gibson,Gibson USA,Les Paul Deluxe,,,,,,4498,,,,reverb,doesitslaptho,659997698300051472,,,,,,,,,,,,,,2026-03-25T08:42:08+00:00
price_changed,2026-04-09T14:46:40.457+00:00,https://reverb.com/item/95715580-vintage-b-c-rich-ironbird-gig-bag-soft-case-80-90s,BC Rich,,Ironbird Gig bag,,,,,,89,,,,reverb,greg1213,288303791109963776,,,,,,,,,,,,,,
sold,2026-04-09T15:13:59.987+00:00,https://reverb.com/item/95695914-used-eastman-t64-v-gb-antique-goldburst-w-case-tss6915,Eastman,Eastman,T64/V-GB Antique Goldburst,,,,,,1500,1499.99,,,reverb,greg1213,288303791109963776,4.7,,,,,,,,,,,,,2026-04-04T22:06:04+00:00
listed,2026-04-09T15:22:42.132+00:00,https://www.guitarcenter.com/Used/Fender/Vintage-Vintage-1951-Fender-Nocaster-Blonde-Solid-Body-Electric-Guitar.gc?algoliaQueryID=6ba60f07f87d540118d619062c0d7f75&algoliaIndexName=cD-guitarcenter,Fender,Fender Custom Shop,Nocaster Solid Body,,,,,,26999.99,,,,other,doesitslaptho,659997698300051472,,,,,,,,,,,,,,
listed,2026-04-09T15:42:14.482+00:00,https://reverb.com/item/95819307-prs-silver-sky-john-mayer-signature-dead-spec-2023-present-moc-sand-satin-nitro,PRS,PRS Core,Silver Sky,,,,,,4750,,,,reverb,theguitarpit,602222337923743754,,,,,,,,,,,,,,2026-04-09T15:15:56+00:00
listed,2026-04-09T15:43:24.616+00:00,https://reverb.com/item/95576519,Knaggs,Knaggs,Kenai,,2025,,,,3299,,,,reverb,shoegazee_,1396700009130491906,,,,,,,,,,,,,,2026-03-31T22:34:32+00:00
listed,2026-04-09T15:46:44.546+00:00,https://reverb.com/item/95565792-b-c-rich-warlock-white-tribal,BC Rich,BC Rich Import,Warlock Tribal,,,,,,250,,,,reverb,yellowjack6,908889503173857351,,,,,,,,,,,,,,
listed,2026-04-09T16:27:01.673+00:00,https://ish.guitars/collections/paul-reed-smith/products/2024-prs-private-stock-custom-22-12-string-double-neck-indigo-glow,PRS,PRS Private Stock,Custom 22,,,,,,14999.99,,,,other,macoguitars,354647445839544333,,,,,,,,,,,,,,
sold,2026-04-09T16:45:01.135+00:00,https://reverb.com/item/95734318-vintage-1970s-greco-sg-350t-electric-guitar-heritage-cherry-w-ohsc-japan-mij,Greco,,Heritage,,,,,,1079,1079,,,reverb,greg1213,288303791109963776,2,,,,,,,,,,,,,2026-04-07T16:42:25+00:00
listed,2026-04-09T17:56:53.185+00:00,https://reverb.com/item/95822390-1980-dean-e-lite-super-rare-yellow,Dean,,E’lite Super Rare,,1980,,,,4922,,,,reverb,doesitslaptho,659997698300051472,,,,,,,,,,,,,,
listed,2026-04-09T18:59:11.938+00:00,https://reverb.com/item/95436813-prs-custom-24-1990-tiger-s-eye-burst,PRS,PRS Core,Custom 24,,,,,Excellent,4399,,,,reverb,Shteefe,,,0,,,,,,,,,,,,
listed,2026-04-09T19:53:31.621+00:00,https://reverb.com/item/95791415-1997-usa-bc-rich-mockingbird-flame-maple-bernie-rico-signed-custom-shop-original-parts-case,BC Rich,BC Rich USA Custom Shop,Original,,1997,,,,2567,,,,reverb,shteefe,415010947871277068,,,,,,,,,,,,,,2026-04-09T02:30:36+00:00
listed,2026-04-09T20:07:36.355+00:00,https://reverb.com/item/95795018-ts-guitars-dst-pro24-031971-04-09,T's Guitars,,DST Pro24,,,,,,2045,,,,reverb,wontongg,214444614189449226,,,,,,,,,,,,,,2026-04-09T04:14:35+00:00
listed,2026-04-09T20:26:08.973+00:00,https://reverb.com/item/95825307-1989-ibanez-jem777vbk-steve-vai,Ibanez,Ibanez J.Custom,JEM,,1988,,,,3950,,,,reverb,greg1213,288303791109963776,,,,,,,,,,,,,,
listed,2026-04-09T20:39:56.225+00:00,https://reverb.com/item/95826216-b-c-rich-ironbird-mk1-legacy-kahler-black,BC Rich,,Legacy,,2023,,,,995,,,,reverb,yellowjack6,908889503173857351,,,,,,,,,,,,,,2026-04-09T20:35:10+00:00
listed,2026-04-09T22:40:03.901+00:00,https://reverb.com/item/95827813-washburn-custom-usa-strandberg-misha-mansoor-boden-6-4-11,Washburn,Washburn USA Custom,Boden,,,,,,2974,,,,reverb,shteefe,415010947871277068,,,,,,,,,,,,,,2026-04-09T21:50:32+00:00
listed,2026-04-09T22:41:43.869+00:00,https://reverb.com/item/95827941-kahler-bridge-chrome-1980s,Kahler,,Bridge 1980's,,,,,,99,,,,reverb,shteefe,415010947871277068,,,,,,,,,,,,,,2026-04-09T21:36:55+00:00
listed,2026-04-09T22:43:09.463+00:00,https://reverb.com/item/95708472-prs-custom-24-1989-yellow-sunburst,PRS,PRS Core,Custom 24,,1989,,,,4850,,,,reverb,shteefe,415010947871277068,,,,,,,,,,,,,,
sold,2026-04-09T22:43:50.426+00:00,https://reverb.com/item/95826216-b-c-rich-ironbird-mk1-legacy-kahler-black,BC Rich,,Legacy,,2023,,,,995,995,,,reverb,yellowjack6,908889503173857351,0.1,,,,,,,,,,,,,2026-04-09T20:35:10+00:00
sold,2026-04-09T22:43:50.667+00:00,https://reverb.com/item/95826216-b-c-rich-ironbird-mk1-legacy-kahler-black,BC Rich,,Legacy,,2023,,,,995,995,,,reverb,yellowjack6,908889503173857351,0.1,,,,,,,,,,,,,2026-04-09T20:35:10+00:00
listed,2026-04-09T22:44:02.577+00:00,https://reverb.com/item/95826330-gibson-custom-shop-1957-les-paul-standard-trg-stinger-series-1-hum-gecko-green-sparkle-vos-2025-w-ohsc,Gibson,Gibson Custom Shop,Les Paul Standard,,2025,,,,6800,,,,reverb,theguitarpit,602222337923743754,,,,,,,,,,,,,,
listed,2026-04-09T22:44:55.167+00:00,https://reverb.com/item/95828473-james-tyler-burning-water-2k-usa,Tyler,,Burning Water 2K,,,,,,4057,,,,reverb,theguitarpit,602222337923743754,,,,,,,,,,,,,,2026-04-09T22:08:04+00:00
listed,2026-04-09T22:45:10.919+00:00,https://reverb.com/item/95828458-parker-spanish-fly-1998-2002-butterscotch,Parker,Parker Spanish Fly,Spanish Fly 1998-2002,,,,,,3819,,,,reverb,theguitarpit,602222337923743754,,,,,,,,,,,,,,2026-04-09T22:07:53+00:00
listed,2026-04-09T22:48:05.677+00:00,https://reverb.com/item/95782996-fender-dan-smith-era-stratocaster-1983-shell-pink,Fender,Fender Custom Shop,Stratocaster,,1983,,,,1950,,,,reverb,shteefe,415010947871277068,,,,,,,,,,,,,,
listed,2026-04-09T23:03:21.54+00:00,https://reverb.com/item/95828672-kiesel-scb7-multi-scale-flame-maple-top-transparent-yellow-with-burgundy-bevels-2018-w-gigbag,Kiesel,Kiesel / Carvin,RG,,2018,,,,1500,,,,reverb,greg1213,288303791109963776,,,,,,,,,,,,,,
sold,2026-04-09T23:04:24.913+00:00,https://reverb.com/item/95828458-parker-spanish-fly-1998-2002-butterscotch,Parker,Parker Spanish Fly,Spanish Fly 1998-2002,,,,,,3819,3819,,,reverb,theguitarpit,602222337923743754,0,,,,,,,,,,,,,2026-04-09T22:07:53+00:00
sold,2026-04-09T23:04:27.208+00:00,https://reverb.com/item/95828473-james-tyler-burning-water-2k-usa,Tyler,,Burning Water 2K,,,,,,4057,4057,,,reverb,theguitarpit,602222337923743754,0,,,,,,,,,,,,,2026-04-09T22:08:04+00:00
sold,2026-04-09T23:04:36.453+00:00,https://reverb.com/item/95827813-washburn-custom-usa-strandberg-misha-mansoor-boden-6-4-11,Washburn,Washburn USA Custom,Boden,,,,,,2974,2974,,,reverb,shteefe,415010947871277068,0.1,,,,,,,,,,,,,2026-04-09T21:50:32+00:00
price_changed,2026-04-09T23:15:45.399+00:00,https://reverb.com/item/95791415-1997-usa-bc-rich-mockingbird-flame-maple-bernie-rico-signed-custom-shop-original-parts-case,BC Rich,BC Rich USA Custom Shop,Original,,1997,,,,2567,,,,reverb,shteefe,415010947871277068,,,,,,,,,,,,,,2026-04-09T02:30:36+00:00
price_changed,2026-04-09T23:17:32.808+00:00,https://reverb.com/item/95732910-prs-custom-24-mango-top-limited-edition-sprayer-s-choice-cobalt-smokeburst-1-of-1,PRS,PRS Core,Custom 24,,,,,,5542,,,,reverb,theguitarpit,602222337923743754,,,,,,,,,,,,,,
price_changed,2026-04-09T23:17:37.333+00:00,https://reverb.com/item/95582195-fender-stratocaster-1958-sonic-blue-refinish,Fender,Fender Custom Shop,Stratocaster,,1958,,,,32407,,,,reverb,shteefe,415010947871277068,,,,,,,,,,,,,,
price_changed,2026-04-09T23:17:44.165+00:00,https://reverb.com/item/95732968-prs-studio-mango-top-limited-edition-cobalt-smokeburst-1-of-200,PRS,PRS Core,Studio Mango Top,,,,,,5783,,,,reverb,wontongg,214444614189449226,,,,,,,,,,,,,,
price_changed,2026-04-09T23:17:46.429+00:00,https://reverb.com/item/86821317-gibson-custom-shop-es-359-2011-ebony-fingerboard-sunburst,Gibson,Gibson Custom Shop,ES-359,,2011,,,,4647,,,,reverb,reverb,,,,,,,,,,,,,,,2025-01-28T04:37:13+00:00
price_changed,2026-04-09T23:17:48.722+00:00,https://reverb.com/item/95582242-gibson-les-paul-standard-1960-sunburst,Gibson,Gibson USA,Les Paul Standard,,1960,,,,443302,,,,reverb,tsukuyominoryuu,1103673799666311320,,,,,,,,,,,,,,
price_changed,2026-04-09T23:18:20.704+00:00,https://reverb.com/item/95519062,Yamaha,Yamaha SG/SA Premium,SA-90,,,,,,1509,,,,reverb,shoegazee_,1396700009130491906,,,,,,,,,,,,,,
price_changed,2026-04-09T23:19:13.23+00:00,https://reverb.com/item/85419217-ernie-ball-music-man-majesty-6-her-majesty-s-request,Music Man,Music Man USA,Majesty,,2026,,,,4643,,,,reverb,wontongg,214444614189449226,,,,,,,,,,,,,,
price_changed,2026-04-09T23:19:55.422+00:00,https://reverb.com/item/95515636-prs-custom-24-core-2007-dark-cherry-sunburst,PRS,PRS Core,Custom 24,,,,,,3740,,,,reverb,tsukuyominoryuu,1103673799666311320,,,,,,,,,,,,,,
listed,2026-04-09T23:54:48.748+00:00,https://reverb.com/item/94257649-1933-martin-c-2-conversion-to-0-42-style-flat-top-joel-whitehead-brazilian-rosewood-excellent,Martin,Martin USA,C-2,,1933,,,,17999,,,,reverb,bryanrushes,388920203649613824,,,,,,,,,,,,,,
listed,2026-04-10T00:58:58.261+00:00,https://www.internationalviolin.com/luthier-supplies/glues/10229-high-tack-fish-glue--6-oz,,,,,,,,,10.5,,,,other,colin_90,259101353060597762,,,,,,,,,,,,,,
sold,2026-04-10T01:08:44.129+00:00,https://reverb.com/item/95698365-esp-e-ii-eclipse-2016-present-black-satin,ESP,ESP E-II,Eclipse,,,,,,1650,1650,,,reverb,hibby_,230107654758858753,4.9,,,,,,,,,,,,,2026-04-05T03:41:06+00:00
listed,2026-04-10T01:55:10.552+00:00,https://reverb.com/item/95824361-heritage-standard-collection-h-530-hollow-26,Heritage,Heritage,Standard,,,,,,1650,,,,reverb,greg1213,288303791109963776,,,,,,,,,,,,,,
listed,2026-04-10T02:10:43.995+00:00,https://reverb.com/item/95829646-1992-fender-stratocaster-plus-natural,Fender,,Stratocaster,,1992,,,,1299,,,,reverb,greg1213,288303791109963776,,,,,,,,,,,,,,
listed,2026-04-10T02:22:25.493+00:00,https://reverb.com/item/95822271-echopark-esperanto-313-red-sunburst,Echopark,Echopark,Esperanto,,,,,,4425,,,,reverb,shteefe,415010947871277068,,,,,,,,,,,,,,2026-04-09T23:15:52+00:00
listed,2026-04-10T02:33:38.776+00:00,https://reverb.com/item/95354797,Nash,Nash,Telecaster,,,,,,2049,,,,reverb,shoegazee_,1396700009130491906,,,,,,,,,,,,,,
listed,2026-04-10T03:49:27.723+00:00,https://reverb.com/item/95831782-prs-limited-edition-herman-li-signature-chleo-charcoal-purple-burst,PRS,PRS Core,Herman Li Chleo,,,,,,10250,,,,reverb,theguitarpit,602222337923743754,,,,,,,,,,,,,,
listed,2026-04-10T03:49:59.239+00:00,https://reverb.com/item/95830597-2024-shabat-lion-special-7-59-lbs,Shabat,,Lion Special,,2024,,,,3499,,,,reverb,theguitarpit,602222337923743754,,,,,,,,,,,,,,
listed,2026-04-10T03:50:13.166+00:00,https://reverb.com/item/95830290-jackson-usa-custom-shop-sl-hss-fr-soloist-platinum-pink-nitro-relic-tour-2024-w-ohsc,Jackson,Jackson USA Custom Shop,Soloist,,2024,,,,5500,,,,reverb,theguitarpit,602222337923743754,,,,,,,,,,,,,,
listed,2026-04-10T03:58:43.517+00:00,https://reverb.com/item/94843329-shabat-lion-gb-namm-2026-vintage-white-484,Vintage,,Shabat Lion GB,,2026,,,,3895,,,,reverb,theguitarpit,602222337923743754,,,,,,,,,,,,,,
listed,2026-04-10T04:06:42.696+00:00,https://reverb.com/item/91595584-shabat-lion-special-mahogany-humbucker-guitar-w-flame-maple-neck-black,Shabat,,Lion Special,,,,,,4299,,,,reverb,theguitarpit,602222337923743754,,,,,,,,,,,,,,
listed,2026-04-10T04:07:29.444+00:00,https://reverb.com/item/94362196-castedosa-marianna-thinline-in-aged-dirty-blonde,Castedosa,Castedosa,Marianna Thinline in,,2026,,,,8699,,,,reverb,theguitarpit,602222337923743754,,,,,,,,,,,,,,
listed,2026-04-10T04:08:35.253+00:00,https://reverb.com/item/95416746-castedosa-conchers-baritone-aged-burnt-marshmallow-503,Castedosa,Castedosa,Conchers Baritone Burnt,,,,,,9699,,,,reverb,theguitarpit,602222337923743754,,,,,,,,,,,,,,
listed,2026-04-10T04:15:29.447+00:00,https://reverb.com/item/92151199-castedosa-guitars-halcon-standard-aged-3-tone-sunburst-389,Castedosa,Castedosa,Standard,,2025,,,,10900,,,,reverb,theguitarpit,602222337923743754,,,,,,,,,,,,,,
listed,2026-04-10T04:54:54.168+00:00,https://stangguitars.com/products/vintage-prs-custom-24-1986-whale-blue-with-case,PRS,PRS Core,Custom 24,,,,,,7,,,,other,shoegazee_,1396700009130491906,,,,,,,,,,,,,,
fake_removed,2026-04-10T04:59:20.325+00:00,https://stangguitars.com/products/vintage-prs-custom-24-1986-whale-blue-with-case,PRS,PRS Core,Custom 24,,,,,,7,,,,other,shoegazee_,1396700009130491906,0,,,,,,,,,,,,,
sold,2026-04-10T05:40:51.703+00:00,https://reverb.com/item/95774135-ibanez-js1000-2007-black-pearl-8457,Ibanez,Ibanez Prestige,JS1000,,2007,,,,999,999,,,reverb,theguitarpit,602222337923743754,1.4,,,,,,,,,,,,,2026-04-08T19:09:11+00:00
sold,2026-04-10T11:39:37.968+00:00,https://reverb.com/item/95795018-ts-guitars-dst-pro24-031971-04-09,T's Guitars,,DST Pro24,,,,,,2045,2044.79,,,reverb,wontongg,214444614189449226,1.3,,,,,,,,,,,,,2026-04-09T04:14:35+00:00
listed,2026-04-10T14:33:11.624+00:00,https://reverb.com/item/95447324-b-c-rich-warlock-late-1980s-white,BC Rich,BC Rich Import,Warlock Late 1980s,,,,,,745,,,,reverb,yellowjack6,908889503173857351,,,,,,,,,,,,,,
listed,2026-04-10T15:58:28.807+00:00,https://reverb.com/item/95845515-prs-wood-library-custom-24-piezo-10-top-gray-black-fade-w-cobalt-microburst-068,PRS,PRS Core,Custom 24,,,,,,6652,,,,reverb,theguitarpit,602222337923743754,,,,,,,,,,,,,,
listed,2026-04-10T16:22:44.938+00:00,https://cartervintage.com/shop/fender-pre-cbs-tremolux-ab763-head-and-2x10-cabinet-1965-black/39jCUINMkZhs3AZhuSJNTDUMWiC,Vintage,,AB763,,,,,,,,,,other,greg1213,288303791109963776,,,,,,,,,,,,,,
listed,2026-04-10T17:06:26.495+00:00,https://reverb.com/item/95537539-ibanez-dt870-destroyer-bass-1984-mij-fujigen,FGN,,DT870,,1984,,,,998,,,,reverb,greg1213,288303791109963776,,,,,,,,,,,,,,2026-03-30T05:32:31+00:00
sold,2026-04-10T17:12:21.87+00:00,https://reverb.com/item/95722321-gibson-custom-shop-61-reissue-les-paul-sg-standard-24,Gibson,Gibson Custom Shop,SG Standard,,,,,,2750,2750,,,reverb,theguitarpit,602222337923743754,3.8,,,,,,,,,,,,,2026-04-06T21:49:46+00:00
price_changed,2026-04-10T17:12:46.966+00:00,https://reverb.com/item/95706617-gibson-les-paul-axcess-custom-2025-ebony,Gibson,Gibson USA,Les Paul,,2025,,,,4250,,,,reverb,greg1213,288303791109963776,,,,,,,,,,,,,,
sold,2026-04-10T17:13:46.286+00:00,https://reverb.com/item/91427362-gibson-es-335-1961-reissue-murphy-lab-heavy-aged-ebony,Gibson,Gibson Custom Shop,ES-335,,,,,,5427,5427,,,reverb,tsukuyominoryuu,1103673799666311320,6,,,,,,,,,,,,,
listed,2026-04-10T18:04:23.042+00:00,https://reverb.com/ca/item/94543202-gibson-es-335td-1976-walnut,Gibson,Gibson USA,ES-335,,,,,,2550,,,,reverb,shoegazee_,1396700009130491906,,,,,,,,,,,,,,
sold,2026-04-10T18:09:55.933+00:00,https://reverb.com/item/95576519,Knaggs,Knaggs,Kenai,,2025,,,,3299,3299,,,reverb,shoegazee_,1396700009130491906,9.8,,,,,,,,,,,,,2026-03-31T22:34:32+00:00
listed,2026-04-10T18:22:23.817+00:00,https://reverb.com/ca/item/91862765-gibson-2025-custom-shop-59-les-paul-standard-reissue-dirty-lemon-vos,Gibson,Gibson Custom Shop,Les Paul Standard,,,,,,5300,,,,reverb,shoegazee_,1396700009130491906,,,,,,,,,,,,,,
listed,2026-04-10T19:28:12.533+00:00,https://reverb.com/item/92430002-baldwin-jazz-split-sound-1966-sunburst-guitar,Vintage,,Baldwin Jazz Split,,1966,,,,3100,,,,reverb,wontongg,214444614189449226,,,,,,,,,,,,,,
listed,2026-04-10T20:13:16.103+00:00,https://reverb.com/item/95024211-somogyi-12-string-1989-brazilian-rosewood-acoustic-guitar,Somogyi,,12 String,,1989,,,,34999,,,,reverb,bryanrushes,388920203649613824,,,,,,,,,,,,,,
listed,2026-04-10T20:21:09.04+00:00,https://reverb.com/item/95855816-schecter-50th-anniversary-tempest,Schecter,Schecter Korea,Tempest,,2026,,,,1200,,,,reverb,theguitarpit,602222337923743754,,,,,,,,,,,,,,2026-04-10T20:17:52+00:00
price_changed,2026-04-10T21:10:15.012+00:00,https://reverb.com/item/95794231-waterslide-coodercaster-2021-bel-air-blue,Teisco,,Waterslide Coodercaster Bel,,2021,,,,2199,,,,reverb,theguitarpit,602222337923743754,,,,,,,,,,,,,,2026-04-09T03:19:09+00:00
listed,2026-04-10T21:13:20.518+00:00,https://reverb.com/item/94760264-ervin-somogyi-6-string-acoustic-guitar-1995,Ervin Somogyi,,6-String Acoustic Guitar,,1995,,,,36500,,,,reverb,bryanrushes,388920203649613824,,,,,,,,,,,,,,
sold,2026-04-10T21:13:35.966+00:00,https://reverb.com/item/95576519-knaggs-kenai-t-hb-semi-hollow-creme-2025-w-ohsc-bare-knuckle-mules-7lb-5oz,Knaggs,Knaggs,Kenai,,2025,,,,3299,3299,,,reverb,greg1213,288303791109963776,9.9,,,,,,,,,,,,,2026-03-31T22:34:32+00:00
price_changed,2026-04-10T21:13:58.752+00:00,https://reverb.com/item/95650637-7lbs-ultra-rare-m2m-2024-gibson-1959-les-paul-r9-chambered-lemon-burst-murphy-lab-ultra-light-aged-double-white-pickups,Gibson,Gibson Custom Shop,Les Paul,,,,,,5999,,,,reverb,wontongg,214444614189449226,,,,,,,,,,,,,,
listed,2026-04-10T21:32:29.849+00:00,https://reverb.com/item/95417524-burny-rlc-60-custom-mij-1987-black-1960-reissue-vh-3-paf-pickups-vintage-made-in-japan-w-bag,Burny,,RLC-60 VH-3 PAF,,1987,,,,1395,,,,reverb,theguitarpit,602222337923743754,,,,,,,,,,,,,,2026-03-25T21:46:10+00:00
listed,2026-04-10T21:34:59.491+00:00,https://reverb.com/item/95826806-esp-usa-custom-shop-m-ii-ntb-fr-flame-maple-top-dark-purple-sunburst-2023-w-ohsc,ESP,ESP Custom Shop,M-II,,2023,,,,3500,,,,reverb,theguitarpit,602222337923743754,,,,,,,,,,,,,,2026-04-10T21:11:12+00:00
listed,2026-04-10T21:37:21.053+00:00,https://reverb.com/item/94863912-1999-gibson-les-paul-custom-black-beauty-custom-shop-ebony-ohsc-coa-excellent-condition?bk=eyJhbGciOiJIUzI1NiJ9.eyJqdGkiOiI3OTEwOThhZS1hMzE4LTQxYzEtYjBhMS05ZjVhMDRkNzA0NjYiLCJpYXQiOjE3NzU4NTcwMjIsInVzZXJfaWQiOiIiLCJzZXNzaW9uX2lkIjoiZDNiMTk5YWYtMTYxMi00ODFkLWE5Y2ItNzA3NGQ0M2VhNjhjIiwiY29va2llX2lkIjoiZjJhZWZjYzAtMzdmMy00NWViLWIxNzMtNmVhZjk4Yjk5MTYzIiwicHJvZHVjdF9pZCI6Ijk0ODYzOTEyIiwic291cmNlIjoiTk9ORSJ9.dYDfkjvyoQItf5P4a3JPFsGg-823VFk-XQyWhl8o8wU,Gibson,Gibson Custom Shop,Les Paul Custom,,1999,,,,3415,,,,reverb,hanswolo,627563151151595605,,,,,,,,,,,,,,
listed,2026-04-10T21:54:09.238+00:00,https://reverb.com/item/95830142-ernie-ball-music-man-ball-family-reserve-john-petrucci-jpx6-barolo-2010-w-ohsc,Music Man,Music Man BFR,JP,,2010,,,,1900,,,,reverb,theguitarpit,602222337923743754,,,,,,,,,,,,,,2026-04-10T21:40:40+00:00
listed,2026-04-10T22:04:25.524+00:00,https://reverb.com/item/93698721-2008-fender-custom-shop-deluxe-inca-silver,Fender,Fender Custom Shop,Deluxe Inca,,2008,,,,900,,,,reverb,greg1213,288303791109963776,,,,,,,,,,,,,,
listed,2026-04-10T22:09:06.867+00:00,https://reverb.com/item/92766413-yamaha-fj645a-1980-1990,Yamaha,,FJ645A,,,,,,415,,,,reverb,greg1213,288303791109963776,,,,,,,,,,,,,,
sold,2026-04-10T22:10:23.085+00:00,https://reverb.com/item/95794231-waterslide-coodercaster-2021-bel-air-blue,Teisco,,Waterslide Coodercaster Bel,,2021,,,,2199,2199,,,reverb,theguitarpit,602222337923743754,1.8,,,,,,,,,,,,,2026-04-09T03:19:09+00:00
listed,2026-04-10T22:13:18.227+00:00,https://reverb.com/item/92930417-fender-custom-shop-stratocaster,Fender,Fender Custom Shop,Stratocaster,,,,,,1975,,,,reverb,greg1213,288303791109963776,,,,,,,,,,,,,,
sold,2026-04-10T23:39:07.953+00:00,https://reverb.com/item/95826806-esp-usa-custom-shop-m-ii-ntb-fr-flame-maple-top-dark-purple-sunburst-2023-w-ohsc,ESP,ESP Custom Shop,M-II,,2023,,,,3500,3499.99,,,reverb,theguitarpit,602222337923743754,0.1,,,,,,,,,,,,,2026-04-10T21:11:12+00:00
listed,2026-04-11T00:37:33.903+00:00,https://reverb.com/item/92744919-first-act-custom-delia,First Act,,Delia,,,,,,1800,,,,reverb,colin_90,259101353060597762,,,,,,,,,,,,,,
listed,2026-04-11T00:43:12.585+00:00,https://www.themusiczoo.com/products/1992-ibanez-sf470-transparent-cherry,Ibanez,,SF470,,,,,,999,,,,other,hibby_,230107654758858753,,,,,,,,,,,,,,
listed,2026-04-11T00:48:27.543+00:00,https://www.guitarcenter.com/Used/ESP/Used-ESP-M-II-with-Floyd-Rose-hellfire-Solid-Body-Electric-Guitar.gc?algoliaQueryID=1311729233246f51e711f1c05415aa35&algoliaIndexName=pHL-guitarcenter,Rickenbacker,,M-II,,,,,,4999.99,,,,other,shteefe,415010947871277068,,,,,,,,,,,,,,
listed,2026-04-11T00:48:58.031+00:00,https://www.guitarcenter.com/Used/Jackson/Used-Jackson-SL1-Soloist-Eerie-Dess-Swirl-Solid-Body-Electric-Guitar.gc?algoliaQueryID=1311729233246f51e711f1c05415aa35&algoliaIndexName=pHL-guitarcenter,Rickenbacker,,SL1,,,,,,2499.99,,,,other,shteefe,415010947871277068,,,,,,,,,,,,,,
listed,2026-04-11T00:50:52.345+00:00,https://www.guitarcenter.com/Used/Fender/Used-Fender-Artist-Series-Yngwie-Malmsteen-Stratocaster-Olympic-White-Solid-Body-Electric-Guitar-121800888.gc?algoliaQueryID=9931dab78a79e127c0b67a0cd0cc44ca&algoliaIndexName=pHL-guitarcenter,Rickenbacker,,Stratocaster,,,,,,1699.99,,,,other,shteefe,415010947871277068,,,,,,,,,,,,,,
price_changed,2026-04-11T01:09:08.098+00:00,https://reverb.com/item/94863912-1999-gibson-les-paul-custom-black-beauty-custom-shop-ebony-ohsc-coa-excellent-condition?bk=eyJhbGciOiJIUzI1NiJ9.eyJqdGkiOiI3OTEwOThhZS1hMzE4LTQxYzEtYjBhMS05ZjVhMDRkNzA0NjYiLCJpYXQiOjE3NzU4NTcwMjIsInVzZXJfaWQiOiIiLCJzZXNzaW9uX2lkIjoiZDNiMTk5YWYtMTYxMi00ODFkLWE5Y2ItNzA3NGQ0M2VhNjhjIiwiY29va2llX2lkIjoiZjJhZWZjYzAtMzdmMy00NWViLWIxNzMtNmVhZjk4Yjk5MTYzIiwicHJvZHVjdF9pZCI6Ijk0ODYzOTEyIiwic291cmNlIjoiTk9ORSJ9.dYDfkjvyoQItf5P4a3JPFsGg-823VFk-XQyWhl8o8wU,Gibson,Gibson Custom Shop,Les Paul Custom,,1999,,,,3415,,,,reverb,hanswolo,627563151151595605,,,,,,,,,,,,,,
price_changed,2026-04-11T01:10:03.102+00:00,https://reverb.com/item/95708472-prs-custom-24-1989-yellow-sunburst,PRS,PRS Core,Custom 24,,1989,,,,4850,,,,reverb,shteefe,415010947871277068,,,,,,,,,,,,,,
price_changed,2026-04-11T01:10:09.945+00:00,https://reverb.com/item/95791415-1997-usa-bc-rich-mockingbird-flame-maple-bernie-rico-signed-custom-shop-original-parts-case,BC Rich,BC Rich USA Custom Shop,Original,,1997,,,,2567,,,,reverb,shteefe,415010947871277068,,,,,,,,,,,,,,2026-04-09T02:30:36+00:00
price_changed,2026-04-11T01:10:14.496+00:00,https://reverb.com/item/95822390-1980-dean-e-lite-super-rare-yellow,Dean,,E’lite Super Rare,,1980,,,,4922,,,,reverb,doesitslaptho,659997698300051472,,,,,,,,,,,,,,
price_changed,2026-04-11T01:10:51.03+00:00,https://reverb.com/item/86407766-ibanez-s470-1997-japan-mint,Ibanez,Ibanez Prestige,S470,,,,,Mint,1401,,,Tatto Shop,reverb,hibby_,230107654758858753,,1,2777,94,"Caserta, Italy",CE,IT,0.99,40,false,false,JP,Sol Mahogany,2024-12-31T12:34:59+00:00
price_changed,2026-04-11T01:11:48.145+00:00,https://reverb.com/item/95732910-prs-custom-24-mango-top-limited-edition-sprayer-s-choice-cobalt-smokeburst-1-of-1,PRS,PRS Core,Custom 24,,,,,,5542,,,,reverb,theguitarpit,602222337923743754,,,,,,,,,,,,,,
price_changed,2026-04-11T01:11:52.72+00:00,https://reverb.com/item/95582195-fender-stratocaster-1958-sonic-blue-refinish,Fender,Fender Custom Shop,Stratocaster,,1958,,,,32407,,,,reverb,shteefe,415010947871277068,,,,,,,,,,,,,,
price_changed,2026-04-11T01:11:59.625+00:00,https://reverb.com/item/95732968-prs-studio-mango-top-limited-edition-cobalt-smokeburst-1-of-200,PRS,PRS Core,Studio Mango Top,,,,,,5783,,,,reverb,wontongg,214444614189449226,,,,,,,,,,,,,,
price_changed,2026-04-11T01:12:01.99+00:00,https://reverb.com/item/86821317-gibson-custom-shop-es-359-2011-ebony-fingerboard-sunburst,Gibson,Gibson Custom Shop,ES-359,,2011,,,,4647,,,,reverb,reverb,,,,,,,,,,,,,,,2025-01-28T04:37:13+00:00
price_changed,2026-04-11T01:12:04.534+00:00,https://reverb.com/item/95582242-gibson-les-paul-standard-1960-sunburst,Gibson,Gibson USA,Les Paul Standard,,1960,,,,443302,,,,reverb,tsukuyominoryuu,1103673799666311320,,,,,,,,,,,,,,
price_changed,2026-04-11T01:12:13.605+00:00,https://reverb.com/en-pt/item/95230949-gibson-es-335-dot-2000-figured-cherry,Gibson,Gibson USA,ES-335,,,,,,3209,,,,reverb,tsukuyominoryuu,1103673799666311320,,,,,,,,,,,,,,
price_changed,2026-04-11T01:12:36.262+00:00,https://reverb.com/item/95519062,Yamaha,Yamaha SG/SA Premium,SA-90,,,,,,1509,,,,reverb,shoegazee_,1396700009130491906,,,,,,,,,,,,,,
price_changed,2026-04-11T01:12:54.56+00:00,https://reverb.com/item/94444911-edwards-e-k-130vp-dir-en-grey-signature-black-made-in-japan,Edwards,,E-K-130Vp DIR EN,,,,,,1000,,,,reverb,theguitarpit,602222337923743754,,,,,,,,,,,,,,
price_changed,2026-04-11T01:13:24.241+00:00,https://reverb.com/item/95706217-vandermeij-fleshweaver-2026-jagged-black-matte,Vandermeij,,Fleshweaver,,2026,,,,1954,,,,reverb,greg1213,288303791109963776,,,,,,,,,,,,,,
price_changed,2026-04-11T01:13:26.654+00:00,https://reverb.com/item/85419217-ernie-ball-music-man-majesty-6-her-majesty-s-request,Music Man,Music Man USA,Majesty,,2026,,,,4643,,,,reverb,wontongg,214444614189449226,,,,,,,,,,,,,,
price_changed,2026-04-11T01:13:49.407+00:00,https://reverb.com/item/95693352-ovation-uk-ii-ultra-kaman-1219-1980-1982-sunburst,Ovation,Ovation Import,UK II Ultra,,,,,,1325,,,,reverb,theguitarpit,602222337923743754,,,,,,,,,,,,,,
price_changed,2026-04-11T01:14:03.144+00:00,https://reverb.com/item/95515636-prs-custom-24-core-2007-dark-cherry-sunburst,PRS,PRS Core,Custom 24,,,,,,3740,,,,reverb,tsukuyominoryuu,1103673799666311320,,,,,,,,,,,,,,
sold,2026-04-11T01:14:05.412+00:00,https://www.themusiczoo.com/products/1992-ibanez-sf470-transparent-cherry,Ibanez,,SF470,,,,,,999,,,,other,hibby_,230107654758858753,0,,,,,,,,,,,,,
listed,2026-04-11T02:39:37.159+00:00,https://reverb.com/item/95861787-fender-custom-shop-59-reissue-stratocaster-relic,Fender,Fender Custom Shop,Stratocaster,,,,,,3033,,,,reverb,theguitarpit,602222337923743754,,,,,,,,,,,,,,
listed,2026-04-11T03:22:39.053+00:00,https://reverb.com/item/94538910-gibson-custom-shop-68-les-paul-custom-70th-anniversary-2022,Gibson,Gibson Custom Shop,Les Paul Custom,,2022,,,,5100,,,,reverb,theguitarpit,602222337923743754,,,,,,,,,,,,,,
listed,2026-04-11T03:24:06.38+00:00,https://reverb.com/item/95185149-1992-gibson-pre-historic-57-les-paul-custom-black-beauty-lpb7-w-57-classic-pafs-case,Rickenbacker,,Les Paul Custom,,1992,,,,4500,,,,reverb,madero,126233894897975296,,,,,,,,,,,,,,
listed,2026-04-11T03:27:41.078+00:00,https://reverb.com/item/95768530-2005-gibson-custom-shop-les-paul-custom-1957-reissue-ebony-black-beauty-lpb-7?bk=eyJhbGciOiJIUzI1NiJ9.eyJqdGkiOiJjYjkzMmE5My0yNzI4LTQyNTktYjE1Ny04ZjU3YzRjNDI2YzYiLCJpYXQiOjE3NzU4NzgwMzMsInVzZXJfaWQiOiI1MTMyOTY5Iiwic2Vzc2lvbl9pZCI6ImVmM2E2NDNkLTIzMzQtNGFjNC04ZDMxLTY1NmExNDY0ZjAyOCIsImNvb2tpZV9pZCI6IjU1NmUxNWZkLWIzNGYtNGJmMC1iZDNmLTVjODBmMzZmYzIzNyIsInByb2R1Y3RfaWQiOiI5NTc2ODUzMCIsInNvdXJjZSI6Ik5PTkUifQ.cVtH67Xo8U14zM0HTYiGVBOhEDn8rslamm0NXWd-YgE,Gibson,Gibson Custom Shop,Les Paul Custom,,2005,,,,4495,,,,reverb,madero,126233894897975296,,,,,,,,,,,,,,
listed,2026-04-11T03:28:14.135+00:00,https://reverb.com/item/93955498-2002-gibson-custom-shop-historic-68-reissue-les-paul-custom-ebony-black-beauty-long-tenon-57-classics-ohsc,Gibson,Gibson Custom Shop,Les Paul Custom,,2002,,,,4199,,,,reverb,madero,126233894897975296,,,,,,,,,,,,,,
sold,2026-04-11T03:40:30.794+00:00,https://reverb.com/item/95819307-prs-silver-sky-john-mayer-signature-dead-spec-2023-present-moc-sand-satin-nitro,PRS,PRS Core,Silver Sky,,,,,,4750,4750,,,reverb,theguitarpit,602222337923743754,1.5,,,,,,,,,,,,,2026-04-09T15:15:56+00:00
listed,2026-04-11T03:56:31.462+00:00,https://reverb.com/item/95857470-b-c-rich-warlock-supreme-usa-made-1984-extremely-rare,BC Rich,BC Rich USA Custom Shop,Warlock Supreme made,,1984,,,,5900,,,,reverb,yellowjack6,908889503173857351,,,,,,,,,,,,,,2026-04-10T21:20:45+00:00
listed,2026-04-11T03:57:34.445+00:00,https://reverb.com/item/95861275-1984-b-c-rich-bich-guitar-white-dimarzios-kahler-2-owners-excellent-condition-original-receipt,BC Rich,BC Rich USA Custom Shop,Original,,1984,,,,6996,,,,reverb,yellowjack6,908889503173857351,,,,,,,,,,,,,,
listed,2026-04-11T04:06:36.418+00:00,https://reverb.com/item/95860613-2026-gibson-explorer-custom-w-ebony-fingerboard-gloss-classic-white,Gibson,Gibson USA,Explorer,,,,,,4999,,,,reverb,theguitarpit,602222337923743754,,,,,,,,,,,,,,
listed,2026-04-11T04:10:48.653+00:00,https://reverb.com/item/95862432-suhr-pete-thorn-signature-custom-hss-red-sparkle,Suhr,Suhr,Pete Thorn HSS,,,,,,3800,,,,reverb,theguitarpit,602222337923743754,,,,,,,,,,,,,,
listed,2026-04-11T04:24:54.915+00:00,https://reverb.com/item/95860692-g-l-custom-shop-legacy,G&L,G&L USA,Legacy,,2022,,,,1330,,,,reverb,theguitarpit,602222337923743754,,,,,,,,,,,,,,
listed,2026-04-11T04:41:29.583+00:00,https://www.kieselguitars.com/builder/guitar,Kiesel,,Builder,,,,,,,,,,other,theguitarpit,602222337923743754,,,,,,,,,,,,,,
listed,2026-04-11T04:41:29.583+00:00,https://www.kieselguitars.com/models/guitar,Kiesel,,Models,,,,,,,,,,other,theguitarpit,602222337923743754,,,,,,,,,,,,,,
listed,2026-04-11T04:41:29.583+00:00,https://www.kieselguitars.com/builder/guitar,Kiesel,,Builder,,,,,,,,,,other,theguitarpit,602222337923743754,,,,,,,,,,,,,,
listed,2026-04-11T04:53:31.576+00:00,https://reverb.com/item/94225545-gibson-custom-shop-murphy-lab-59-es-335-reissue-ultra-light-aged,Gibson,Gibson Custom Shop,ES-335,,2024,,,,4400,,,,reverb,theguitarpit,602222337923743754,,,,,,,,,,,,,,
listed,2026-04-11T05:11:02.654+00:00,https://reverb.com/ca/item/93402813-great-1952-gibson-es-350-premier-p-90-archtop-jazz-guitar-sunburst-ohsc,Gibson,Gibson USA,ES-350,,1952,,,,9600,,,,reverb,shoegazee_,1396700009130491906,,,,,,,,,,,,,,
listed,2026-04-11T05:32:59.034+00:00,https://reverb.com/item/95649346-gibson-les-paul-studio-faded-t-2016-worn-brown,Gibson,Gibson USA,Les Paul Studio,,2016,,,,950,,,,reverb,say.waaat,591343751201423439,,,,,,,,,,,,,,2026-04-03T23:34:12+00:00
listed,2026-04-11T05:47:55.357+00:00,https://reverb.com/item/81528732-gibson-les-paul-classic-2019-present-heritage-cherry-sunburst,Gibson,Gibson USA,Les Paul Classic,,,,,,1400,,,,reverb,yellowjack6,908889503173857351,,,,,,,,,,,,,,
listed,2026-04-11T05:48:09.115+00:00,https://reverb.com/item/95062268-gibson-les-paul-classic-2015-vintage-sunburst,Gibson,Gibson USA,Les Paul Classic,,2015,,,,1400,,,,reverb,yellowjack6,908889503173857351,,,,,,,,,,,,,,
listed,2026-04-11T05:48:36.645+00:00,https://reverb.com/item/95454729-2019-gibson-les-paul-classic-honeyburst-electric-guitar,Rickenbacker,Rickenbacker,Les Paul Classic,,2019,,,,1500,,,,reverb,yellowjack6,908889503173857351,,,,,,,,,,,,,,
listed,2026-04-11T05:48:51.541+00:00,https://reverb.com/item/91418036-gibson-les-paul-classic-limited-edition-2018-manhattan-midnight-upgraded,Gibson,Gibson USA,Les Paul Classic,,2018,,,,1398,,,,reverb,yellowjack6,908889503173857351,,,,,,,,,,,,,,
sold,2026-04-11T06:39:49.202+00:00,https://reverb.com/item/95417524-burny-rlc-60-custom-mij-1987-black-1960-reissue-vh-3-paf-pickups-vintage-made-in-japan-w-bag,Burny,,RLC-60 VH-3 PAF,,1987,,,,1395,1395,,,reverb,theguitarpit,602222337923743754,16.4,,,,,,,,,,,,,2026-03-25T21:46:10+00:00
sold,2026-04-11T13:12:36.054+00:00,https://reverb.com/item/86821317-gibson-custom-shop-es-359-2011-ebony-fingerboard-sunburst,Gibson,Gibson Custom Shop,ES-359,,2011,,,,4647,4647,,,reverb,reverb,,438.4,,,,,,,,,,,,,2025-01-28T04:37:13+00:00
price_changed,2026-04-11T13:13:38.166+00:00,https://reverb.com/item/95715580-vintage-b-c-rich-ironbird-gig-bag-soft-case-80-90s,BC Rich,,Ironbird Gig bag,,,,,,89,,,,reverb,greg1213,288303791109963776,,,,,,,,,,,,,,
listed,2026-04-11T14:15:58.859+00:00,https://www.guitarcenter.com/Used/Caparison-Guitars/Used-2024-Caparison-Guitars-TAT-SPECIAL-FX-METAL-MACHINE-Black-Solid-Body-Electric-Guitar.gc?algoliaQueryID=2069170403953eb2df47b4727600db95&algoliaIndexName=cD-guitarcenter,Rickenbacker,,METAL,,,,,,2398.99,,,,other,theguitarpit,602222337923743754,,,,,,,,,,,,,,
listed,2026-04-11T14:28:01.21+00:00,https://reverb.com/item/95865216-1966-gibson-firebird-iii-black-w-hsc,Gibson,Gibson USA,Firebird,,,,,,4000,,,,reverb,theguitarpit,602222337923743754,,,,,,,,,,,,,,2026-04-11T13:03:59+00:00
listed,2026-04-11T14:29:00.311+00:00,https://reverb.com/item/95289875-luxxtone-choppa-t-rexx,Floyd Rose,,Luxxtone Choppa Rexx,,,,,,2550,,,,reverb,theguitarpit,602222337923743754,,,,,,,,,,,,,,2026-03-22T00:37:35+00:00
listed,2026-04-11T14:33:25.013+00:00,https://reverb.com/item/95865777-gibson-les-paul-custom-1970-1985-ebony,Gibson,Gibson USA,Les Paul Custom,,,,,,4300,,,,reverb,theguitarpit,602222337923743754,,,,,,,,,,,,,,
listed,2026-04-11T15:36:39.103+00:00,https://reverb.com/item/95866066-prs-mccarty-2002-mccarty-sunburst,PRS,PRS Core,McCarty 2002,,,,,,2175,,,,reverb,greg1213,288303791109963776,,,,,,,,,,,,,,
listed,2026-04-11T15:40:43.344+00:00,https://reverb.com/item/95852993-tom-anderson-guitarworks-cobra-s-2008-trans-green-burst-with-binding,Anderson,Tom Anderson,Guitarworks Cobra Trans,,2008,,,,3495,,,,reverb,greg1213,288303791109963776,,,,,,,,,,,,,,
listed,2026-04-11T15:42:06.479+00:00,https://reverb.com/item/94671215,PRS,PRS Core,Herman Li Chleo,Limited Edition Signature,,,,Excellent,9999,,,Shawn's Boutique,reverb,erparadox,1079314830508445696,,4,1010,45,"Brookeville, MD, United States",MD,US,1,21,false,false,US,Orchid Dusk,2026-02-25T19:32:51+00:00
sold,2026-04-11T16:10:03.115+00:00,https://reverb.com/item/95855816-schecter-50th-anniversary-tempest,Schecter,Schecter Korea,Tempest,,2026,,,,1200,1200,,,reverb,theguitarpit,602222337923743754,0.8,,,,,,,,,,,,,2026-04-10T20:17:52+00:00
listed,2026-04-11T16:24:45.235+00:00,https://reverb.com/item/95865460-prs-mccarty-1994-2007-teal-black,PRS,PRS Core,McCarty 1994,,,,,,1950,,,,reverb,theguitarpit,602222337923743754,,,,,,,,,,,,,,
listed,2026-04-11T16:31:53.498+00:00,https://reverb.com/item/95866759-ram-curvilinear-chambered-t-style,Ram,,Curvilinear Chambered T Style,,,,,,1500,,,,reverb,greg1213,288303791109963776,,,,,,,,,,,,,,
listed,2026-04-11T16:39:11.71+00:00,https://reverb.com/item/95862828-b-c-rich-ironbird-2024ish,BC Rich,,Ironbird 2024ish,,,,,,2500,,,,reverb,yellowjack6,908889503173857351,,,,,,,,,,,,,,2026-04-11T14:13:01+00:00
sold,2026-04-11T17:12:42.814+00:00,https://reverb.com/item/95734133-prs-custom-24-mango-limited-edition-violet-free-shipping,PRS,PRS Core,Custom 24,,,,,,5090,5090,,,reverb,theguitarpit,602222337923743754,4,,,,,,,,,,,,,2026-04-07T16:18:14+00:00
sold,2026-04-11T17:13:01.151+00:00,https://reverb.com/item/95730197-1992-b-c-rich-virgin-platinum-series-black-yellow-crackle-very-rare-sounds-great,BC Rich,,RG,,1992,,,,399,399,,,reverb,yellowjack6,908889503173857351,4.3,,,,,,,,,,,,,2026-04-07T11:01:27+00:00
sold,2026-04-11T17:13:19.316+00:00,https://reverb.com/item/95714289-kiesel-hyperdrive-6-purple-sunburst,Kiesel,Kiesel / Carvin,Hyperdrive Purple,,,,,,1680,1680,,,reverb,theguitarpit,602222337923743754,4.8,,,,,,,,,,,,,2026-04-06T22:25:49+00:00
listed,2026-04-11T18:19:37.063+00:00,https://reverb.com/item/95868038-yamaha-japanese-sg-25s-anniversary-50-worldwide-royal-black-w-ohsc-1991,Yamaha,,SG,,1991,,,,9897,,,,reverb,wontongg,214444614189449226,,,,,,,,,,,,,,
listed,2026-04-11T18:32:53.397+00:00,https://reverb.com/item/95867417-lelah-37t-olympic-white-new-authorized-dealer,Vintage,,Lelah 37T White.,,2026,,,,3195,,,,reverb,madero,126233894897975296,,,,,,,,,,,,,,
listed,2026-04-11T18:33:15.804+00:00,https://reverb.com/item/95869733-history-gh-lcv-2010-fujigen-japan-made-heritage-wood-gibson-les-paul-custom-copy,FGN,,Les Paul Custom,,2010,,,,1185,,,,reverb,theguitarpit,602222337923743754,,,,,,,,,,,,,,2026-04-11T18:07:11+00:00
listed,2026-04-11T18:38:41.169+00:00,https://reverb.com/item/95524863-charvel-475-special-deluxe-1989-1991-transparent-purple,Charvel,,Special Deluxe Transparent,,,,,,1500,,,,reverb,yellowjack6,908889503173857351,,,,,,,,,,,,,,
listed,2026-04-11T18:38:41.169+00:00,https://reverb.com/item/94257834-charvel-model-6-hss-with-rosewood-fretboard-1986-1989-pearl-white,Charvel,,Model HSS with,,,,,,1850,,,,reverb,yellowjack6,908889503173857351,,,,,,,,,,,,,,
sold,2026-04-11T18:39:53.686+00:00,https://reverb.com/item/95857470-b-c-rich-warlock-supreme-usa-made-1984-extremely-rare,BC Rich,BC Rich USA Custom Shop,Warlock Supreme made,,1984,,,,5900,5900,,,reverb,yellowjack6,908889503173857351,0.9,,,,,,,,,,,,,2026-04-10T21:20:45+00:00
listed,2026-04-11T18:50:51.138+00:00,https://www.chicagomusicexchange.com/collections/echopark/products/echopark-esperanto-313-red-sunburst-2532135,Echopark,Echopark,Esperanto,,,,,,4195,,,,other,wontongg,214444614189449226,,,,,,,,,,,,,,
sold,2026-04-11T19:10:13.988+00:00,https://reverb.com/item/95830142-ernie-ball-music-man-ball-family-reserve-john-petrucci-jpx6-barolo-2010-w-ohsc,Music Man,Music Man BFR,JP,,2010,,,,1900,1899.99,,,reverb,theguitarpit,602222337923743754,0.9,,,,,,,,,,,,,2026-04-10T21:40:40+00:00
sold,2026-04-11T19:10:52.703+00:00,https://reverb.com/item/95822271-echopark-esperanto-313-red-sunburst,Echopark,Echopark,Esperanto,,,,,,4425,4425,,,reverb,shteefe,415010947871277068,1.8,,,,,,,,,,,,,2026-04-09T23:15:52+00:00
listed,2026-04-11T19:52:06.812+00:00,https://www.chicagomusicexchange.com/products/fender-stratocaster-sunburst-1969-2536340,Fender,Fender Custom Shop,Stratocaster,,,,,,10995,,,,other,shteefe,415010947871277068,,,,,,,,,,,,,,
listed,2026-04-11T19:53:53.769+00:00,https://hipshotproducts.com/collections/guitar-bridges/products/6-string-ibby-hm-guitar-bridge,Ibanez,Ibanez GIO,String Ibby HM,,,,,,173.3,,,,other,colin_90,259101353060597762,,,,,,,,,,,,,,
listed,2026-04-11T19:59:35.937+00:00,https://reverb.com/item/35812704-echopark-esperanto-custom-black-used,Echopark,Echopark,Esperanto,,,,,,5495,,,,reverb,shteefe,415010947871277068,,,,,,,,,,,,,,
listed,2026-04-11T20:00:56.583+00:00,https://reverb.com/item/95869849-arcane-51-experience-aged-tele-neck-bridge-pickup,Arcane,,Telecaster,,,,,,200,,,,reverb,madero,126233894897975296,,,,,,,,,,,,,,2026-04-11T18:11:02+00:00
price_changed,2026-04-11T21:10:30.424+00:00,https://reverb.com/item/95447324-b-c-rich-warlock-late-1980s-white,BC Rich,BC Rich Import,Warlock Late 1980s,,,,,,745,,,,reverb,yellowjack6,908889503173857351,,,,,,,,,,,,,,
price_changed,2026-04-11T21:13:27.929+00:00,https://reverb.com/item/95722510-paul-reed-smith-mccarty-sc594-10-top,PRS,PRS Core,McCarty,,,,,,2999,,,,reverb,theguitarpit,602222337923743754,,,,,,,,,,,,,,
price_changed,2026-04-11T21:13:55.405+00:00,https://reverb.com/item/95706617-gibson-les-paul-axcess-custom-2025-ebony,Gibson,Gibson USA,Les Paul,,2025,,,,4250,,,,reverb,greg1213,288303791109963776,,,,,,,,,,,,,,
sold,2026-04-11T21:14:19.886+00:00,https://www.chicagomusicexchange.com/collections/echopark/products/echopark-esperanto-313-red-sunburst-2532135,Echopark,Echopark,Esperanto,,,,,,4195,,,,other,wontongg,214444614189449226,0.1,,,,,,,,,,,,,
sold,2026-04-11T21:39:28.494+00:00,https://reverb.com/item/95865216-1966-gibson-firebird-iii-black-w-hsc,Gibson,Gibson USA,Firebird,,,,,,4000,4000,,,reverb,theguitarpit,602222337923743754,0.4,,,,,,,,,,,,,2026-04-11T13:03:59+00:00
listed,2026-04-11T23:21:35.237+00:00,https://www.chicagomusicexchange.com/products/fano-dennis-fano-master-built-fireglo-2461753?source=google&gad_source=1&gad_campaignid=21419658704&gbraid=0AAAAADRxQTgYme-zx5Fk31saPOa4zQVOs,Fano,Fano,Dennis Fano Master,,,,,,5000,,,,other,shteefe,415010947871277068,,,,,,,,,,,,,,
listed,2026-04-11T23:29:58.786+00:00,https://reverb.com/item/94309673-rare-2012-fano-sp6-blonde-light-ash-6-8lb-telecaster-meets-les-paul-alt-de-facto,Fano,Fano,Telecaster,,2012,,,,2350,,,,reverb,madero,126233894897975296,,,,,,,,,,,,,,
sold,2026-04-12T00:39:12.465+00:00,https://reverb.com/item/95862828-b-c-rich-ironbird-2024ish,BC Rich,,Ironbird 2024ish,,,,,,2500,2500,,,reverb,yellowjack6,908889503173857351,0.4,,,,,,,,,,,,,2026-04-11T14:13:01+00:00
price_changed,2026-04-12T01:09:05.512+00:00,https://reverb.com/item/95869733-history-gh-lcv-2010-fujigen-japan-made-heritage-wood-gibson-les-paul-custom-copy,FGN,,Les Paul Custom,,2010,,,,1185,,,,reverb,theguitarpit,602222337923743754,,,,,,,,,,,,,,2026-04-11T18:07:11+00:00
sold,2026-04-12T01:11:18.401+00:00,https://reverb.com/item/95397706-1971-gibson-les-paul-deluxe-goldtop,Gibson,Gibson USA,Les Paul Deluxe,,,,,,4498,4498,,,reverb,doesitslaptho,659997698300051472,17.7,,,,,,,,,,,,,2026-03-25T08:42:08+00:00
sold,2026-04-12T01:11:25.271+00:00,https://reverb.com/item/95793288-prs-kl-380-korina-2009,PRS,PRS Core,KL 380-Korina,,2008,,,,2500,2500,,,reverb,theguitarpit,602222337923743754,2.9,,,,,,,,,,,,,2026-04-09T02:28:34+00:00
sold,2026-04-12T01:14:13.763+00:00,https://www.chicagomusicexchange.com/products/fano-dennis-fano-master-built-fireglo-2461753?source=google&gad_source=1&gad_campaignid=21419658704&gbraid=0AAAAADRxQTgYme-zx5Fk31saPOa4zQVOs,Fano,Fano,Dennis Fano Master,,,,,,5000,,,,other,shteefe,415010947871277068,0.1,,,,,,,,,,,,,
listed,2026-04-12T01:16:58.446+00:00,https://www.chicagomusicexchange.com/collections/electric-guitars-hollow-body/products/eastman-t58-hollow-body-gold-2410203,Eastman,Eastman,Hollow,,,,,,1599,,,,other,shteefe,415010947871277068,,,,,,,,,,,,,,
listed,2026-04-12T01:24:28.121+00:00,https://www.chicagomusicexchange.com/collections/electric-guitars-hollow-body/products/gibson-es-330-cherry-1960s-2362055,Gibson,Gibson USA,ES-330,,,,,,3596,,,,other,shteefe,415010947871277068,,,,,,,,,,,,,,
listed,2026-04-12T02:02:22.592+00:00,https://reverb.com/item/95884259-1967-gibson-lg-1-original-case-and-artifacts,Gibson,Gibson USA,Original,,,,,,1750,,,,reverb,greg1213,288303791109963776,,,,,,,,,,,,,,2026-04-12T00:41:24+00:00
sold,2026-04-12T02:09:01.229+00:00,https://reverb.com/item/95869849-arcane-51-experience-aged-tele-neck-bridge-pickup,Arcane,,Telecaster,,,,,,200,200,,,reverb,madero,126233894897975296,0.3,,,,,,,,,,,,,2026-04-11T18:11:02+00:00
listed,2026-04-12T02:16:30.592+00:00,https://reverb.com/item/95865404-seagull-maritime-sws-sg-solid-wood,Seagull,Seagull,SG,,,,,,555,,,,reverb,greg1213,288303791109963776,,,,,,,,,,,,,,
price_changed,2026-04-12T09:13:51.899+00:00,https://reverb.com/item/95706617-gibson-les-paul-axcess-custom-2025-ebony,Gibson,Gibson USA,Les Paul,,2025,,,,4250,,,,reverb,greg1213,288303791109963776,,,,,,,,,,,,,,
listed,2026-04-12T12:44:57.857+00:00,https://reverb.com/item/95857651-rks-wave-electric-guitar-black,Rickenbacker,,RKS Wave Elect,,,,,,500,,,,reverb,greg1213,288303791109963776,,,,,,,,,,,,,,
listed,2026-04-12T13:51:29.173+00:00,https://reverb.com/item/95518564-epiphone-century-e422t-1961-1969-sunburst,Epiphone,Epiphone,Century E422T,,,,,,1975,,,,reverb,greg1213,288303791109963776,,,,,,,,,,,,,,
sold,2026-04-12T14:39:03.387+00:00,https://reverb.com/item/95884259-1967-gibson-lg-1-original-case-and-artifacts,Gibson,Gibson USA,Original,,,,,,1750,1750,,,reverb,greg1213,288303791109963776,0.6,,,,,,,,,,,,,2026-04-12T00:41:24+00:00
listed,2026-04-12T15:58:54.562+00:00,https://www.chicagomusicexchange.com/collections/electric-guitars-used/products/nik-huber-krautster-ii-black-2020-2501812,Nik Huber,Nik Huber,Krautster II,,,,,,2655,,,,other,shteefe,415010947871277068,,,,,,,,,,,,,,
listed,2026-04-12T16:23:45.57+00:00,https://www.chicagomusicexchange.com/collections/electric-guitars-used/products/jackson-custom-shop-dinky-hsh-fr-black-2488494,Jackson,Jackson USA Custom Shop,Dinky,,,,,,2516,,,,other,shteefe,415010947871277068,,,,,,,,,,,,,,
listed,2026-04-12T16:32:33.029+00:00,https://www.chicagomusicexchange.com/products/dunable-usa-r2-black-2534436,Dunable,,R2,,,,,,2195,,,,other,modean,663012207478571038,,,,,,,,,,,,,,
price_changed,2026-04-12T17:09:46.899+00:00,https://reverb.com/item/94225545-gibson-custom-shop-murphy-lab-59-es-335-reissue-ultra-light-aged,Gibson,Gibson Custom Shop,ES-335,,2024,,,,4400,,,,reverb,theguitarpit,602222337923743754,,,,,,,,,,,,,,
listed,2026-04-12T20:10:01.864+00:00,https://reverb.com/item/95157286-vigier-excalibur-indus,Vigier,Vigier,Excalibur Indus,,,,,,2000,,,,reverb,greg1213,288303791109963776,,,,,,,,,,,,,,
sold,2026-04-12T21:11:11.569+00:00,https://reverb.com/item/95827941-kahler-bridge-chrome-1980s,Kahler,,Bridge 1980's,,,,,,99,99,,,reverb,shteefe,415010947871277068,3,,,,,,,,,,,,,2026-04-09T21:36:55+00:00
sold,2026-04-12T21:14:00.705+00:00,https://www.chicagomusicexchange.com/collections/electric-guitars-used/products/nik-huber-krautster-ii-black-2020-2501812,Nik Huber,Nik Huber,Krautster II,,,,,,2655,,,,other,shteefe,415010947871277068,9.2,,,,,,,,,,,,,
listed,2026-04-12T22:07:00.981+00:00,https://reverb.com/item/94475757,Music Man,Music Man USA,JP,,,,,,2299,,,,reverb,erparadox,1079314830508445696,,,,,,,,,,,,,,
listed,2026-04-12T22:31:23.497+00:00,https://reverb.com/item/95926118-friedman-cali-2018-red,Friedman,Friedman,Cali,,2018,,,,1899,,,,reverb,theguitarpit,602222337923743754,,,,,,,,,,,,,,2026-04-12T22:29:38+00:00
sold,2026-04-12T22:39:14.784+00:00,https://reverb.com/item/95869733-history-gh-lcv-2010-fujigen-japan-made-heritage-wood-gibson-les-paul-custom-copy,FGN,,Les Paul Custom,,2010,,,,1185,1185,,,reverb,theguitarpit,602222337923743754,1.2,,,,,,,,,,,,,2026-04-11T18:07:11+00:00
listed,2026-04-12T23:19:12.651+00:00,https://reverb.com/item/95924373-prs-modern-eagle-i-06-faded-blue-jean,PRS,PRS Core,Modern,,,,,,8000,,,,reverb,shteefe,415010947871277068,,,,,,,,,,,,,,2026-04-12T22:24:38+00:00
listed,2026-04-12T23:21:39.843+00:00,https://reverb.com/item/95928076-b-c-rich-eagle-1983,BC Rich,BC Rich USA Custom Shop,Eagle,,1983,,,,6831,,,,reverb,shteefe,415010947871277068,,,,,,,,,,,,,,
sold,2026-04-12T23:39:00.986+00:00,https://reverb.com/item/95926118-friedman-cali-2018-red,Friedman,Friedman,Cali,,2018,,,,1899,1899,,,reverb,theguitarpit,602222337923743754,0,,,,,,,,,,,,,2026-04-12T22:29:38+00:00
listed,2026-04-13T00:03:59.872+00:00,https://www.guitarcenter.com/Used/Gibson/Vintage-Vintage-1962-Gibson-GA-79-RT-Tube-Guitar-Combo-Amp.gc?algoliaQueryID=f78a5b1930ba0a539b1008581c61e557&algoliaIndexName=pHL-guitarcenter,Gibson,Gibson USA,GA-79-RT Tube Guitar,,,,,,2299.99,,,,other,shteefe,415010947871277068,,,,,,,,,,,,,,
listed,2026-04-13T00:42:50.744+00:00,https://reverb.com/item/95929451-1951-gibson-es-125-archtop-hollow-body-sunburst-full-body,Gibson,Gibson USA,Hollow,,,,,,1899,,,,reverb,greg1213,288303791109963776,,,,,,,,,,,,,,
listed,2026-04-13T00:53:53.573+00:00,https://reverb.com/item/95918787-1970s-ibanez-fa-100bs-vintage-sunburst-hollow-body-jazz-archtop-electric-guitar-es-175-lawsuit-mij-japan-70s,Rickenbacker,Rickenbacker,ES-175,,,,,,1499,,,,reverb,greg1213,288303791109963776,,,,,,,,,,,,,,
listed,2026-04-13T00:58:58.457+00:00,https://reverb.com/item/83381502-1979-tokai-silver-star-strat-style-electric-guitar-dakota-red-warmoth-neck-ss-frets-p90-pickups-callaham-bridge-saddles-custom-wood-pickguard,Rickenbacker,,Stratocaster,,1979,,,,900,,,,reverb,greg1213,288303791109963776,,,,,,,,,,,,,,
listed,2026-04-13T01:01:59.545+00:00,https://reverb.com/item/95857229-gibson-sg-100-1971-1972-walnut-video,Gibson,Gibson USA,SG,,,,,,1776,,,,reverb,greg1213,288303791109963776,,,,,,,,,,,,,,
sold,2026-04-13T01:10:42.042+00:00,https://reverb.com/item/95537539-ibanez-dt870-destroyer-bass-1984-mij-fujigen,FGN,,DT870,,1984,,,,998,998,,,reverb,greg1213,288303791109963776,13.8,,,,,,,,,,,,,2026-03-30T05:32:31+00:00
listed,2026-04-13T01:32:22.906+00:00,https://reverb.com/item/95926039-telecaster-body-natural,Fender,Squier,Telecaster,,,,,,260,,,,reverb,greg1213,288303791109963776,,,,,,,,,,,,,,
listed,2026-04-13T01:34:58.037+00:00,https://reverb.com/item/95885227-vintage-gibson-es-320td-1971-1975-natural,Gibson,Gibson USA,ES-320TD,,,,,,1999,,,,reverb,greg1213,288303791109963776,,,,,,,,,,,,,,
listed,2026-04-13T01:56:43.594+00:00,https://reverb.com/item/95932498-nik-huber-krautster-iii-k-iii-7-string-electric-guitar-flame-maple-grey-burst-1-prototype,Rickenbacker,,Nik Huber Krautster,,2026,,,,5295,,,,reverb,theguitarpit,602222337923743754,,,,,,,,,,,,,,
listed,2026-04-13T03:51:56.181+00:00,https://reverb.com/item/95929851-fender-relic-replacement-allparts-rosewood-telecaster-tro-c-heavy-aged,Fender,Fender Custom Shop,Telecaster,,,,,,425,,,,reverb,greg1213,288303791109963776,,,,,,,,,,,,,,2026-04-12T23:52:25+00:00
listed,2026-04-13T04:23:01.888+00:00,https://reverb.com/item/95312218-eastman-t59-v-sb-thinline-antique-sunburst-sn-p2400455-new,Eastman,Eastman,T59/v-SB Thinline Antique,,,,,,2213,,,,reverb,wontongg,214444614189449226,,,,,,,,,,,,,,
listed,2026-04-13T04:33:57.788+00:00,https://reverb.com/item/95707622-1999-usa-reverend-commando,Reverend,Reverend,Commando,,1999,,,,1550,,,,reverb,greg1213,288303791109963776,,,,,,,,,,,,,,
listed,2026-04-13T05:21:44.686+00:00,https://www.guitarcenter.com/Used/Taylor/Used-2007-Taylor-Solid-Body-Koa-Solid-Body-Electric-Guitar.gc?source=4WWRWXGP&utm_id=22041530336&utm_creative=736454622928&utm_marketing_tactic=guitar&gad_source=4&gad_campaignid=22041530336&gbraid=0AAAAADtcCuz__GaUS_OIpRYdmnVceJvN5,Rickenbacker,,Taylor Solid Body,,,,,,1599.99,,,,other,say.waaat,591343751201423439,,,,,,,,,,,,,,
price_changed,2026-04-13T09:11:37.573+00:00,https://reverb.com/item/95791415-1997-usa-bc-rich-mockingbird-flame-maple-bernie-rico-signed-custom-shop-original-parts-case,BC Rich,BC Rich USA Custom Shop,Original,,1997,,,,2567,,,,reverb,shteefe,415010947871277068,,,,,,,,,,,,,,2026-04-09T02:30:36+00:00
listed,2026-04-13T09:26:04.67+00:00,https://reverb.com/en-se/item/93225199-esp-ltd-esp-ltd-te-1007-baritone-black-blast-2025,ESP,LTD,LTD ESP LTD,,2025,,,,1199,,,,reverb,kfw3e52zckdda9g8tgqaonzw5mqcqmzm,1332493343006920741,,,,,,,,,,,,,,
listed,2026-04-13T09:35:19.626+00:00,https://reverb.com/item/94532219-eastman-t486-goldburst,Eastman,Eastman,T486 Goldburst,,,,,,1708,,,,reverb,wontongg,214444614189449226,,,,,,,,,,,,,,
sold,2026-04-13T13:10:15.028+00:00,https://reverb.com/item/95649346-gibson-les-paul-studio-faded-t-2016-worn-brown,Gibson,Gibson USA,Les Paul Studio,,2016,,,,950,950,,,reverb,say.waaat,591343751201423439,9.6,,,,,,,,,,,,,2026-04-03T23:34:12+00:00
listed,2026-04-13T13:42:06.376+00:00,https://reverb.com/item/95925225-fender-american-professional-ii-stratocaster-miami-blue-evertune-bridge-system,Rickenbacker,Rickenbacker,Stratocaster,,,,,,1500,,,,reverb,scottcorgan,103469574581669888,,,,,,,,,,,,,,
listed,2026-04-13T13:44:25.797+00:00,https://reverb.com/item/94581216-paul-reed-smith-prs-2006-standard-22-satin-vintage-orange-wide-thin-neck-6-108530-02-20,PRS,,Standard,,,,,,2856,,,,reverb,scottcorgan,103469574581669888,,,,,,,,,,,,,,
listed,2026-04-13T14:59:12.818+00:00,https://reverb.com/item/95973928-gibson-custom-shop-59-les-paul-standard-reissue-2023-dirty-lemon-vos-demo,Gibson,Gibson Custom Shop,Les Paul Standard,,2023,,,,4214,,,,reverb,theguitarpit,602222337923743754,,,,,,,,,,,,,,2026-04-13T14:55:42+00:00
listed,2026-04-13T15:19:44.921+00:00,https://reverb.com/item/94767454-gibson-custom-shop-murphy-lab-59-les-paul-heavy-aged-green-lemon-fade,Gibson,Gibson Custom Shop,Les Paul,,,,,,6800,,,,reverb,wontongg,214444614189449226,,,,,,,,,,,,,,2026-03-03T02:26:45+00:00
listed,2026-04-13T15:26:23.356+00:00,https://reverb.com/item/91923730-esp-horizion-iii-maziora-color-shift-andromeda-near-mint-w-seymour-duncan-floyd-rose,ESP,ESP Custom Shop,Horizion III Maziora,,2001,,,,3330,,,,reverb,wontongg,214444614189449226,,,,,,,,,,,,,,
listed,2026-04-13T15:36:52.872+00:00,https://www.chicagomusicexchange.com/products/jackson-custom-shop-1982-dinky-nitro-relic-studio-rosso-1911053,Jackson,Jackson USA Custom Shop,Dinky,,,,,,5899.99,,,,other,shteefe,415010947871277068,,,,,,,,,,,,,,
listed,2026-04-13T15:42:25.761+00:00,https://www.chicagomusicexchange.com/products/prs-pauls-guitar-1985-electric-tiger-glow-2020-2429219,Rickenbacker,,PRS Paul's Guitar,,,,,,6966,,,,other,shteefe,415010947871277068,,,,,,,,,,,,,,
listed,2026-04-13T15:56:48.461+00:00,https://www.chicagomusicexchange.com/en-gb/products/gibson-custom-shop-1959-les-paul-standard-cme-spec-2380682,Gibson,Gibson Custom Shop,Les Paul Standard,,,,,,11099,,,,other,ynid,83552549902225408,,,,,,,,,,,,,,
sold,2026-04-13T16:00:46.483+00:00,https://reverb.com/item/95973928-gibson-custom-shop-59-les-paul-standard-reissue-2023-dirty-lemon-vos-demo,Gibson,Gibson Custom Shop,Les Paul Standard,,2023,,,,4214,4214,,,reverb,theguitarpit,602222337923743754,0,,,,,,,,,,,,,2026-04-13T14:55:42+00:00
listed,2026-04-13T16:45:05.645+00:00,https://reverb.com/item/95932215-epiphone-usa-casino-factory-installed-bigsby-vibrato,Epiphone,Epiphone,Casino/Factory installed Bigsby,,,,,,2175,,,,reverb,greg1213,288303791109963776,,,,,,,,,,,,,,
sold,2026-04-13T18:33:36.306+00:00,https://reverb.com/item/95791415-1997-usa-bc-rich-mockingbird-flame-maple-bernie-rico-signed-custom-shop-original-parts-case,BC Rich,BC Rich USA Custom Shop,Original,,1997,,,,2567,2567,,,reverb,shteefe,415010947871277068,4.7,,,,,,,,,,,,,2026-04-09T02:30:36+00:00
removed,2026-04-13T18:34:58.545+00:00,https://reverb.com/item/95734220-prs-special-semi-hollow-mango-limited-edition-charcoal-purple-burst-334,PRS,PRS Core,Semi-Hollow,,,,,,5480,,,,reverb,modean,663012207478571038,5.2,,,,,,,,,,,,,
listed,2026-04-13T20:00:38.226+00:00,https://reverb.com/item/95977808-epiphone-inspired-by-gibson-63-dove-reissue-25,Gibson,Epiphone,Dove,,,,,,895,,,,reverb,greg1213,288303791109963776,,,,,,,,,,,,,,
listed,2026-04-13T21:43:49.028+00:00,https://reverb.com/item/95979215-huss-and-dalton-statesboro-sc-2020,Huss & Dalton,,Statesboro SC,,2020,,,,4500,,,,reverb,theguitarpit,602222337923743754,,,,,,,,,,,,,,
listed,2026-04-13T21:44:23.434+00:00,https://reverb.com/item/95979383-liggett-guitars-custom-galaxy-headless-satin-denim-burst-hand-made-boutique-electric-used,Rickenbacker,Rickenbacker,Headless,,2021,,,,3149,,,,reverb,theguitarpit,602222337923743754,,,,,,,,,,,,,,
price_changed,2026-04-13T22:32:22.599+00:00,https://reverb.com/item/95860692-g-l-custom-shop-legacy,G&L,G&L USA,Legacy,,2022,,,,1330,,,,reverb,theguitarpit,602222337923743754,,,,,,,,,,,,,,
listed,2026-04-13T23:16:59.293+00:00,https://reverb.com/item/95979704-powers-electric-a-type-pf-brass-2-tone,Rickenbacker,Rickenbacker,Powers Elect A-Type,,,,,,3250,,,,reverb,shteefe,415010947871277068,,,,,,,,,,,,,,
listed,2026-04-13T23:30:21.108+00:00,https://reverb.com/item/95981665-k-line-springfield-hsc-paperwork-2020s-aged-relic-finish,K-Line,K-Line,"Springfield, paperwork, 2020s,",,,,,Good,1645,,,Nick W's Guitar Candy,reverb,,,,0,,,,,,,,,,,,2026-04-13T22:51:07+00:00
removed,2026-04-13T23:30:50.573+00:00,https://reverb.com/item/95977808-epiphone-inspired-by-gibson-63-dove-reissue-25,Gibson,Epiphone,Dove,,,,,,895,,,,reverb,greg1213,288303791109963776,0.1,,,,,,,,,,,,,
listed,2026-04-14T00:13:36.31+00:00,https://reverb.com/item/95983136-2012-asher-redd-volkaert-signature-t-deluxe-rv-3-of-10-electric-guitar-blonde-ogb,Rickenbacker,Rickenbacker,Asher Redd Volkaert,,2012,,,,2495,,,,reverb,greg1213,288303791109963776,,,,,,,,,,,,,,2026-04-13T23:33:29+00:00
listed,2026-04-14T00:22:00.729+00:00,https://reverb.com/item/95980773-esp-electric-guitar-in-yellow,ESP,ESP USA,Electric Guitar in,,,,,,1799,,,,reverb,theguitarpit,602222337923743754,,,,,,,,,,,,,,
listed,2026-04-14T00:23:48.308+00:00,https://reverb.com/item/94221379-fender-american-ultra-telecaster-w-premium-molded-hardshell-case-rosewood-fretboard-texas-tea,Fender,Fender USA,Telecaster,,,,,,1350,,,,reverb,theguitarpit,602222337923743754,,,,,,,,,,,,,,2026-04-13T22:46:10+00:00
listed,2026-04-14T00:37:09.635+00:00,https://reverb.com/item/95984786-gravity-arabella-2026-nitro-flamed-maple-layered,Gravity,,Arabella,,2026,,,,4460,,,,reverb,greg1213,288303791109963776,,,,,,,,,,,,,,
listed,2026-04-14T00:39:32.518+00:00,https://chucklevins.com/products/castedosa-halcon-standard-electric-guitar-king-pearl-475,Castedosa,Castedosa,Standard,,,,,,10000,,,,other,scottcorgan,103469574581669888,,,,,,,,,,,,,,
listed,2026-04-14T01:17:16.061+00:00,https://reverb.com/item/95975905-gretsch-7625-tk-300-1977-1981-natural,Gretsch,,TK-300 1981-,,,,,,990,,,,reverb,greg1213,288303791109963776,,,,,,,,,,,,,,2026-04-13T17:04:14+00:00
listed,2026-04-14T01:19:35.831+00:00,https://reverb.com/item/92387125-aria-pro-ii-urchin-series-80-s-u-70-rare,Aria,,Urchin Series 80's,,,,,,1839,,,,reverb,greg1213,288303791109963776,,,,,,,,,,,,,,
listed,2026-04-14T01:27:45.99+00:00,https://reverb.com/item/95975371-2008-collings-290-sunburst,Collings,Collings,"290,",,,,,Very Good,3400,,,Union Music,reverb,reverb,,,0,,,,,,,,,,,,2026-04-13T16:20:49+00:00
price_changed,2026-04-14T02:31:18.833+00:00,https://reverb.com/item/94532219-eastman-t486-goldburst,Eastman,Eastman,T486 Goldburst,,,,,,1708,,,,reverb,wontongg,214444614189449226,,,,,,,,,,,,,,
price_changed,2026-04-14T02:31:25.75+00:00,https://reverb.com/item/95312218-eastman-t59-v-sb-thinline-antique-sunburst-sn-p2400455-new,Eastman,Eastman,T59/v-SB Thinline Antique,,,,,,2213,,,,reverb,wontongg,214444614189449226,,,,,,,,,,,,,,
price_changed,2026-04-14T02:31:46.407+00:00,https://reverb.com/item/95928076-b-c-rich-eagle-1983,BC Rich,BC Rich USA Custom Shop,Eagle,,1983,,,,6831,,,,reverb,shteefe,415010947871277068,,,,,,,,,,,,,,
price_changed,2026-04-14T02:32:09.13+00:00,https://reverb.com/item/95868038-yamaha-japanese-sg-25s-anniversary-50-worldwide-royal-black-w-ohsc-1991,Yamaha,,SG,,1991,,,,9897,,,,reverb,wontongg,214444614189449226,,,,,,,,,,,,,,
price_changed,2026-04-14T02:33:14.11+00:00,https://reverb.com/item/94863912-1999-gibson-les-paul-custom-black-beauty-custom-shop-ebony-ohsc-coa-excellent-condition?bk=eyJhbGciOiJIUzI1NiJ9.eyJqdGkiOiI3OTEwOThhZS1hMzE4LTQxYzEtYjBhMS05ZjVhMDRkNzA0NjYiLCJpYXQiOjE3NzU4NTcwMjIsInVzZXJfaWQiOiIiLCJzZXNzaW9uX2lkIjoiZDNiMTk5YWYtMTYxMi00ODFkLWE5Y2ItNzA3NGQ0M2VhNjhjIiwiY29va2llX2lkIjoiZjJhZWZjYzAtMzdmMy00NWViLWIxNzMtNmVhZjk4Yjk5MTYzIiwicHJvZHVjdF9pZCI6Ijk0ODYzOTEyIiwic291cmNlIjoiTk9ORSJ9.dYDfkjvyoQItf5P4a3JPFsGg-823VFk-XQyWhl8o8wU,Gibson,Gibson Custom Shop,Les Paul Custom,,1999,,,,3415,,,,reverb,hanswolo,627563151151595605,,,,,,,,,,,,,,
price_changed,2026-04-14T02:33:46.198+00:00,https://reverb.com/item/95354797,Nash,Nash,Telecaster,,,,,,2049,,,,reverb,shoegazee_,1396700009130491906,,,,,,,,,,,,,,
price_changed,2026-04-14T02:34:06.832+00:00,https://reverb.com/item/95822390-1980-dean-e-lite-super-rare-yellow,Dean,,E’lite Super Rare,,1980,,,,4922,,,,reverb,doesitslaptho,659997698300051472,,,,,,,,,,,,,,
price_changed,2026-04-14T02:34:36.466+00:00,https://reverb.com/item/86407766-ibanez-s470-1997-japan-mint,Ibanez,Ibanez Prestige,S470,,,,,Mint,1401,,,Tatto Shop,reverb,hibby_,230107654758858753,,1,2777,94,"Caserta, Italy",CE,IT,0.99,40,false,false,JP,Sol Mahogany,2024-12-31T12:34:59+00:00
price_changed,2026-04-14T02:35:08.356+00:00,https://reverb.com/item/95733265-1992-takamine-td-25-excellent-condition-lawsuit-martin-style-low-action-vintage-tone,Vintage,,Takamine TD-25 Condition,,1992,,,,562,,,,reverb,greg1213,288303791109963776,,,,,,,,,,,,,,
price_changed,2026-04-14T02:35:31.197+00:00,https://reverb.com/item/95732910-prs-custom-24-mango-top-limited-edition-sprayer-s-choice-cobalt-smokeburst-1-of-1,PRS,PRS Core,Custom 24,,,,,,5542,,,,reverb,theguitarpit,602222337923743754,,,,,,,,,,,,,,
price_changed,2026-04-14T02:35:33.466+00:00,https://reverb.com/item/95582195-fender-stratocaster-1958-sonic-blue-refinish,Fender,Fender Custom Shop,Stratocaster,,1958,,,,32407,,,,reverb,shteefe,415010947871277068,,,,,,,,,,,,,,
sold,2026-04-14T02:35:59.995+00:00,https://www.chicagomusicexchange.com/products/fender-stratocaster-sunburst-1969-2536340,Fender,Fender Custom Shop,Stratocaster,,,,,,10995,,,,other,shteefe,415010947871277068,2.3,,,,,,,,,,,,,
listed,2026-04-14T02:47:51.76+00:00,https://reverb.com/item/95171729-collings-290,Collings,Collings,290,,,,,,2884,,,,reverb,greg1213,288303791109963776,,,,,,,,,,,,,,2026-03-18T22:36:06+00:00
listed,2026-04-14T02:56:51.18+00:00,https://reverb.com/item/93962330-gibson-es-335-big-block-retro-ltd-wood-rose,Gibson,Gibson USA,ES-335,,2018,,,,4026,,,,reverb,wontongg,214444614189449226,,,,,,,,,,,,,,
sold,2026-04-14T03:01:02.396+00:00,https://reverb.com/item/95981665-k-line-springfield-hsc-paperwork-2020s-aged-relic-finish,K-Line,K-Line,"Springfield, paperwork, 2020s,",,,,,Good,1645,,,Nick W's Guitar Candy,reverb,,,0.2,0,,,,,,,,,,,,2026-04-13T22:51:07+00:00
listed,2026-04-14T03:24:30.847+00:00,https://reverb.com/item/94884601-gibson-memphis-es-335-block-figured-faded-lightburst-2017-w-ohsc-docs,Gibson,Gibson USA,ES-335,,2017,,,,3677,,,,reverb,wontongg,214444614189449226,,,,,,,,,,,,,,
listed,2026-04-14T03:29:28.869+00:00,https://reverb.com/item/95058456-gibson-63-es-335-block-figured-vos-2015,Gibson,Gibson Custom Shop,ES-335,,2015,,,,4576,,,,reverb,wontongg,214444614189449226,,,,,,,,,,,,,,
listed,2026-04-14T03:45:59.284+00:00,https://reverb.com/item/94969194-greco-sa-550-1982-sumbarst,Greco,,SA Sumbarst,,1982,,,,1481,,,,reverb,wontongg,214444614189449226,,,,,,,,,,,,,,
listed,2026-04-14T04:01:24.467+00:00,https://reverb.com/item/95989245-prs-sc-245-2007-2009-violin-amber-sunburst,PRS,PRS Core,SC Violin,,,,,,2394,,,,reverb,theguitarpit,602222337923743754,,,,,,,,,,,,,,
listed,2026-04-14T04:01:24.467+00:00,https://reverb.com/item/95990997-ibanez-rga622xh-bk-prestige-axe-design-lab-2023-present-black,Ibanez,Ibanez Prestige,Prestige,,,,,,1799,,,,reverb,theguitarpit,602222337923743754,,,,,,,,,,,,,,
listed,2026-04-14T04:01:24.467+00:00,https://reverb.com/item/95986526-kiesel-aries-6-string,Kiesel,Kiesel / Carvin,Aries 6- String,,2021,,,,1199,,,,reverb,theguitarpit,602222337923743754,,,,,,,,,,,,,,2026-04-14T01:27:13+00:00
sold,2026-04-14T04:14:17.654+00:00,https://reverb.com/item/95986526-kiesel-aries-6-string,Kiesel,Kiesel / Carvin,Aries 6- String,,2021,,,,1199,1199,,,reverb,theguitarpit,602222337923743754,0.1,,,,,,,,,,,,,2026-04-14T01:27:13+00:00
listed,2026-04-14T04:32:56.041+00:00,https://reverb.com/item/95990400-suhr-modern-2024-quilt-maple-trans-purple,Suhr,Suhr,Modern,,2024,,,,3175,,,,reverb,theguitarpit,602222337923743754,,,,,,,,,,,,,,
listed,2026-04-14T04:33:01.427+00:00,https://reverb.com/item/95992885-abasi-guitars-emi-6-legion-2025-bell-garden-green,ABASI,,Guitars Emi //,,2025,,,,1689,,,,reverb,theguitarpit,602222337923743754,,,,,,,,,,,,,,2026-04-14T04:21:10+00:00
listed,2026-04-14T05:33:57.25+00:00,https://www.guitarcenter.com/Used/Gibson/Used-Gibson-Les-Paul-Custom-Black-Solid-Body-Electric-Guitar-122168144.gc,Gibson,Gibson USA,Les Paul Custom,,,,,,3649.99,,,,other,say.waaat,591343751201423439,,,,,,,,,,,,,,
price_changed,2026-04-14T08:12:15.301+00:00,https://reverb.com/item/95992885-abasi-guitars-emi-6-legion-2025-bell-garden-green,ABASI,,Guitars Emi //,,2025,,,,1689,,,,reverb,theguitarpit,602222337923743754,,,,,,,,,,,,,,2026-04-14T04:21:10+00:00
listed,2026-04-14T11:36:39.367+00:00,https://reverb.com/item/91979281-fgn-neo-classic-custom-shop-heavy-relic,FGN,,Classic,,,,,,2777,,,,reverb,greg1213,288303791109963776,,,,,,,,,,,,,,
sold,2026-04-14T11:42:45.53+00:00,https://reverb.com/item/94221379-fender-american-ultra-telecaster-w-premium-molded-hardshell-case-rosewood-fretboard-texas-tea,Fender,Fender USA,Telecaster,,,,,,1350,1350,,,reverb,theguitarpit,602222337923743754,0.5,,,,,,,,,,,,,2026-04-13T22:46:10+00:00
price_changed,2026-04-14T12:13:24.681+00:00,https://reverb.com/item/95926039-telecaster-body-natural,Fender,Squier,Telecaster,,,,,,260,,,,reverb,greg1213,288303791109963776,,,,,,,,,,,,,,
listed,2026-04-14T12:49:13.006+00:00,https://reverb.com/item/15058257-toya-rotary-knob-1980-black,Toya,,Rotary Knob,,1980,,,,7,,,,reverb,yellowjack6,908889503173857351,,,,,,,,,,,,,,
listed,2026-04-14T14:16:22.263+00:00,https://www.guitarworld.com/gear/electric-guitars/fender-vintera-iii-launch,Fender,Fender Mexico,&ldquo;A level of,Vintera,,,,,,,,,other,yellowjack6,908889503173857351,,,,,,,,,,,,,,
listed,2026-04-14T14:27:41.32+00:00,https://reverb.com/item/94212937-alvarez-dana-ii-tri-force-hardtail-guitar-early-1990s-flame-top-new-old-stock,Alvarez,Alvarez,Dana II Tri-Force,,,,,,500,,,,reverb,greg1213,288303791109963776,,,,,,,,,,,,,,
listed,2026-04-14T14:30:11.575+00:00,https://reverb.com/item/96014840-2010-b-c-rich-jr-v-icon-pat-o-brien-black-with-red-bevels-w-skb-case,BC Rich,,Jr. Icon Pat,,2010,,,,2000,,,,reverb,yellowjack6,908889503173857351,,,,,,,,,,,,,,2026-04-14T13:56:23+00:00
listed,2026-04-14T14:30:44.688+00:00,https://reverb.com/item/96012045-prs-nf53-2024-sunburst-with-prs-hardshell-case,PRS,PRS Core,NF53 With PRS,,2024,,,,1575,,,,reverb,theguitarpit,602222337923743754,,,,,,,,,,,,,,2026-04-14T12:58:08+00:00
listed,2026-04-14T14:30:44.688+00:00,https://reverb.com/item/96002714-kiesel-kyber,Kiesel,Kiesel / Carvin,Kyber,,,,,,1600,,,,reverb,theguitarpit,602222337923743754,,,,,,,,,,,,,,2026-04-14T08:12:06+00:00
listed,2026-04-14T14:31:30.839+00:00,https://reverb.com/item/91888011-b-c-rich-usa-custom-explorer-natural-1985,BC Rich,BC Rich USA Custom Shop,Explorer,,1985,,,,3999,,,,reverb,yellowjack6,908889503173857351,,,,,,,,,,,,,,2025-08-20T20:42:24+00:00
listed,2026-04-14T14:33:47.43+00:00,https://reverb.com/item/95701298-dean-z-x-floyd-rose-excellent-cond-like-new-black,Dean,,"Floyd Rose Cond,",Floyd Rose,,,,Excellent,595,,,Adam's Guitar Addict,reverb,reverb,,,0,,,,,,,,,,,,2026-04-05T12:48:01+00:00
listed,2026-04-14T15:26:36.975+00:00,https://reverb.com/item/91628026-gibson-q200-alpine-white-1985-vintage-electric-guitar,Gibson,Gibson USA,Les Paul,,1985,,,,1905,,,,reverb,greg1213,288303791109963776,,,,,,,,,,,,,,
listed,2026-04-14T15:29:04.254+00:00,https://reverb.com/item/94765005-ernie-ball-music-man-dustin-kensrue-signature-stingray-guitar-2022-present-tv-blonde,Music Man,Music Man USA,StingRay,,,,,,1999,,,,reverb,greg1213,288303791109963776,,,,,,,,,,,,,,
listed,2026-04-14T15:38:30.574+00:00,https://reverb.com/item/94692577-gibson-les-paul-standard-limited-2010-2012-fireball,Gibson,Gibson USA,Les Paul Standard,,,,,,2400,,,,reverb,greg1213,288303791109963776,,,,,,,,,,,,,,
price_changed,2026-04-14T16:12:44.925+00:00,https://reverb.com/item/95990997-ibanez-rga622xh-bk-prestige-axe-design-lab-2023-present-black,Ibanez,Ibanez Prestige,Prestige,,,,,,1799,,,,reverb,theguitarpit,602222337923743754,,,,,,,,,,,,,,
listed,2026-04-14T18:02:48.693+00:00,https://reverb.com/item/96022940-pre-owned-anderson-cobra-s-transparent-plum-to-black-burst-with-hardshell-case,Anderson,Tom Anderson,Cobra Transparent Plum,,2010,,,,3000,,,,reverb,theguitarpit,602222337923743754,,,,,,,,,,,,,,
listed,2026-04-14T18:35:41.974+00:00,https://reverb.com/item/96024941-2025-gretsch-g6134tg-limited-edition-paisley-penguin-w-bigsby-electric-guitar-case-rare-very-nice,Gretsch,Gretsch Professional,G6134TG Paisley Penguin,,2025,,,,2199,,,,reverb,theguitarpit,602222337923743754,,,,,,,,,,,,,,2026-04-14T18:09:23+00:00
price_changed,2026-04-14T20:14:30.148+00:00,https://reverb.com/item/95865460-prs-mccarty-1994-2007-teal-black,PRS,PRS Core,McCarty 1994,,,,,,1950,,,,reverb,theguitarpit,602222337923743754,,,,,,,,,,,,,,
sold,2026-04-14T20:14:41.591+00:00,https://reverb.com/item/95289875-luxxtone-choppa-t-rexx,Floyd Rose,,Luxxtone Choppa Rexx,,,,,,2550,2375,,,reverb,theguitarpit,602222337923743754,23.8,,,,,,,,,,,,,2026-03-22T00:37:35+00:00
price_changed,2026-04-14T20:16:55.207+00:00,https://reverb.com/item/95002587-1993-dave-mustaine-jackson-king-v-japan,Jackson,Jackson USA,King V,,1993,,,,4750,,,,reverb,hanswolo,627563151151595605,,,,,,,,,,,,,,
price_changed,2026-04-14T20:17:04.266+00:00,https://reverb.com/item/94706328-gibson-sg-standard-61-in-translucent-teal-2026-on-sale-this-week-4-8-4-12,Gibson,Gibson USA,SG Standard,,,,,,1699,,,,reverb,greg1213,288303791109963776,,,,,,,,,,,,,,
listed,2026-04-14T20:32:50.588+00:00,https://reverb.com/item/96021069-ibanez-alpha-series-a527-nsh-nebula-shift-multi-scale-7-string-911,Ibanez,Ibanez Prestige,Les Paul,,,,,,1900,,,,reverb,modean,663012207478571038,,,,,,,,,,,,,,
listed,2026-04-14T22:42:56.776+00:00,https://reverb.com/item/96029146-john-page-classic-ashburn-daphne-blue-w-ogb,John Page,,Classic,,,,,,700,,,,reverb,modean,663012207478571038,,,,,,,,,,,,,,
listed,2026-04-14T23:27:55.269+00:00,https://reverb.com/item/96022305-b-c-rich-rich-b-legacy-exotic-electric-guitar-natural-koa-richblkoad2,BC Rich,,Legacy,,2026,,,,1350,,,,reverb,yellowjack6,908889503173857351,,,,,,,,,,,,,,
price_changed,2026-04-15T00:12:29.128+00:00,https://reverb.com/item/91628026-gibson-q200-alpine-white-1985-vintage-electric-guitar,Gibson,Gibson USA,Les Paul,,1985,,,,1905,,,,reverb,greg1213,288303791109963776,,,,,,,,,,,,,,
price_changed,2026-04-15T00:12:47.319+00:00,https://reverb.com/item/91979281-fgn-neo-classic-custom-shop-heavy-relic,FGN,,Classic,,,,,,2777,,,,reverb,greg1213,288303791109963776,,,,,,,,,,,,,,
price_changed,2026-04-15T00:12:49.684+00:00,https://reverb.com/item/95990400-suhr-modern-2024-quilt-maple-trans-purple,Suhr,Suhr,Modern,,2024,,,,3175,,,,reverb,theguitarpit,602222337923743754,,,,,,,,,,,,,,
price_changed,2026-04-15T00:12:58.732+00:00,https://reverb.com/item/94969194-greco-sa-550-1982-sumbarst,Greco,,SA Sumbarst,,1982,,,,1481,,,,reverb,wontongg,214444614189449226,,,,,,,,,,,,,,
price_changed,2026-04-15T00:13:01.085+00:00,https://reverb.com/item/95058456-gibson-63-es-335-block-figured-vos-2015,Gibson,Gibson Custom Shop,ES-335,,2015,,,,4576,,,,reverb,wontongg,214444614189449226,,,,,,,,,,,,,,
price_changed,2026-04-15T00:13:04.488+00:00,https://reverb.com/item/94884601-gibson-memphis-es-335-block-figured-faded-lightburst-2017-w-ohsc-docs,Gibson,Gibson USA,ES-335,,2017,,,,3677,,,,reverb,wontongg,214444614189449226,,,,,,,,,,,,,,
price_changed,2026-04-15T00:13:06.785+00:00,https://reverb.com/item/93962330-gibson-es-335-big-block-retro-ltd-wood-rose,Gibson,Gibson USA,ES-335,,2018,,,,4026,,,,reverb,wontongg,214444614189449226,,,,,,,,,,,,,,
price_changed,2026-04-15T00:13:13.637+00:00,https://reverb.com/item/92387125-aria-pro-ii-urchin-series-80-s-u-70-rare,Aria,,Urchin Series 80's,,,,,,1839,,,,reverb,greg1213,288303791109963776,,,,,,,,,,,,,,
price_changed,2026-04-15T00:13:38.799+00:00,https://reverb.com/item/94581216-paul-reed-smith-prs-2006-standard-22-satin-vintage-orange-wide-thin-neck-6-108530-02-20,PRS,,Standard,,,,,,2856,,,,reverb,scottcorgan,103469574581669888,,,,,,,,,,,,,,
price_changed,2026-04-15T00:13:43.516+00:00,https://reverb.com/item/94532219-eastman-t486-goldburst,Eastman,Eastman,T486 Goldburst,,,,,,1708,,,,reverb,wontongg,214444614189449226,,,,,,,,,,,,,,
price_changed,2026-04-15T00:13:50.392+00:00,https://reverb.com/item/95312218-eastman-t59-v-sb-thinline-antique-sunburst-sn-p2400455-new,Eastman,Eastman,T59/v-SB Thinline Antique,,,,,,2213,,,,reverb,wontongg,214444614189449226,,,,,,,,,,,,,,
price_changed,2026-04-15T00:14:10.906+00:00,https://reverb.com/item/95928076-b-c-rich-eagle-1983,BC Rich,BC Rich USA Custom Shop,Eagle,,1983,,,,6831,,,,reverb,shteefe,415010947871277068,,,,,,,,,,,,,,
price_changed,2026-04-15T00:14:33.595+00:00,https://reverb.com/item/95868038-yamaha-japanese-sg-25s-anniversary-50-worldwide-royal-black-w-ohsc-1991,Yamaha,,SG,,1991,,,,9897,,,,reverb,wontongg,214444614189449226,,,,,,,,,,,,,,
price_changed,2026-04-15T00:15:33.872+00:00,https://reverb.com/item/94863912-1999-gibson-les-paul-custom-black-beauty-custom-shop-ebony-ohsc-coa-excellent-condition?bk=eyJhbGciOiJIUzI1NiJ9.eyJqdGkiOiI3OTEwOThhZS1hMzE4LTQxYzEtYjBhMS05ZjVhMDRkNzA0NjYiLCJpYXQiOjE3NzU4NTcwMjIsInVzZXJfaWQiOiIiLCJzZXNzaW9uX2lkIjoiZDNiMTk5YWYtMTYxMi00ODFkLWE5Y2ItNzA3NGQ0M2VhNjhjIiwiY29va2llX2lkIjoiZjJhZWZjYzAtMzdmMy00NWViLWIxNzMtNmVhZjk4Yjk5MTYzIiwicHJvZHVjdF9pZCI6Ijk0ODYzOTEyIiwic291cmNlIjoiTk9ORSJ9.dYDfkjvyoQItf5P4a3JPFsGg-823VFk-XQyWhl8o8wU,Gibson,Gibson Custom Shop,Les Paul Custom,,1999,,,,3415,,,,reverb,hanswolo,627563151151595605,,,,,,,,,,,,,,
price_changed,2026-04-15T00:16:05.823+00:00,https://reverb.com/item/95354797,Nash,Nash,Telecaster,,,,,,2049,,,,reverb,shoegazee_,1396700009130491906,,,,,,,,,,,,,,
price_changed,2026-04-15T00:16:26.337+00:00,https://reverb.com/item/95822390-1980-dean-e-lite-super-rare-yellow,Dean,,E’lite Super Rare,,1980,,,,4922,,,,reverb,doesitslaptho,659997698300051472,,,,,,,,,,,,,,
price_changed,2026-04-15T00:16:56.036+00:00,https://reverb.com/item/86407766-ibanez-s470-1997-japan-mint,Ibanez,Ibanez Prestige,S470,,,,,Mint,1401,,,Tatto Shop,reverb,hibby_,230107654758858753,,1,2777,94,"Caserta, Italy",CE,IT,0.99,40,false,false,JP,Sol Mahogany,2024-12-31T12:34:59+00:00
listed,2026-04-15T00:20:57.075+00:00,https://reverb.com/item/96034843-collings-cl-city-limits,Collings,Collings,CL City Limits,,2017,,,,3495,,,,reverb,theguitarpit,602222337923743754,,,,,,,,,,,,,,2026-04-15T00:14:55+00:00
listed,2026-04-15T01:11:06.797+00:00,https://reverb.com/item/96030972-taylor-builder-s-edition-717e-21,Taylor,,Builder's 717e '21,,,,,,2250,,,,reverb,greg1213,288303791109963776,,,,,,,,,,,,,,
listed,2026-04-15T01:12:10.224+00:00,https://reverb.com/item/96030993-taylor-gold-label-517e-sb-25,Taylor,,Label 517E SB,,,,,,1895,,,,reverb,greg1213,288303791109963776,,,,,,,,,,,,,,2026-04-14T22:00:52+00:00
sold,2026-04-15T01:12:24.698+00:00,https://reverb.com/item/96024941-2025-gretsch-g6134tg-limited-edition-paisley-penguin-w-bigsby-electric-guitar-case-rare-very-nice,Gretsch,Gretsch Professional,G6134TG Paisley Penguin,,2025,,,,2199,2199,,,reverb,theguitarpit,602222337923743754,0.3,,,,,,,,,,,,,2026-04-14T18:09:23+00:00
listed,2026-04-15T01:18:58.84+00:00,https://reverb.com/item/94268694-taylor-2019-builder-s-edition-517e-whb-w-ohsc-075-used,Taylor,Taylor USA,075,,2019,,,,1999,,,,reverb,greg1213,288303791109963776,,,,,,,,,,,,,,
listed,2026-04-15T01:48:08.193+00:00,https://reverb.com/item/94764860-1968-gibson-blue-ridge-brazilian-rosewood,Gibson,Gibson USA,"Ridge, Brazilian Rosewood",,,1968,true,Very Good,1850,,,"Billy's Guitars, Jax FL",reverb,"Jax FL""",,,1,,,,,,,,,,,,2026-03-03T01:02:02+00:00
sold,2026-04-15T02:13:31.276+00:00,https://reverb.com/item/95983136-2012-asher-redd-volkaert-signature-t-deluxe-rv-3-of-10-electric-guitar-blonde-ogb,Rickenbacker,Rickenbacker,Asher Redd Volkaert,,2012,,,,2495,2495,,,reverb,greg1213,288303791109963776,1.1,,,,,,,,,,,,,2026-04-13T23:33:29+00:00
listed,2026-04-15T02:24:57.004+00:00,https://reverb.com/item/95082410-knaggs-kenai-t2-top-w-p-90s-dirty-lemon-burst,Knaggs,Knaggs,Kenai,,,,,,2250,,,,reverb,greg1213,288303791109963776,,,,,,,,,,,,,,
listed,2026-04-15T02:28:57.721+00:00,https://reverb.com/item/93949970-dana-nashville-scoop-butterscotch-2014,Alvarez,,Nashville,,2014,,,,2999,,,,reverb,greg1213,288303791109963776,,,,,,,,,,,,,,
listed,2026-04-15T02:31:09.369+00:00,https://reverb.com/item/94761942-dana-scoop-1992-2025-pearl-white,Dana,,Scoop,,,,,,2500,,,,reverb,reverb,,,,,,,,,,,,,,,
listed,2026-04-15T02:33:06.975+00:00,https://reverb.com/item/94966483-gibson-dove-1993-ebony,Gibson,Gibson USA,Dove,,1993,,,,2700,,,,reverb,pabstbluewizard,233280995418308611,,,,,,,,,,,,,,
listed,2026-04-15T02:34:29.24+00:00,https://reverb.com/item/93162998-1990-s-alvarez-dana-scoop-black-floyd-modulus-graphite-neck,Alvarez,Alvarez,1990's Dana Scoop,,1990,,,,1800,,,,reverb,greg1213,288303791109963776,,,,,,,,,,,,,,
listed,2026-04-15T02:34:39.287+00:00,https://reverb.com/item/94982380-gibson-dove-1968-cherry-sunburst,Gibson,Gibson USA,Dove,,1968,,,,5500,,,,reverb,pabstbluewizard,233280995418308611,,,,,,,,,,,,,,
listed,2026-04-15T02:36:28.679+00:00,https://reverb.com/item/72133398-gibson-dove-1976-natural,Gibson,Gibson USA,Dove,,1976,,,,2100,,,,reverb,pabstbluewizard,233280995418308611,,,,,,,,,,,,,,
listed,2026-04-15T02:38:35.914+00:00,https://reverb.com/item/94936857-2018-ryoga-skater-h3-pearl-rose-made-in-japan-at-fujigen-boutique,FGN,,RYOGA Skater-H3 Pearl,,2018,,,,1199,,,,reverb,greg1213,288303791109963776,,,,,,,,,,,,,,
listed,2026-04-15T02:40:21.43+00:00,https://reverb.com/item/94934807-gibson-j-60-bonecrusher-2013-2014-antique-natural,Gibson,Gibson USA,J-60 Bonecrusher Antique,,,,,,1995,,,,reverb,pabstbluewizard,233280995418308611,,,,,,,,,,,,,,
listed,2026-04-15T03:01:22.131+00:00,https://reverb.com/item/92538934-gibson-les-paul-custom-2021-black,Gibson,Gibson USA,Les Paul Custom,,2021,,,,3588,,,,reverb,say.waaat,591343751201423439,,,,,,,,,,,,,,
sold,2026-04-15T04:14:42.592+00:00,https://reverb.com/item/95924373-prs-modern-eagle-i-06-faded-blue-jean,PRS,PRS Core,Modern,,,,,,8000,8000,,,reverb,shteefe,415010947871277068,2.2,,,,,,,,,,,,,2026-04-12T22:24:38+00:00
price_changed,2026-04-15T04:15:33.1+00:00,https://reverb.com/item/95860692-g-l-custom-shop-legacy,G&L,G&L USA,Legacy,,2022,,,,1330,,,,reverb,theguitarpit,602222337923743754,,,,,,,,,,,,,,
listed,2026-04-15T04:50:37.925+00:00,https://reverb.com/item/94598911-eastman-t486-bk-16-thinline-seymour-duncan-pickups-in-black-with-case-p2302468,Eastman,Eastman,"T486-BK 16"" Thinline,",,,,,Brand New,1653,,,Wildwire Guitars,reverb,reverb,,,0,,,,,,,,,,,,2026-04-14T21:56:55+00:00
listed,2026-04-15T05:26:47.786+00:00,https://reverb.com/item/96039034-prs-fiore-black-iris,PRS,PRS Core,Fiore Iris,,,,,,1350,,,,reverb,theguitarpit,602222337923743754,,,,,,,,,,,,,,2026-04-15T04:04:12+00:00
listed,2026-04-15T05:28:32.183+00:00,https://reverb.com/item/96039510-carvin-v220-koa-wood-ebony-fretboard-kahler-bridge-general-lee-project,Kiesel,Kiesel / Carvin,"V220 Koa Wood,",,,,,Good,1200,,,joe's Gear Bazaar,reverb,reverb,,,1,,,,,,,,,,,,2026-04-15T05:14:32+00:00
listed,2026-04-15T05:29:30.761+00:00,https://reverb.com/item/96036597-teuffel-niwa-electric-guitar-ulrich-teuffel-design-excellent-condition-flight-case,Teuffel,,Niwa Electric Guitar,,,,,,8495,,,,reverb,theguitarpit,602222337923743754,,,,,,,,,,,,,,
price_changed,2026-04-15T05:46:58.484+00:00,https://reverb.com/item/95701298-dean-z-x-floyd-rose-excellent-cond-like-new-black,Dean,,"Floyd Rose Cond,",Floyd Rose,,,,Excellent,595,,,Adam's Guitar Addict,reverb,reverb,,,0,,,,,,,,,,,,2026-04-05T12:48:01+00:00
price_changed,2026-04-15T05:47:19.106+00:00,https://reverb.com/item/95992885-abasi-guitars-emi-6-legion-2025-bell-garden-green,ABASI,,Guitars Emi //,,2025,,,,1689,,,,reverb,theguitarpit,602222337923743754,,,,,,,,,,,,,,2026-04-14T04:21:10+00:00
listed,2026-04-15T05:49:43.461+00:00,https://reverb.com/item/95714191-gibson-melody-maker-sparkling-burgundy-1968?show_sold=true,Gibson,Gibson USA,Melody Maker,,1968,,,,1995,,,,reverb,madero,126233894897975296,,,,,,,,,,,,,,
listed,2026-04-15T05:55:32.926+00:00,https://reverb.com/item/96038730-microtonal-partscaster-fender-stratocaster-gold,Fender,Fender Custom Shop,Stratocaster,,,,,,1400,,,,reverb,theguitarpit,602222337923743754,,,,,,,,,,,,,,2026-04-15T03:49:40+00:00
listed,2026-04-15T06:03:17.27+00:00,https://www.guitarcenter.com/Squier/Classic-Vibe-60s-Jazzmaster-Limited-Edition-Electric-Guitar-Daphne-Blue-1500000296731.gc,Squier,Squier,Jazzmaster,,,,,,374.99,,,,other,theguitarpit,602222337923743754,,,,,,,,,,,,,,
listed,2026-04-15T06:27:26.557+00:00,https://reverb.com/item/96039546-balaguer-growler-t-bar-baritone-metallic-cool-green,Balaguer,,"Growler T-BAR Baritone,",,,,,Excellent,1495,,,The Guitar Rack,reverb,reverb,,,2,,,,,,,,,,,,2026-04-15T05:21:24+00:00
sold,2026-04-15T08:11:40.398+00:00,https://reverb.com/item/96030993-taylor-gold-label-517e-sb-25,Taylor,,Label 517E SB,,,,,,1895,1895,,,reverb,greg1213,288303791109963776,0.4,,,,,,,,,,,,,2026-04-14T22:00:52+00:00
price_changed,2026-04-15T09:41:01.577+00:00,https://reverb.com/item/96038730-microtonal-partscaster-fender-stratocaster-gold,Fender,Fender Custom Shop,Stratocaster,,,,,,1400,,,,reverb,theguitarpit,602222337923743754,,,,,,,,,,,,,,2026-04-15T03:49:40+00:00
removed,2026-04-15T09:44:33.161+00:00,https://reverb.com/item/95860613-2026-gibson-explorer-custom-w-ebony-fingerboard-gloss-classic-white,Gibson,Gibson USA,Explorer,,,,,,4999,,,,reverb,theguitarpit,602222337923743754,4.2,,,,,,,,,,,,,
sold,2026-04-15T12:12:45.852+00:00,https://reverb.com/item/95975905-gretsch-7625-tk-300-1977-1981-natural,Gretsch,,TK-300 1981-,,,,,,990,990,,,reverb,greg1213,288303791109963776,1.8,,,,,,,,,,,,,2026-04-13T17:04:14+00:00
listed,2026-04-15T12:27:40.842+00:00,https://reverb.com/item/96045658-fender-custom-shop-limited-edition-1-of-1-la-florita-stratocaster-electric-guitar-with-matching-amp,Fender,Fender Custom Shop,Stratocaster,,,,,,46851,,,,reverb,doesitslaptho,659997698300051472,,,,,,,,,,,,,,
listed,2026-04-15T12:55:35.118+00:00,https://reverb.com/item/96040546-early-80s-bc-rich-b-nj-guitar-made-in-japan,BC Rich,BC Rich Import,Early '80s NJ,,,,,,685,,,,reverb,yellowjack6,908889503173857351,,,,,,,,,,,,,,2026-04-15T07:40:38+00:00
listed,2026-04-15T13:23:22.726+00:00,https://reverb.com/item/95171206-lsl-balboa-heirloom-3-tone-sunburst-lightly-aged-to-perfection-made-in-the-southern-california-tradition-8-2-pounds-8525-montana,LSL,LSL Instruments,Balboa Heirloom 3-Tone,,2025,,,,2708,,,,reverb,pabstbluewizard,233280995418308611,,,,,,,,,,,,,,
listed,2026-04-15T13:24:08.092+00:00,https://reverb.com/item/94331028-fender-custom-shop-postmodern-precision-jazz-bass-nos,Fender,Fender Custom Shop,Jazz Bass,,2015,,,,2850,,,,reverb,pabstbluewizard,233280995418308611,,,,,,,,,,,,,,
listed,2026-04-15T13:53:08.301+00:00,https://reverb.com/item/96032800-kiesel-osiris-6-string-with-tremolo,Kiesel,Kiesel / Carvin,Osiris String with,,,,,,1225,,,,reverb,theguitarpit,602222337923743754,,,,,,,,,,,,,,2026-04-15T12:08:09+00:00
listed,2026-04-15T15:19:41.27+00:00,https://reverb.com/item/95725363-gibson-sg-standard-2023-present-translucent-teal,Gibson,Gibson USA,SG Standard,,,,,,1300,,,,reverb,yellowjack6,908889503173857351,,,,,,,,,,,,,,2026-04-07T01:49:58+00:00
listed,2026-04-15T15:24:59.967+00:00,https://reverb.com/item/96054834-2022-ernie-ball-music-man-john-petrucci-signature-majesty-8-crystal-amethyst,Music Man,Music Man USA,JP,,2022,,,,3195,,,,reverb,theguitarpit,602222337923743754,,,,,,,,,,,,,,2026-04-15T15:17:28+00:00
listed,2026-04-15T15:27:31.858+00:00,https://reverb.com/item/93860536-b-c-rich-ironbird-extreme-mk2-7-string-glitter-rock-white,BC Rich,,Ironbird Extreme MK2,,,,,,2000,,,,reverb,yellowjack6,908889503173857351,,,,,,,,,,,,,,
listed,2026-04-15T15:28:12.182+00:00,https://reverb.com/item/95979149-ibanez-uv777p-bk-steve-vai-signature-universe-2000,Ibanez,Ibanez J.Custom,UV777P-BK Steve Vai,,,,,,2000,,,,reverb,theguitarpit,602222337923743754,,,,,,,,,,,,,,2026-04-13T20:56:55+00:00
sold,2026-04-15T17:11:03.671+00:00,https://reverb.com/item/96054834-2022-ernie-ball-music-man-john-petrucci-signature-majesty-8-crystal-amethyst,Music Man,Music Man USA,JP,,2022,,,,3195,3195,,,reverb,theguitarpit,602222337923743754,0.1,,,,,,,,,,,,,2026-04-15T15:17:28+00:00
removed,2026-04-15T17:13:14.738+00:00,https://reverb.com/item/95979215-huss-and-dalton-statesboro-sc-2020,Huss & Dalton,,Statesboro SC,,2020,,,,4500,,,,reverb,theguitarpit,602222337923743754,1.8,,,,,,,,,,,,,
price_changed,2026-04-15T17:43:22.796+00:00,https://reverb.com/item/94532219-eastman-t486-goldburst,Eastman,Eastman,T486 Goldburst,,,,,,1708,,,,reverb,wontongg,214444614189449226,,,,,,,,,,,,,,
price_changed,2026-04-15T17:43:52.302+00:00,https://reverb.com/item/95157286-vigier-excalibur-indus,Vigier,Vigier,Excalibur Indus,,,,,,2000,,,,reverb,greg1213,288303791109963776,,,,,,,,,,,,,,
listed,2026-04-15T18:19:30.75+00:00,https://reverb.com/item/96057374-1965-gibson-melody-maker-cherry-pre-owned,Gibson,Gibson USA,Melody Maker,,1965,,,,1499,,,,reverb,madero,126233894897975296,,,,,,,,,,,,,,
listed,2026-04-15T18:24:33.784+00:00,https://reverb.com/item/95962410-castedosa-guitars-marianna-semi-hollow,Castedosa,Castedosa,Semi-Hollow,,,,,,8999,,,,reverb,theguitarpit,602222337923743754,,,,,,,,,,,,,,
listed,2026-04-15T19:07:22.756+00:00,https://reverb.com/item/96059211-2007-navigator-e-lp-ctm-black,Navigator,,Les Paul,,2007,,,,3500,,,,reverb,theguitarpit,602222337923743754,,,,,,,,,,,,,,
listed,2026-04-15T19:07:22.756+00:00,https://reverb.com/item/96059156-2025-gibson-les-paul-custom-axcess-floyd-rose-black-beauty,Gibson,Gibson USA,Les Paul Custom,,2025,,,,4100,,,,reverb,theguitarpit,602222337923743754,,,,,,,,,,,,,,
sold,2026-04-15T19:11:32.922+00:00,https://reverb.com/item/96039510-carvin-v220-koa-wood-ebony-fretboard-kahler-bridge-general-lee-project,Kiesel,Kiesel / Carvin,"V220 Koa Wood,",,,,,Good,1200,1200,,joe's Gear Bazaar,reverb,reverb,,0.6,1,,,,,,,,,,,,2026-04-15T05:14:32+00:00
listed,2026-04-15T19:22:05.936+00:00,https://reverb.com/item/95714867-rare-music-man-jp15-7-eclipse-sparkle-sweetwater-exclusive,Music Man,Music Man USA,JP15,,2022,,,,3199,,,,reverb,theguitarpit,602222337923743754,,,,,,,,,,,,,,2026-04-15T19:11:36+00:00
listed,2026-04-15T21:06:29.161+00:00,https://reverb.com/item/96060728-aristides-020,Aristides,Aristides,020,,,,,,2400,,,,reverb,scottcorgan,103469574581669888,,,,,,,,,,,,,,2026-04-15T20:13:30+00:00
price_changed,2026-04-15T21:42:30.021+00:00,https://reverb.com/item/95701298-dean-z-x-floyd-rose-excellent-cond-like-new-black,Dean,,"Floyd Rose Cond,",Floyd Rose,,,,Excellent,595,,,Adam's Guitar Addict,reverb,reverb,,,0,,,,,,,,,,,,2026-04-05T12:48:01+00:00
listed,2026-04-15T22:03:36.157+00:00,https://reverb.com/item/96060579-yamaha-sa2000-ca-1980-sunburst,Yamaha,Yamaha SG/SA Premium,SA2000 ca.1980,,,,,,2600,,,,reverb,madero,126233894897975296,,,,,,,,,,,,,,
sold,2026-04-15T22:41:28.618+00:00,https://reverb.com/item/96040546-early-80s-bc-rich-b-nj-guitar-made-in-japan,BC Rich,BC Rich Import,Early '80s NJ,,,,,,685,685,,,reverb,yellowjack6,908889503173857351,0.6,,,,,,,,,,,,,2026-04-15T07:40:38+00:00
listed,2026-04-15T23:12:28.023+00:00,https://reverb.com/item/95978288-b-c-rich-custom-shop-ironbird-mk1-2026-candy-tangerine-orange,BC Rich,BC Rich USA Custom Shop,Ironbird Mk1 Candy,,2026,,,,7950,,,,reverb,yellowjack6,908889503173857351,,,,,,,,,,,,,,
listed,2026-04-15T23:15:57.318+00:00,https://reverb.com/item/95619581-fodera-imperial-custom,Fodera,Fodera,Imperial,,,,,Excellent,8300,,,Salvador's Gear Outlet,reverb,hibby_,230107654758858753,,8,1136,41,"Bridgeview, IL, United States",IL,US,1,8,false,false,US,,2026-04-03T05:22:36+00:00
listed,2026-04-15T23:24:07.575+00:00,https://reverb.com/item/96044347-jackson-mike-shannon-soloist-master-built-signed-1-of-50-custom-shop-made-in-usa-masterbuilt-american-pre-fender-san-dimas-sl1-hss-super-stratocaster,Jackson,Jackson USA Custom Shop,Stratocaster,,,,,,11053,,,,reverb,hibby_,230107654758858753,,,,,,,,,,,,,,
listed,2026-04-16T00:13:04.511+00:00,https://reverb.com/item/96062615-guild-s-60-1979-natural,Guild,Guild Import,S-60,,1979,,,,1349,,,,reverb,greg1213,288303791109963776,,,,,,,,,,,,,,
sold,2026-04-16T00:42:41.807+00:00,https://reverb.com/item/91888011-b-c-rich-usa-custom-explorer-natural-1985,BC Rich,BC Rich USA Custom Shop,Explorer,,1985,,,,3999,3999,,,reverb,yellowjack6,908889503173857351,238.2,,,,,,,,,,,,,2025-08-20T20:42:24+00:00
price_changed,2026-04-16T01:43:08.631+00:00,https://reverb.com/item/95058456-gibson-63-es-335-block-figured-vos-2015,Gibson,Gibson Custom Shop,ES-335,,2015,,,,4576,,,,reverb,wontongg,214444614189449226,,,,,,,,,,,,,,
sold,2026-04-16T01:43:35.563+00:00,https://reverb.com/item/94767454-gibson-custom-shop-murphy-lab-59-les-paul-heavy-aged-green-lemon-fade,Gibson,Gibson Custom Shop,Les Paul,,,,,,6800,6800,,,reverb,wontongg,214444614189449226,44,,,,,,,,,,,,,2026-03-03T02:26:45+00:00
price_changed,2026-04-16T01:44:10.273+00:00,https://reverb.com/item/95928076-b-c-rich-eagle-1983,BC Rich,BC Rich USA Custom Shop,Eagle,,1983,,,,6831,,,,reverb,shteefe,415010947871277068,,,,,,,,,,,,,,
listed,2026-04-16T01:45:08.779+00:00,https://reverb.com/item/96067566-dunable-usa-custom-shop-yeti-electric-guitar-w-case-murder-blackout-satin,Dunable,Rickenbacker,Yeti Electric Guitar,,,,,,1699,,,,reverb,theguitarpit,602222337923743754,,,,,,,,,,,,,,2026-04-16T00:09:59+00:00
listed,2026-04-16T01:45:22.858+00:00,https://reverb.com/item/96066193-melancon-custom-artist-s,Melancon,Melancon,Custom Artist S,,,,,,12000,,,,reverb,theguitarpit,602222337923743754,,,,,,,,,,,,,,
price_changed,2026-04-16T01:45:28.03+00:00,https://reverb.com/item/94863912-1999-gibson-les-paul-custom-black-beauty-custom-shop-ebony-ohsc-coa-excellent-condition?bk=eyJhbGciOiJIUzI1NiJ9.eyJqdGkiOiI3OTEwOThhZS1hMzE4LTQxYzEtYjBhMS05ZjVhMDRkNzA0NjYiLCJpYXQiOjE3NzU4NTcwMjIsInVzZXJfaWQiOiIiLCJzZXNzaW9uX2lkIjoiZDNiMTk5YWYtMTYxMi00ODFkLWE5Y2ItNzA3NGQ0M2VhNjhjIiwiY29va2llX2lkIjoiZjJhZWZjYzAtMzdmMy00NWViLWIxNzMtNmVhZjk4Yjk5MTYzIiwicHJvZHVjdF9pZCI6Ijk0ODYzOTEyIiwic291cmNlIjoiTk9ORSJ9.dYDfkjvyoQItf5P4a3JPFsGg-823VFk-XQyWhl8o8wU,Gibson,Gibson Custom Shop,Les Paul Custom,,1999,,,,3415,,,,reverb,hanswolo,627563151151595605,,,,,,,,,,,,,,
listed,2026-04-16T01:52:18.758+00:00,https://www.guitarcenter.com/Used/Electrophonic-Innovations/Used-Electrophonic-Innovations-MODEL-ONE-Black-Solid-Body-Electric-Guitar.gc?algoliaQueryID=663cd051873ffde15f935dbe329e249d&algoliaIndexName=cD-guitarcenter,Ovation,Ovation Import,Electrophonic Inns MODEL,,,,,,799.99,,,,other,greg1213,288303791109963776,,,,,,,,,,,,,,
listed,2026-04-16T01:55:50.915+00:00,https://reverb.com/item/96069829-carvin-ct7-7-string,Kiesel,Kiesel / Carvin,CT7 string,,,,,,1420,,,,reverb,theguitarpit,602222337923743754,,,,,,,,,,,,,,2026-04-16T01:49:42+00:00
sold,2026-04-16T02:11:03.915+00:00,https://reverb.com/item/96067566-dunable-usa-custom-shop-yeti-electric-guitar-w-case-murder-blackout-satin,Dunable,Rickenbacker,Yeti Electric Guitar,,,,,,1699,1699,,,reverb,theguitarpit,602222337923743754,0.1,,,,,,,,,,,,,2026-04-16T00:09:59+00:00
sold,2026-04-16T03:40:59.127+00:00,https://reverb.com/item/96069829-carvin-ct7-7-string,Kiesel,Kiesel / Carvin,CT7 string,,,,,,1420,1420,,,reverb,theguitarpit,602222337923743754,0.1,,,,,,,,,,,,,2026-04-16T01:49:42+00:00
listed,2026-04-16T05:43:55.449+00:00,https://reverb.com/item/96058829-gold-tone-grs-paul-beard-metal-body-resonator-guitar-with-lipstick-pickup,Gold Tone,,Metal,,2026,,,,1400,,,,reverb,greg1213,288303791109963776,,,,,,,,,,,,,,
listed,2026-04-16T06:03:45.284+00:00,https://reverb.com/uk/item/96063440-jackson-usa-custom-shop-soloist-platinum-pearl-1985-w-ohsc,Jackson,Jackson USA Custom Shop,Soloist,,1985,,,,3500,,,,reverb,ynid,83552549902225408,,,,,,,,,,,,,,
listed,2026-04-16T06:18:42.035+00:00,https://reverb.com/item/96063440-jackson-usa-custom-shop-soloist-platinum-pearl-1985-w-ohsc,Jackson,Jackson USA Custom Shop,Soloist,,1985,,,,3500,,,,reverb,sunny_00,363041371956969472,,,,,,,,,,,,,,
listed,2026-04-16T06:21:50.735+00:00,https://reverb.com/item/91948632-pre-owned-echopark-echocaster-r-60-white-with-original-hard-shell-case,Echopark,Echopark,Original,,,,,,2900,,,,reverb,sunny_00,363041371956969472,,,,,,,,,,,,,,
listed,2026-04-16T10:32:54.326+00:00,https://reverb.com/item/96076989-schecter-hellcat-bass-vi-with-evertune-bridge-black-finish-and-inlays,Schecter,,Hellcat Bass VI,,,,,,1200,,,,reverb,scottcorgan,103469574581669888,,,,,,,,,,,,,,2026-04-16T08:24:18+00:00
listed,2026-04-16T12:01:34.104+00:00,https://reverb.com/item/96079886-90s-charvel-by-jackson-sdk-super-dinky-body-hh-sunburst-made-in-japan-w-plate,Charvel,Charvel MJ,Dinky,,,,,,200,,,,reverb,greg1213,288303791109963776,,,,,,,,,,,,,,
listed,2026-04-16T12:02:58.688+00:00,https://reverb.com/item/94421081-fender-jaguar-baritone-custom-2004-2006-sunburst,Fender,Fender Custom Shop,Jaguar,,,,,,3313,,,,reverb,greg1213,288303791109963776,,,,,,,,,,,,,,
listed,2026-04-16T12:10:30.203+00:00,https://reverb.com/item/92986126-contriver-signature-fs-baritone-foundation-series-edge-2025,Contriver Guitars,,Signature FS6,,2025,,,,2136,,,,reverb,greg1213,288303791109963776,,,,,,,,,,,,,,
listed,2026-04-16T12:10:49.077+00:00,https://reverb.com/item/94646285-aluminati-orion-baritone-2024-white-rubio,Aluminati,,Orion Baritone,,2024,,,,2199,,,,reverb,greg1213,288303791109963776,,,,,,,,,,,,,,
listed,2026-04-16T13:01:24.287+00:00,https://www.guitarworld.com/reviews/rickenbacker-al-cisneros-4003-ac-review,Rickenbacker,Rickenbacker,4003,,,,,,,,,,other,kfw3e52zckdda9g8tgqaonzw5mqcqmzm,1332493343006920741,,,,,,,,,,,,,,
sold,2026-04-16T13:12:44.961+00:00,https://reverb.com/item/96034843-collings-cl-city-limits,Collings,Collings,CL City Limits,,2017,,,,3495,3495,,,reverb,theguitarpit,602222337923743754,1.5,,,,,,,,,,,,,2026-04-15T00:14:55+00:00
price_changed,2026-04-16T13:41:53.91+00:00,https://reverb.com/item/96032800-kiesel-osiris-6-string-with-tremolo,Kiesel,Kiesel / Carvin,Osiris String with,,,,,,1225,,,,reverb,theguitarpit,602222337923743754,,,,,,,,,,,,,,2026-04-15T12:08:09+00:00
sold,2026-04-16T13:44:09.842+00:00,https://reverb.com/item/95929851-fender-relic-replacement-allparts-rosewood-telecaster-tro-c-heavy-aged,Fender,Fender Custom Shop,Telecaster,,,,,,425,425,,,reverb,greg1213,288303791109963776,3.6,,,,,,,,,,,,,2026-04-12T23:52:25+00:00
sold,2026-04-16T14:11:33.446+00:00,https://reverb.com/item/96060728-aristides-020,Aristides,Aristides,020,,,,,,2400,2400,,,reverb,scottcorgan,103469574581669888,0.7,,,,,,,,,,,,,2026-04-15T20:13:30+00:00
listed,2026-04-16T14:19:18.82+00:00,https://losangeles.craigslist.org/sfv/msg/d/tarzana-gibson-studio-les-paul-roland/7926480589.html,Gibson,Gibson USA,Les Paul,,,,,,1375,,,,other,scottcorgan,103469574581669888,,,,,,,,,,,,,,
listed,2026-04-16T14:43:06.378+00:00,https://reverb.com/item/96083093-echopark-de-leon-2-guitar-07,Echopark,Echopark,De Leon Guitar,,,,,,2963,,,,reverb,theguitarpit,602222337923743754,,,,,,,,,,,,,,2026-04-16T14:24:00+00:00
listed,2026-04-16T14:43:52.981+00:00,https://reverb.com/item/96077964-echopark-clarence-bw-guitar-01-2,Echopark,Echopark,Clarence BW Guitar,,,,,,2963,,,,reverb,theguitarpit,602222337923743754,,,,,,,,,,,,,,
listed,2026-04-16T15:03:58.38+00:00,https://thorenslighter.com/products/gen-7-single-claw-teleflam-glossy-brass-finish?variant=47535566291250,Vintage,,Telecaster,,,,,,150,,,,other,yellowjack6,908889503173857351,,,,,,,,,,,,,,
listed,2026-04-16T15:25:04.944+00:00,https://reverb.com/item/95385457-prs-cu24-1988-tobacco-sunburst-pre-factory,PRS,PRS Core,Cu24 FACTORY,,1988,,,,9949,,,,reverb,wontongg,214444614189449226,,,,,,,,,,,,,,
listed,2026-04-16T16:33:52.215+00:00,https://reverb.com/item/96085958-gibson-custom-shop-68-les-paul-custom-ri-2024-ebony-gloss-only-8lbs-13oz,Gibson,Gibson Custom Shop,Les Paul Custom,,,,,,4022,,,,reverb,theguitarpit,602222337923743754,,,,,,,,,,,,,,2026-04-16T16:10:02+00:00
removed,2026-04-16T16:42:49.924+00:00,https://reverb.com/item/96022305-b-c-rich-rich-b-legacy-exotic-electric-guitar-natural-koa-richblkoad2,BC Rich,,Legacy,,2026,,,,1350,,,,reverb,yellowjack6,908889503173857351,1.7,,,,,,,,,,,,,
price_changed,2026-04-16T17:42:23.798+00:00,https://reverb.com/item/96039034-prs-fiore-black-iris,PRS,PRS Core,Fiore Iris,,,,,,1350,,,,reverb,theguitarpit,602222337923743754,,,,,,,,,,,,,,2026-04-15T04:04:12+00:00
sold,2026-04-16T17:43:18.151+00:00,https://reverb.com/item/96014840-2010-b-c-rich-jr-v-icon-pat-o-brien-black-with-red-bevels-w-skb-case,BC Rich,,Jr. Icon Pat,,2010,,,,2000,2000,,,reverb,yellowjack6,908889503173857351,2.2,,,,,,,,,,,,,2026-04-14T13:56:23+00:00
sold,2026-04-16T18:12:15.753+00:00,https://reverb.com/item/96039034-prs-fiore-black-iris,PRS,PRS Core,Fiore Iris,,,,,,1350,1350,,,reverb,theguitarpit,602222337923743754,1.6,,,,,,,,,,,,,2026-04-15T04:04:12+00:00
sold,2026-04-16T19:10:58.835+00:00,https://reverb.com/item/96085958-gibson-custom-shop-68-les-paul-custom-ri-2024-ebony-gloss-only-8lbs-13oz,Gibson,Gibson Custom Shop,Les Paul Custom,,,,,,4022,4022,,,reverb,theguitarpit,602222337923743754,0.1,,,,,,,,,,,,,2026-04-16T16:10:02+00:00
listed,2026-04-16T20:17:29.753+00:00,https://reverb.com/item/96096103-marconilab-ego-art-hyper-lsd-headless-guitar-first-model,Marconilab,,headless,,,,,,1585,,,,reverb,theguitarpit,602222337923743754,,,,,,,,,,,,,,
listed,2026-04-16T20:22:14.138+00:00,https://reverb.com/item/89593013-the-fish-guitar,Guild,,The Fish Guitar,,,,,,3400,,,,reverb,hibby_,230107654758858753,,,,,,,,,,,,,,
listed,2026-04-16T21:15:12.951+00:00,https://reverb.com/item/96097046-bradford-guitars-apocalypse-machine-2024-tv-yellow,Bradford,,Apocalypse,,2024,,,,1500,,,,reverb,theguitarpit,602222337923743754,,,,,,,,,,,,,,
price_changed,2026-04-16T21:42:07.081+00:00,https://reverb.com/item/94331028-fender-custom-shop-postmodern-precision-jazz-bass-nos,Fender,Fender Custom Shop,Jazz Bass,,2015,,,,2850,,,,reverb,pabstbluewizard,233280995418308611,,,,,,,,,,,,,,
fake_removed,2026-04-16T22:28:00.773+00:00,https://reverb.com/item/95929851-fender-relic-replacement-allparts-rosewood-telecaster-tro-c-heavy-aged,Fender,Fender Custom Shop,Telecaster,,,,,,425,,,,reverb,greg1213,288303791109963776,3.9,,,,,,,,,,,,,2026-04-12T23:52:25+00:00
price_changed,2026-04-16T22:36:14.474+00:00,https://reverb.com/item/95385457-prs-cu24-1988-tobacco-sunburst-pre-factory,PRS,PRS Core,Cu24 FACTORY,,1988,,,,9949,,,,reverb,wontongg,214444614189449226,,,,,,,,,,,,,,
price_changed,2026-04-16T22:36:23.545+00:00,https://reverb.com/item/92986126-contriver-signature-fs-baritone-foundation-series-edge-2025,Contriver Guitars,,Signature FS6,,2025,,,,2136,,,,reverb,greg1213,288303791109963776,,,,,,,,,,,,,,
price_changed,2026-04-16T22:36:25.892+00:00,https://reverb.com/item/94421081-fender-jaguar-baritone-custom-2004-2006-sunburst,Fender,Fender Custom Shop,Jaguar,,,,,,3313,,,,reverb,greg1213,288303791109963776,,,,,,,,,,,,,,
price_changed,2026-04-16T22:36:46.192+00:00,https://reverb.com/item/96044347-jackson-mike-shannon-soloist-master-built-signed-1-of-50-custom-shop-made-in-usa-masterbuilt-american-pre-fender-san-dimas-sl1-hss-super-stratocaster,Jackson,Jackson USA Custom Shop,Stratocaster,,,,,,11053,,,,reverb,hibby_,230107654758858753,,,,,,,,,,,,,,
price_changed,2026-04-16T22:42:25.329+00:00,https://reverb.com/item/95385457-prs-cu24-1988-tobacco-sunburst-pre-factory,PRS,PRS Core,Cu24 FACTORY,,1988,,,,9949,,,,reverb,wontongg,214444614189449226,,,,,,,,,,,,,,
price_changed,2026-04-16T22:42:34.518+00:00,https://reverb.com/item/92986126-contriver-signature-fs-baritone-foundation-series-edge-2025,Contriver Guitars,,Signature FS6,,2025,,,,2136,,,,reverb,greg1213,288303791109963776,,,,,,,,,,,,,,
price_changed,2026-04-16T22:42:36.854+00:00,https://reverb.com/item/94421081-fender-jaguar-baritone-custom-2004-2006-sunburst,Fender,Fender Custom Shop,Jaguar,,,,,,3313,,,,reverb,greg1213,288303791109963776,,,,,,,,,,,,,,
price_changed,2026-04-16T22:42:57.852+00:00,https://reverb.com/item/96044347-jackson-mike-shannon-soloist-master-built-signed-1-of-50-custom-shop-made-in-usa-masterbuilt-american-pre-fender-san-dimas-sl1-hss-super-stratocaster,Jackson,Jackson USA Custom Shop,Stratocaster,,,,,,11053,,,,reverb,hibby_,230107654758858753,,,,,,,,,,,,,,
price_changed,2026-04-16T22:43:31.744+00:00,https://reverb.com/item/96045658-fender-custom-shop-limited-edition-1-of-1-la-florita-stratocaster-electric-guitar-with-matching-amp,Fender,Fender Custom Shop,Stratocaster,,,,,,46851,,,,reverb,doesitslaptho,659997698300051472,,,,,,,,,,,,,,
price_changed,2026-04-16T22:43:40.748+00:00,https://reverb.com/item/94598911-eastman-t486-bk-16-thinline-seymour-duncan-pickups-in-black-with-case-p2302468,Eastman,Eastman,"T486-BK 16"" Thinline,",,,,,Brand New,1653,,,Wildwire Guitars,reverb,reverb,,,0,,,,,,,,,,,,2026-04-14T21:56:55+00:00
removed,2026-04-16T22:44:21.774+00:00,https://reverb.com/item/94765005-ernie-ball-music-man-dustin-kensrue-signature-stingray-guitar-2022-present-tv-blonde,Music Man,Music Man USA,StingRay,,,,,,1999,,,,reverb,greg1213,288303791109963776,2.3,,,,,,,,,,,,,
price_changed,2026-04-16T22:44:24.113+00:00,https://reverb.com/item/91628026-gibson-q200-alpine-white-1985-vintage-electric-guitar,Gibson,Gibson USA,Les Paul,,1985,,,,1905,,,,reverb,greg1213,288303791109963776,,,,,,,,,,,,,,
price_changed,2026-04-16T22:44:37.746+00:00,https://reverb.com/item/91979281-fgn-neo-classic-custom-shop-heavy-relic,FGN,,Classic,,,,,,2777,,,,reverb,greg1213,288303791109963776,,,,,,,,,,,,,,
price_changed,2026-04-16T22:44:49.061+00:00,https://reverb.com/item/94969194-greco-sa-550-1982-sumbarst,Greco,,SA Sumbarst,,1982,,,,1481,,,,reverb,wontongg,214444614189449226,,,,,,,,,,,,,,
price_changed,2026-04-16T22:44:51.323+00:00,https://reverb.com/item/95058456-gibson-63-es-335-block-figured-vos-2015,Gibson,Gibson Custom Shop,ES-335,,2015,,,,4576,,,,reverb,wontongg,214444614189449226,,,,,,,,,,,,,,
price_changed,2026-04-16T22:44:53.587+00:00,https://reverb.com/item/94884601-gibson-memphis-es-335-block-figured-faded-lightburst-2017-w-ohsc-docs,Gibson,Gibson USA,ES-335,,2017,,,,3677,,,,reverb,wontongg,214444614189449226,,,,,,,,,,,,,,
price_changed,2026-04-16T22:44:55.852+00:00,https://reverb.com/item/93962330-gibson-es-335-big-block-retro-ltd-wood-rose,Gibson,Gibson USA,ES-335,,2018,,,,4026,,,,reverb,wontongg,214444614189449226,,,,,,,,,,,,,,
price_changed,2026-04-16T22:45:02.815+00:00,https://reverb.com/item/92387125-aria-pro-ii-urchin-series-80-s-u-70-rare,Aria,,Urchin Series 80's,,,,,,1839,,,,reverb,greg1213,288303791109963776,,,,,,,,,,,,,,
price_changed,2026-04-16T22:45:18.695+00:00,https://reverb.com/item/94581216-paul-reed-smith-prs-2006-standard-22-satin-vintage-orange-wide-thin-neck-6-108530-02-20,PRS,,Standard,,,,,,2856,,,,reverb,scottcorgan,103469574581669888,,,,,,,,,,,,,,
price_changed,2026-04-16T22:45:23.259+00:00,https://reverb.com/item/94532219-eastman-t486-goldburst,Eastman,Eastman,T486 Goldburst,,,,,,1708,,,,reverb,wontongg,214444614189449226,,,,,,,,,,,,,,
price_changed,2026-04-16T22:45:30.183+00:00,https://reverb.com/item/95312218-eastman-t59-v-sb-thinline-antique-sunburst-sn-p2400455-new,Eastman,Eastman,T59/v-SB Thinline Antique,,,,,,2213,,,,reverb,wontongg,214444614189449226,,,,,,,,,,,,,,
price_changed,2026-04-16T22:45:48.403+00:00,https://reverb.com/item/95928076-b-c-rich-eagle-1983,BC Rich,BC Rich USA Custom Shop,Eagle,,1983,,,,6831,,,,reverb,shteefe,415010947871277068,,,,,,,,,,,,,,
price_changed,2026-04-16T22:46:08.764+00:00,https://reverb.com/item/95868038-yamaha-japanese-sg-25s-anniversary-50-worldwide-royal-black-w-ohsc-1991,Yamaha,,SG,,1991,,,,9897,,,,reverb,wontongg,214444614189449226,,,,,,,,,,,,,,
price_changed,2026-04-16T22:47:05.81+00:00,https://reverb.com/item/94863912-1999-gibson-les-paul-custom-black-beauty-custom-shop-ebony-ohsc-coa-excellent-condition?bk=eyJhbGciOiJIUzI1NiJ9.eyJqdGkiOiI3OTEwOThhZS1hMzE4LTQxYzEtYjBhMS05ZjVhMDRkNzA0NjYiLCJpYXQiOjE3NzU4NTcwMjIsInVzZXJfaWQiOiIiLCJzZXNzaW9uX2lkIjoiZDNiMTk5YWYtMTYxMi00ODFkLWE5Y2ItNzA3NGQ0M2VhNjhjIiwiY29va2llX2lkIjoiZjJhZWZjYzAtMzdmMy00NWViLWIxNzMtNmVhZjk4Yjk5MTYzIiwicHJvZHVjdF9pZCI6Ijk0ODYzOTEyIiwic291cmNlIjoiTk9ORSJ9.dYDfkjvyoQItf5P4a3JPFsGg-823VFk-XQyWhl8o8wU,Gibson,Gibson Custom Shop,Les Paul Custom,,1999,,,,3415,,,,reverb,hanswolo,627563151151595605,,,,,,,,,,,,,,
listed,2026-04-16T23:18:02.586+00:00,https://www.daddario.com/collections/nyxl-strings-sale,Rickenbacker,,kenbacker NYXL Strings,,,,,,1299,,,,other,headphonestudent,761664444815376392,,,,,,,,,,,,,,
listed,2026-04-16T23:30:50.97+00:00,https://elixirstrings.com/nickel-plated-electric-guitar-strings-with-optiweb-coating,Rickenbacker,,PT,,,,,,17.99,,,,other,headphonestudent,761664444815376392,,,,,,,,,,,,,,
listed,2026-04-16T23:33:40.741+00:00,https://www.daddario.com/collections/electric-guitar-strings-xs-coated-nickel,Rickenbacker,,XS Nickel Elect,,,,,,1599,,,,other,theguitarpit,602222337923743754,,,,,,,,,,,,,,
listed,2026-04-17T00:19:04.136+00:00,https://reverb.com/uk/item/96098192-charvel-usa-custom-shop-music-zoo-exclusive-san-dimas-hs-fr-koa-natural-series-oiled-2025-w-ohsc,Charvel,Charvel USA Custom Shop,Music Zoo Exclusive,,2025,,,,3200,,,,reverb,ynid,83552549902225408,,,,,,,,,,,,,,2026-04-16T21:51:51+00:00
sold,2026-04-17T00:37:18.386+00:00,https://reverb.com/uk/item/96098192-charvel-usa-custom-shop-music-zoo-exclusive-san-dimas-hs-fr-koa-natural-series-oiled-2025-w-ohsc,Charvel,Charvel USA Custom Shop,Music Zoo Exclusive,,2025,,,,3200,3199.99,,,reverb,ynid,83552549902225408,0.1,,,,,,,,,,,,,2026-04-16T21:51:51+00:00
listed,2026-04-17T02:15:30.561+00:00,https://www.guitarcenter.com/Used/Gibson/Used-Gibson-N-225-FADED-CHERRY-Hollow-Body-Electric-Guitar.gc?customer_id=221-965-2806&source=4WWRWXGP&utm_id=22041530336&utm_creative=736454622928&utm_marketing_tactic=guitar&gad_source=1&gad_campaignid=22041530336&gbraid=0AAAAADtcCuyuhZdynQslNpskdT8Pz1sTj,Gibson,Gibson USA,Hollow,,,,,,1199.99,,,,other,greg1213,288303791109963776,,,,,,,,,,,,,,
listed,2026-04-17T02:25:50.591+00:00,https://reverb.com/item/94976200-gibson-l-00-studio-2019-walnut-burst,Gibson,Gibson USA,L-00,,2019,,,,900,,,,reverb,pabstbluewizard,233280995418308611,,,,,,,,,,,,,,
listed,2026-04-17T02:27:00.963+00:00,https://reverb.com/item/95336952-gibson-l-00-studio-walnut-2020-2024-walnut-burst,Gibson,Gibson USA,L-00,,,,,,1549,,,,reverb,pabstbluewizard,233280995418308611,,,,,,,,,,,,,,
listed,2026-04-17T02:28:24.668+00:00,https://reverb.com/item/95010180-eastman-e10ooss-v-antique-varnish-oo-model,Eastman,Eastman,E10OOSS/V Antique Varnish,,,,,,1919,,,,reverb,pabstbluewizard,233280995418308611,,,,,,,,,,,,,,
listed,2026-04-17T03:10:00.325+00:00,https://www.guitarcenter.com/Used/Guitars.gc?Ns=cD,,,,,,,,,139.99,,,,other,theguitarpit,602222337923743754,,,,,,,,,,,,,,
listed,2026-04-17T03:11:53.694+00:00,https://reverb.com/item/94973369-1987-kramer-stagemaster-standard-i-champagne-pearl-carved-top-neck-through-rare-gold-hardware,Kramer,Kramer USA Vintage,Standard,,1987,,,,3000,,,,reverb,theguitarpit,602222337923743754,,,,,,,,,,,,,,
listed,2026-04-17T03:17:51.576+00:00,https://reverb.com/item/96060825,Parker,Parker Fly,DF824,,,,,,2750,,,,reverb,erparadox,1079314830508445696,,,,,,,,,,,,,,2026-04-15T20:26:33+00:00
listed,2026-04-17T03:20:03.518+00:00,https://reverb.com/item/96107197-warmoth-hybrid-telecaster-body-unfinished,Warmoth,,Telecaster,,,,,,360,,,,reverb,greg1213,288303791109963776,,,,,,,,,,,,,,2026-04-17T03:02:02+00:00
listed,2026-04-17T03:25:10.145+00:00,https://reverb.com/item/96087292-stainless-frets-kramer-baretta-i-1986-white-with-hardshell-case,Kramer,Kramer USA Vintage,*STAINLESS FRETS* Baretta,,1986,,,,2500,,,,reverb,shteefe,415010947871277068,,,,,,,,,,,,,,
listed,2026-04-17T03:31:00.644+00:00,https://reverb.com/item/96105667-frank-brothers-arcade-2019-piano-black,Frank,,Brothers Arcade Piano,,2019,,,,3200,,,,reverb,madero,126233894897975296,,,,,,,,,,,,,,2026-04-17T02:22:55+00:00
listed,2026-04-17T04:26:06.195+00:00,https://reverb.com/item/95001623-b-c-rich-wave-namm-usa-chameleon-sparkle-with-case,BC Rich,,Wave NAMM Chameleon,,,,,,3999,,,,reverb,yellowjack6,908889503173857351,,,,,,,,,,,,,,
listed,2026-04-17T04:41:55.176+00:00,https://reverb.com/item/95629406,Jackson,Jackson USA,Flying V,,1997,,,,8499,,,,reverb,erparadox,1079314830508445696,,,,,,,,,,,,,,
listed,2026-04-17T04:52:59.515+00:00,https://reverb.com/item/93642692-castedosa-guitars-halcon-baritone-aged-brown-sparkle-451,Castedosa,Castedosa,Guitars Halcón Baritone,,,,,,12280,,,,reverb,theguitarpit,602222337923743754,,,,,,,,,,,,,,
listed,2026-04-17T05:04:25.988+00:00,https://reverb.com/item/94650763,Ibanez,Ibanez Prestige,EGEN18-TVF Herman Li,,2008,,,,2600,,,,reverb,erparadox,1079314830508445696,,,,,,,,,,,,,,
price_changed,2026-04-17T06:40:57.89+00:00,https://reverb.com/item/95932498-nik-huber-krautster-iii-k-iii-7-string-electric-guitar-flame-maple-grey-burst-1-prototype,Rickenbacker,,Nik Huber Krautster,,2026,,,,5295,,,,reverb,theguitarpit,602222337923743754,,,,,,,,,,,,,,
sold,2026-04-17T11:37:27.437+00:00,https://reverb.com/item/96105667-frank-brothers-arcade-2019-piano-black,Frank,,Brothers Arcade Piano,,2019,,,,3200,3200,,,reverb,madero,126233894897975296,0.4,,,,,,,,,,,,,2026-04-17T02:22:55+00:00
sold,2026-04-17T11:38:45.387+00:00,https://reverb.com/item/95979149-ibanez-uv777p-bk-steve-vai-signature-universe-2000,Ibanez,Ibanez J.Custom,UV777P-BK Steve Vai,,,,,,2000,2000,,,reverb,theguitarpit,602222337923743754,3.6,,,,,,,,,,,,,2026-04-13T20:56:55+00:00
listed,2026-04-17T13:35:25.342+00:00,https://reverb.com/item/94257655-yamaha-sa-2200-japan-sunburst-2012-etui,Yamaha,,SA ETUI,,,,,,2598,,,,reverb,wontongg,214444614189449226,,,,,,,,,,,,,,
sold,2026-04-17T13:37:31.914+00:00,https://reverb.com/item/96107197-warmoth-hybrid-telecaster-body-unfinished,Warmoth,,Telecaster,,,,,,360,359.99,,,reverb,greg1213,288303791109963776,0.4,,,,,,,,,,,,,2026-04-17T03:02:02+00:00
removed,2026-04-17T14:40:00.953+00:00,https://reverb.com/item/95990400-suhr-modern-2024-quilt-maple-trans-purple,Suhr,Suhr,Modern,,2024,,,,3175,,,,reverb,theguitarpit,602222337923743754,3.4,,,,,,,,,,,,,
price_changed,2026-04-17T14:41:13.6+00:00,https://reverb.com/item/95518564-epiphone-century-e422t-1961-1969-sunburst,Epiphone,Epiphone,Century E422T,,,,,,1975,,,,reverb,greg1213,288303791109963776,,,,,,,,,,,,,,
listed,2026-04-17T15:52:34.002+00:00,https://www.chicagomusicexchange.com/collections/all-sale-items/products/gibson-custom-shop-les-paul-axcess-custom-floyd-rose-2195779,Gibson,Gibson Custom Shop,Les Paul,,,,,,6679,,,,other,modean,663012207478571038,,,,,,,,,,,,,,
listed,2026-04-17T15:55:43.281+00:00,https://reverb.com/item/96121944-ibanez-jem20th-steve-vai-signature-20th-anniversary-2007-clear-splatter,Ibanez,Ibanez J.Custom,JEM,,2007,,,,14500,,,,reverb,theguitarpit,602222337923743754,,,,,,,,,,,,,,
listed,2026-04-17T15:59:15.21+00:00,https://reverb.com/item/96121172-padalka-space-shadow-burst-satin,Padalka,,Space Shadow,,,,,,5100,,,,reverb,theguitarpit,602222337923743754,,,,,,,,,,,,,,
listed,2026-04-17T16:00:21.406+00:00,https://reverb.com/item/96123251-oni-essi-multiscale,Oni,,Essi,,2020,,,,5000,,,,reverb,theguitarpit,602222337923743754,,,,,,,,,,,,,,
listed,2026-04-17T16:22:19.958+00:00,https://reverb.com/item/95576653-prs-s2-singlecut-standard-modified-lp-jr-vibe,PRS,PRS Core,S2 Singlecut,,,,,,675,,,,reverb,scottcorgan,103469574581669888,,,,,,,,,,,,,,
listed,2026-04-17T17:02:18.905+00:00,https://www.guitarcenter.com/Gibson/Used-2020-Gibson-Les-Paul-Traditional-Pro-V-Mahogany-satin-Solid-Body-Electric-Guitar-121250421.gc?algoliaQueryID=d0d78e9d6db6c9cb76bce9b92c74045c&algoliaIndexName=pLH-guitarcenter,Gibson,Gibson USA,Les Paul Traditional,,2020,,,,1399.99,,,,other,say.waaat,591343751201423439,,,,,,,,,,,,,,
listed,2026-04-17T17:08:50.314+00:00,https://reverb.com/item/95695693-gibson-les-paul-standard-50s-2019-present-tobacco-burst,Gibson,Gibson USA,Les Paul Standard,,,,,,1999,,,,reverb,madero,126233894897975296,,,,,,,,,,,,,,
price_changed,2026-04-17T18:37:59.598+00:00,https://reverb.com/item/96096103-marconilab-ego-art-hyper-lsd-headless-guitar-first-model,Marconilab,,headless,,,,,,1585,,,,reverb,theguitarpit,602222337923743754,,,,,,,,,,,,,,
sold,2026-04-17T18:40:12.216+00:00,https://reverb.com/item/95992885-abasi-guitars-emi-6-legion-2025-bell-garden-green,ABASI,,Guitars Emi //,,2025,,,,1689,1689,,,reverb,theguitarpit,602222337923743754,3.6,,,,,,,,,,,,,2026-04-14T04:21:10+00:00
listed,2026-04-17T20:19:59.741+00:00,https://reverb.com/item/94856461-gibson-custom-shop-murphy-lab-1959-es-335-reissue-heavy-aged-candy-apple-red-2023-a931153-03-06,Gibson,Gibson Custom Shop,ES-335,,,,,,6828,,,,reverb,wontongg,214444614189449226,,,,,,,,,,,,,,
listed,2026-04-17T21:00:29.641+00:00,https://reverb.com/item/96123304-charvel-pro-mod-so-cal-style-sc2-2h-24-2pt-body-hardware-gotoh-510-natural-ash,Charvel,Charvel Pro-Mod,PT,,,,,,420,,,,reverb,greg1213,288303791109963776,,,,,,,,,,,,,,
listed,2026-04-17T21:27:20.609+00:00,https://www.gibson.com/products/gibson-les-paul-standard-60s-plain-top-exclusive-dark-walnut?variant=44236822839475&gad_source=4&gad_campaignid=22233952483&gbraid=0AAAAABmT-XFJo1JZpTUgehQgUxzSfLjW_,Gibson,Gibson USA,Les Paul Standard,,,,,,2599,,,,other,say.waaat,591343751201423439,,,,,,,,,,,,,,
listed,2026-04-17T21:28:44.255+00:00,https://reverb.com/item/91719964-gibson-custom-shop-1957-les-paul-standard-mahogany-top-walnut-murphy-lab-heavy-aged-serial-75824,Gibson,Gibson Custom Shop,Les Paul Standard,,,,,,6065,,,,reverb,scottcorgan,103469574581669888,,,,,,,,,,,,,,
price_changed,2026-04-17T22:38:42.647+00:00,https://reverb.com/item/95619581-fodera-imperial-custom,Fodera,Fodera,Imperial,,,,,Excellent,8300,,,Salvador's Gear Outlet,reverb,hibby_,230107654758858753,,8,1136,41,"Bridgeview, IL, United States",IL,US,1,8,false,false,US,,2026-04-03T05:22:36+00:00
sold,2026-04-17T22:40:07.014+00:00,https://reverb.com/item/96012045-prs-nf53-2024-sunburst-with-prs-hardshell-case,PRS,PRS Core,NF53 With PRS,,2024,,,,1575,1575,,,reverb,theguitarpit,602222337923743754,3.4,,,,,,,,,,,,,2026-04-14T12:58:08+00:00
sold,2026-04-17T22:42:09.596+00:00,https://www.gibson.com/products/gibson-les-paul-standard-60s-plain-top-exclusive-dark-walnut?variant=44236822839475&gad_source=4&gad_campaignid=22233952483&gbraid=0AAAAABmT-XFJo1JZpTUgehQgUxzSfLjW_,Gibson,Gibson USA,Les Paul Standard,,,,,,2599,,,,other,say.waaat,591343751201423439,0.1,,,,,,,,,,,,,
listed,2026-04-17T23:18:45.497+00:00,https://reverb.com/item/96132304-tokai-love-rock-ebony,Tokai,,Love Rock,,2025,,,,1175,,,,reverb,theguitarpit,602222337923743754,,,,,,,,,,,,,,
listed,2026-04-17T23:19:24.45+00:00,https://reverb.com/item/96130106-gibson-les-paul-60s-tribute-gold-top,Gibson,Gibson USA,Les Paul,,,,,,1100,,,,reverb,theguitarpit,602222337923743754,,,,,,,,,,,,,,2026-04-17T21:11:22+00:00
listed,2026-04-18T00:22:14.178+00:00,https://reverb.com/item/94613656-novo-idris-2025-royal-olive,Novo,Novo,Idris Royal Olive,,2025,,,,2850,,,,reverb,scottcorgan,103469574581669888,,,,,,,,,,,,,,2026-02-21T23:18:39+00:00
listed,2026-04-18T00:36:14.573+00:00,https://reverb.com/item/96131483-2015-echopark-downtowner-johnny-2bags-signature-gold,Echopark,Echopark,Downtowner Johnny 2bags,,2015,,,,2799,,,,reverb,madero,126233894897975296,,,,,,,,,,,,,,
listed,2026-04-18T01:05:10.606+00:00,https://reverb.com/item/94949553-gibson-les-paul-classic-2021-ebony,Gibson,Gibson USA,Les Paul Classic,,2021,,,,1650,,,,reverb,say.waaat,591343751201423439,,,,,,,,,,,,,,
listed,2026-04-18T01:26:29.886+00:00,https://www.guitarcenter.com/Used/Yamaha/Used-Yamaha-SA2200-SUNBURST-Hollow-Body-Electric-Guitar-122191348.gc?algoliaQueryID=be24ead17b75aa825f61cc6e25fafcd4&algoliaIndexName=pHL-guitarcenter,Yamaha,Yamaha SG/SA Premium,Hollow,,,,,,1999.99,,,,other,shteefe,415010947871277068,,,,,,,,,,,,,,
listed,2026-04-18T02:19:50.55+00:00,https://www.guitarcenter.com/Used/Gibson/Used-Gibson-Les-Paul-Gothic-Morte-Black-Solid-Body-Electric-Guitar-122129283.gc?customer_id=221-965-2806&source=4WWRWXGP&utm_id=22041530336&utm_creative=736454622928&utm_marketing_tactic=guitar&gad_source=1&gad_campaignid=22041530336&gbraid=0AAAAADtcCuyYZyr1EFSgo50bC6sMqRDEu,Gibson,Gibson USA,Les Paul,,,,,,1349.99,,,,other,greg1213,288303791109963776,,,,,,,,,,,,,,
price_changed,2026-04-18T02:37:31.896+00:00,https://reverb.com/item/94856461-gibson-custom-shop-murphy-lab-1959-es-335-reissue-heavy-aged-candy-apple-red-2023-a931153-03-06,Gibson,Gibson Custom Shop,ES-335,,,,,,6828,,,,reverb,wontongg,214444614189449226,,,,,,,,,,,,,,
price_changed,2026-04-18T02:37:45.628+00:00,https://reverb.com/item/94257655-yamaha-sa-2200-japan-sunburst-2012-etui,Yamaha,,SA ETUI,,,,,,2598,,,,reverb,wontongg,214444614189449226,,,,,,,,,,,,,,
price_changed,2026-04-18T02:38:03.8+00:00,https://reverb.com/item/95010180-eastman-e10ooss-v-antique-varnish-oo-model,Eastman,Eastman,E10OOSS/V Antique Varnish,,,,,,1919,,,,reverb,pabstbluewizard,233280995418308611,,,,,,,,,,,,,,
price_changed,2026-04-18T02:38:17.524+00:00,https://reverb.com/item/95385457-prs-cu24-1988-tobacco-sunburst-pre-factory,PRS,PRS Core,Cu24 FACTORY,,1988,,,,9949,,,,reverb,wontongg,214444614189449226,,,,,,,,,,,,,,
price_changed,2026-04-18T02:38:26.766+00:00,https://reverb.com/item/92986126-contriver-signature-fs-baritone-foundation-series-edge-2025,Contriver Guitars,,Signature FS6,,2025,,,,2136,,,,reverb,greg1213,288303791109963776,,,,,,,,,,,,,,
price_changed,2026-04-18T02:38:29.104+00:00,https://reverb.com/item/94421081-fender-jaguar-baritone-custom-2004-2006-sunburst,Fender,Fender Custom Shop,Jaguar,,,,,,3313,,,,reverb,greg1213,288303791109963776,,,,,,,,,,,,,,
price_changed,2026-04-18T02:38:49.684+00:00,https://reverb.com/item/96044347-jackson-mike-shannon-soloist-master-built-signed-1-of-50-custom-shop-made-in-usa-masterbuilt-american-pre-fender-san-dimas-sl1-hss-super-stratocaster,Jackson,Jackson USA Custom Shop,Stratocaster,,,,,,11053,,,,reverb,hibby_,230107654758858753,,,,,,,,,,,,,,
price_changed,2026-04-18T02:39:21.706+00:00,https://reverb.com/item/96045658-fender-custom-shop-limited-edition-1-of-1-la-florita-stratocaster-electric-guitar-with-matching-amp,Fender,Fender Custom Shop,Stratocaster,,,,,,46851,,,,reverb,doesitslaptho,659997698300051472,,,,,,,,,,,,,,
price_changed,2026-04-18T02:39:31.551+00:00,https://reverb.com/item/94598911-eastman-t486-bk-16-thinline-seymour-duncan-pickups-in-black-with-case-p2302468,Eastman,Eastman,"T486-BK 16"" Thinline,",,,,,Brand New,1653,,,Wildwire Guitars,reverb,reverb,,,0,,,,,,,,,,,,2026-04-14T21:56:55+00:00
price_changed,2026-04-18T02:40:12.638+00:00,https://reverb.com/item/91628026-gibson-q200-alpine-white-1985-vintage-electric-guitar,Gibson,Gibson USA,Les Paul,,1985,,,,1905,,,,reverb,greg1213,288303791109963776,,,,,,,,,,,,,,
price_changed,2026-04-18T02:40:24.103+00:00,https://reverb.com/item/91979281-fgn-neo-classic-custom-shop-heavy-relic,FGN,,Classic,,,,,,2777,,,,reverb,greg1213,288303791109963776,,,,,,,,,,,,,,
price_changed,2026-04-18T02:40:30.883+00:00,https://reverb.com/item/94969194-greco-sa-550-1982-sumbarst,Greco,,SA Sumbarst,,1982,,,,1481,,,,reverb,wontongg,214444614189449226,,,,,,,,,,,,,,
price_changed,2026-04-18T02:40:33.17+00:00,https://reverb.com/item/95058456-gibson-63-es-335-block-figured-vos-2015,Gibson,Gibson Custom Shop,ES-335,,2015,,,,4576,,,,reverb,wontongg,214444614189449226,,,,,,,,,,,,,,
price_changed,2026-04-18T02:40:35.436+00:00,https://reverb.com/item/94884601-gibson-memphis-es-335-block-figured-faded-lightburst-2017-w-ohsc-docs,Gibson,Gibson USA,ES-335,,2017,,,,3677,,,,reverb,wontongg,214444614189449226,,,,,,,,,,,,,,
price_changed,2026-04-18T02:40:37.725+00:00,https://reverb.com/item/93962330-gibson-es-335-big-block-retro-ltd-wood-rose,Gibson,Gibson USA,ES-335,,2018,,,,4026,,,,reverb,wontongg,214444614189449226,,,,,,,,,,,,,,
price_changed,2026-04-18T02:40:44.652+00:00,https://reverb.com/item/92387125-aria-pro-ii-urchin-series-80-s-u-70-rare,Aria,,Urchin Series 80's,,,,,,1839,,,,reverb,greg1213,288303791109963776,,,,,,,,,,,,,,
price_changed,2026-04-18T02:41:00.671+00:00,https://reverb.com/item/94581216-paul-reed-smith-prs-2006-standard-22-satin-vintage-orange-wide-thin-neck-6-108530-02-20,PRS,,Standard,,,,,,2856,,,,reverb,scottcorgan,103469574581669888,,,,,,,,,,,,,,
price_changed,2026-04-18T02:41:05.273+00:00,https://reverb.com/item/94532219-eastman-t486-goldburst,Eastman,Eastman,T486 Goldburst,,,,,,1708,,,,reverb,wontongg,214444614189449226,,,,,,,,,,,,,,
price_changed,2026-04-18T02:41:12.331+00:00,https://reverb.com/item/95312218-eastman-t59-v-sb-thinline-antique-sunburst-sn-p2400455-new,Eastman,Eastman,T59/v-SB Thinline Antique,,,,,,2213,,,,reverb,wontongg,214444614189449226,,,,,,,,,,,,,,
price_changed,2026-04-18T02:41:30.625+00:00,https://reverb.com/item/95928076-b-c-rich-eagle-1983,BC Rich,BC Rich USA Custom Shop,Eagle,,1983,,,,6831,,,,reverb,shteefe,415010947871277068,,,,,,,,,,,,,,
price_changed,2026-04-18T02:41:51.457+00:00,https://reverb.com/item/95868038-yamaha-japanese-sg-25s-anniversary-50-worldwide-royal-black-w-ohsc-1991,Yamaha,,SG,,1991,,,,9897,,,,reverb,wontongg,214444614189449226,,,,,,,,,,,,,,
sold,2026-04-18T06:40:17.039+00:00,https://reverb.com/item/96002714-kiesel-kyber,Kiesel,Kiesel / Carvin,Kyber,,,,,,1600,1600,,,reverb,theguitarpit,602222337923743754,3.9,,,,,,,,,,,,,2026-04-14T08:12:06+00:00
listed,2026-04-18T13:39:21.504+00:00,https://reverb.com/item/95880778-hallmark-barris-krest-limited-edition-prototype-autographed-by-george-barris,Hallmark,,RG,,2008,,,,2495,,,,reverb,theguitarpit,602222337923743754,,,,,,,,,,,,,,2026-04-18T13:31:09+00:00
listed,2026-04-18T13:41:42.875+00:00,https://reverb.com/item/96140404-tom-anderson-guitarworks-top-t-2024-fire-wakesurf,Anderson,Tom Anderson,Guitarworks Top Fire,,2024,,,,5250,,,,reverb,theguitarpit,602222337923743754,,,,,,,,,,,,,,
listed,2026-04-18T13:48:24.781+00:00,https://reverb.com/item/96139158-echopark-clarence-custom-case-study-serial-x4-008,Echopark,Echopark,008,,2024,,,,6200,,,,reverb,madero,126233894897975296,,,,,,,,,,,,,,
listed,2026-04-18T14:06:01.978+00:00,https://www.chicagomusicexchange.com/collections/electric-guitars-used/products/gibson-les-paul-custom-2550-anniversary-natural-1979-2525739,Gibson,Gibson USA,Les Paul Custom,,,,,,5295,,,,other,shteefe,415010947871277068,,,,,,,,,,,,,,
listed,2026-04-18T14:21:40.869+00:00,https://www.chicagomusicexchange.com/en-ca/products/gibson-les-paul-custom-natural-1978-2532735,Gibson,Gibson USA,Les Paul Custom,,,,,,5995,,,,other,shoegazee_,1396700009130491906,,,,,,,,,,,,,,
listed,2026-04-18T15:02:17.156+00:00,https://www.chicagomusicexchange.com/collections/electric-guitars-used/products/fender-jazzmaster-lake-placid-blue-1967-2520237,Fender,Fender Custom Shop,Jazzmaster,,,,,,15995,,,,other,shteefe,415010947871277068,,,,,,,,,,,,,,
listed,2026-04-18T15:16:04.345+00:00,https://www.guitarcenter.com/Used/Taylor/Used-Taylor-GS-Custom-Sinker-Redwood-and-Cocobolo-Acoustic-Electric-Guitar.gc?algoliaQueryID=12b23ecb1ad45a507c6201b2e2650447&algoliaIndexName=pHL-guitarcenter,Taylor,,GS Sinker Redwood,,,,,,5499.99,,,,other,shteefe,415010947871277068,,,,,,,,,,,,,,
listed,2026-04-18T15:21:06.6+00:00,https://www.guitarcenter.com/Used/Tapia/Used-Tapia-Bajo-Quinto-Black-Acoustic-Electric-Guitar.gc?algoliaQueryID=deb05cb767442d43c365af1aa827f160&algoliaIndexName=pHL-guitarcenter,Rickenbacker,,Tapia Bajo Quinto,,,,,,1899.99,,,,other,shteefe,415010947871277068,,,,,,,,,,,,,,
listed,2026-04-18T15:23:06.871+00:00,https://www.guitarcenter.com/Used/Guild/Vintage-Vintage-1977-Guild-S300-D-Antique-Natural-Solid-Body-Electric-Guitar.gc?algoliaQueryID=9f36ff76061323c7bd43dc2447a5fc4c&algoliaIndexName=pHL-guitarcenter,Vintage,,S300,,1977,,,,1299.99,,,,other,shteefe,415010947871277068,,,,,,,,,,,,,,
listed,2026-04-18T16:36:47.696+00:00,https://www.guitarcenter.com/Used/Pelliccia/Used-Pelliccia-Tango-I-Mottled-Foil-Solid-Body-Electric-Guitar.gc?algoliaQueryID=9f36ff76061323c7bd43dc2447a5fc4c&algoliaIndexName=pHL-guitarcenter,Rickenbacker,,Pelliccia Tango Mottled,,,,,,1299.99,,,,other,shteefe,415010947871277068,,,,,,,,,,,,,,
listed,2026-04-18T16:39:55.485+00:00,https://www.guitarcenter.com/Used/Fender/Used-Fender-Tone-Master-100W-Tube-Guitar-Amp-Head-122182777.gc?algoliaQueryID=5c2afaa52b3b19f1f512704a587a93dc&algoliaIndexName=pHL-guitarcenter,Fender,,Tone Master 100W,,,,,,1699.99,,,,other,shteefe,415010947871277068,,,,,,,,,,,,,,
listed,2026-04-18T16:46:15.298+00:00,https://www.guitarcenter.com/Used/PRS/Used-PRS-mcarty-594-Black-Solid-Body-Electric-Guitar.gc?algoliaQueryID=12b23ecb1ad45a507c6201b2e2650447&algoliaIndexName=pHL-guitarcenter,PRS,,mcarty Solid Body,,,,,,2899.99,,,,other,shteefe,415010947871277068,,,,,,,,,,,,,,
listed,2026-04-18T16:49:39.014+00:00,https://www.tapestrymusic.com/p-25061-gibson-les-paul-lp-295-guitar-of-the-month-used.aspx,Gibson,Gibson USA,Les Paul,,,,,,4999.99,,,,other,shoegazee_,1396700009130491906,,,,,,,,,,,,,,
listed,2026-04-18T16:53:45.544+00:00,https://www.guitarcenter.com/Used/ESP/Used-ESP-M-II-with-Floyd-Rose-hellfire-Solid-Body-Electric-Guitar.gc?algoliaQueryID=12b23ecb1ad45a507c6201b2e2650447&algoliaIndexName=pHL-guitarcenter,ESP,ESP Custom Shop,M-II,,,,,,4999.99,,,,other,shteefe,415010947871277068,,,,,,,,,,,,,,
listed,2026-04-18T16:57:48.398+00:00,https://www.guitarcenter.com/Used/Fender/Used-Fender-A9-Artisan-Maple-Burl-Stratocaster-Aged-Natural-Solid-Body-Electric-Guitar.gc?algoliaQueryID=12b23ecb1ad45a507c6201b2e2650447&algoliaIndexName=pHL-guitarcenter,Fender,Fender Custom Shop,Stratocaster,,,,,,3899.99,,,,other,shteefe,415010947871277068,,,,,,,,,,,,,,
listed,2026-04-18T17:21:21.034+00:00,https://www.chicagomusicexchange.com/collections/electric-guitars-used/products/ruokangas-unicorn-classic-sunburst-2010-2468657,Ruokangas,Ruokangas,Classic,,,,,,5600,,,,other,shteefe,415010947871277068,,,,,,,,,,,,,,
listed,2026-04-18T17:22:27.734+00:00,https://www.guitarcenter.com/Used/Partscaster/Used-Partscaster-Telecaster-Green-Solid-Body-Electric-Guitar.gc?algoliaQueryID=0a3f52d14cb7a188536efecea09dbe12&algoliaIndexName=pHL-guitarcenter,Rickenbacker,,Telecaster,,,,,,999.99,,,,other,shteefe,415010947871277068,,,,,,,,,,,,,,
listed,2026-04-18T17:23:13.001+00:00,https://www.chicagomusicexchange.com/en-ca/products/squier-paranormal-toronado-lake-placid-blue-2020-2518631,Squier,Squier,Paranormal Toronado,,,,,,350,,,,other,shoegazee_,1396700009130491906,,,,,,,,,,,,,,
listed,2026-04-18T17:24:11.371+00:00,https://www.guitarcenter.com/Used/Fender/Used-1983-Fender-American-Elite-Stratocaster-2-Tone-Sunburst-Solid-Body-Electric-Guitar.gc,Fender,Fender USA,Stratocaster,,1983,,,,1699.99,,,,other,shteefe,415010947871277068,,,,,,,,,,,,,,
listed,2026-04-18T17:25:27.682+00:00,https://www.chicagomusicexchange.com/collections/new-arrivals/products/music-man-bfr-cutlass-hss-blue-magic-2019-2545148,Music Man,Music Man BFR,Cutlass,,,,,,1995,,,,other,modean,663012207478571038,,,,,,,,,,,,,,
listed,2026-04-18T17:27:29.672+00:00,https://www.chicagomusicexchange.com/collections/amps-used/products/fender-57-bandmaster-reissue-2-channel-26-watt-3x10-2473260,Fender,,'57 Bandmaster 2-Channel,,,,,,2595,,,,other,shteefe,415010947871277068,,,,,,,,,,,,,,
sold,2026-04-18T17:37:29.307+00:00,https://reverb.com/item/96130106-gibson-les-paul-60s-tribute-gold-top,Gibson,Gibson USA,Les Paul,,,,,,1100,1099.99,,,reverb,theguitarpit,602222337923743754,0.9,,,,,,,,,,,,,2026-04-17T21:11:22+00:00
listed,2026-04-18T17:52:06.646+00:00,https://reverb.com/item/96102167-fender-american-standard-stratocaster-with-rosewood-fretboard,Fender,Fender USA,Stratocaster,,,,,,875,,,,reverb,greg1213,288303791109963776,,,,,,,,,,,,,,2026-04-17T00:04:33+00:00
listed,2026-04-18T17:53:52.001+00:00,https://reverb.com/item/96144863-knaggs-kenai-tier-2-in-aged-scotch,Knaggs,Knaggs,Kenai,,,,,,2200,,,,reverb,greg1213,288303791109963776,,,,,,,,,,,,,,2026-04-18T17:43:47+00:00
listed,2026-04-18T18:20:15.782+00:00,https://reverb.com/item/96133820-oopegg-trailbreaker-mark-2-limited-edition-honey-burst-supreme-collection-made-in-japan,Oopegg,,Trailbreaker Mark-II Limited Edition Supreme Collection Honey Burst,,,,,,3299,,,,reverb,greg1213,288303791109963776,,,,,,,,,,,,,,
listed,2026-04-18T18:21:43.011+00:00,https://reverb.com/item/93383930-tophat-custom-master-built-telavarius-thinline-2024-light-swamp-ash-in-distress-g-g-hard-case-telecaster,TopHat,,Telecaster,,2024,,,,1591,,,,reverb,greg1213,288303791109963776,,,,,,,,,,,,,,
listed,2026-04-18T18:36:58.517+00:00,https://www.chicagomusicexchange.com/collections/cme-deals-steals-electric-guitars/products/jackson-custom-shop-dinky-hsh-fr-black-2488494,Jackson,Jackson USA Custom Shop,Dinky,,,,,,2516,,,,other,shteefe,415010947871277068,,,,,,,,,,,,,,
price_changed,2026-04-18T18:38:44.287+00:00,https://reverb.com/item/96079886-90s-charvel-by-jackson-sdk-super-dinky-body-hh-sunburst-made-in-japan-w-plate,Charvel,Charvel MJ,Dinky,,,,,,200,,,,reverb,greg1213,288303791109963776,,,,,,,,,,,,,,
sold,2026-04-18T18:39:11.649+00:00,https://reverb.com/item/95714867-rare-music-man-jp15-7-eclipse-sparkle-sweetwater-exclusive,Music Man,Music Man USA,JP15,,2022,,,,3199,3199,,,reverb,theguitarpit,602222337923743754,3,,,,,,,,,,,,,2026-04-15T19:11:36+00:00
sold,2026-04-18T18:42:01.091+00:00,https://www.tapestrymusic.com/p-25061-gibson-les-paul-lp-295-guitar-of-the-month-used.aspx,Gibson,Gibson USA,Les Paul,,,,,,4999.99,,,,other,shoegazee_,1396700009130491906,0.1,,,,,,,,,,,,,
sold,2026-04-18T18:42:11.257+00:00,https://www.chicagomusicexchange.com/collections/electric-guitars-used/products/gibson-les-paul-custom-2550-anniversary-natural-1979-2525739,Gibson,Gibson USA,Les Paul Custom,,,,,,5295,,,,other,shteefe,415010947871277068,0.2,,,,,,,,,,,,,
listed,2026-04-18T19:38:07.817+00:00,https://segerguitars.com,Seger,,Guitars,,,,,,,,,,other,greg1213,288303791109963776,,,,,,,,,,,,,,
listed,2026-04-18T20:06:47.761+00:00,https://reverb.com/item/83137108-seger-double-cut-8-string-2020-sunburst,Seger,,Double Cut,,2020,,,,4999,,,,reverb,yellowjack6,908889503173857351,,,,,,,,,,,,,,
listed,2026-04-18T20:23:21.231+00:00,https://www.chicagomusicexchange.com/collections/new-arrivals/products/martin-standard-series-d-42-natural-2021-2540947,Martin,,Standard,,,,,,3995,,,,other,shteefe,415010947871277068,,,,,,,,,,,,,,
listed,2026-04-18T20:30:13.25+00:00,https://www.chicagomusicexchange.com/collections/new-arrivals/products/yamaha-fs9-r-natural-2539645,Yamaha,,FS9,,,,,,2995,,,,other,shteefe,415010947871277068,,,,,,,,,,,,,,
listed,2026-04-18T22:16:21.29+00:00,https://reverb.com/item/96150345-nash-wayfarer-w-3-semi-hollow-body-electric-guitar-2017-ser-ng-3573-original-brown-hard-shell-case,Nash,Nash,original,,2017,,,,2250,,,,reverb,theguitarpit,602222337923743754,,,,,,,,,,,,,,
price_changed,2026-04-18T22:39:30.955+00:00,https://reverb.com/item/96032800-kiesel-osiris-6-string-with-tremolo,Kiesel,Kiesel / Carvin,Osiris String with,,,,,,1225,,,,reverb,theguitarpit,602222337923743754,,,,,,,,,,,,,,2026-04-15T12:08:09+00:00
price_changed,2026-04-18T22:39:48.997+00:00,https://reverb.com/item/92538934-gibson-les-paul-custom-2021-black,Gibson,Gibson USA,Les Paul Custom,,2021,,,,3588,,,,reverb,say.waaat,591343751201423439,,,,,,,,,,,,,,
price_changed,2026-04-18T22:40:30.305+00:00,https://reverb.com/item/95701298-dean-z-x-floyd-rose-excellent-cond-like-new-black,Dean,,"Floyd Rose Cond,",Floyd Rose,,,,Excellent,595,,,Adam's Guitar Addict,reverb,reverb,,,0,,,,,,,,,,,,2026-04-05T12:48:01+00:00
sold,2026-04-18T22:40:53.104+00:00,https://reverb.com/item/95171729-collings-290,Collings,Collings,290,,,,,,2884,2884,,,reverb,greg1213,288303791109963776,31,,,,,,,,,,,,,2026-03-18T22:36:06+00:00
sold,2026-04-18T22:41:53.355+00:00,https://www.chicagomusicexchange.com/collections/cme-deals-steals-electric-guitars/products/jackson-custom-shop-dinky-hsh-fr-black-2488494,Jackson,Jackson USA Custom Shop,Dinky,,,,,,2516,,,,other,shteefe,415010947871277068,0.2,,,,,,,,,,,,,
sold,2026-04-18T22:41:56.861+00:00,https://www.chicagomusicexchange.com/collections/amps-used/products/fender-57-bandmaster-reissue-2-channel-26-watt-3x10-2473260,Fender,,'57 Bandmaster 2-Channel,,,,,,2595,,,,other,shteefe,415010947871277068,0.2,,,,,,,,,,,,,
listed,2026-04-18T22:56:34.828+00:00,https://reverb.com/item/96152100-schecter-sunset-24-6-fr-custom-shop,Schecter,Schecter USA Custom Shop,Sunset,,,,,,2500,,,,reverb,theguitarpit,602222337923743754,,,,,,,,,,,,,,
listed,2026-04-18T23:10:30.649+00:00,https://reverb.com/item/90508137-custom-dean-z-robb-flynn-baritone-26-5-scale-explorer-rare-burn-my-eyes-limited-machine-head-guitar,Dean,,Explorer,,,,,,685,,,,reverb,greg1213,288303791109963776,,,,,,,,,,,,,,
listed,2026-04-19T01:32:46.446+00:00,https://reverb.com/item/92694514-ibanez-ar300-bk-artist-1984-black-limited-color,Ibanez,Ibanez Prestige,AR300,,,,,,1175,,,,reverb,madero,126233894897975296,,,,,,,,,,,,,,
listed,2026-04-19T02:25:15.717+00:00,https://reverb.com/item/95315598-1986-ibanez-ar-300-super-edition-antique-violin,Ibanez,Ibanez J.Custom,AR Super Antique,,1986,,,,1999,,,,reverb,madero,126233894897975296,,,,,,,,,,,,,,
listed,2026-04-19T02:26:04.31+00:00,https://reverb.com/item/96131370-1967-fender-coronado-ii-antigua,Fender,Fender Custom Shop,Coronado,,1967,,,,3599,,,,reverb,madero,126233894897975296,,,,,,,,,,,,,,
listed,2026-04-19T02:30:30.382+00:00,https://reverb.com/item/96155449-prs-singlecut-2003-platinum-metallic,PRS,PRS Core,Single Cut,,,,,,1500,,,,reverb,theguitarpit,602222337923743754,,,,,,,,,,,,,,2026-04-19T00:56:22+00:00
listed,2026-04-19T02:32:01.058+00:00,https://reverb.com/item/96153184-james-tyler-ultimate-weapon-black-turquoise,James Tyler,James Tyler Custom / Special Edition,Ultimate Weapon Black/Turquoise,,2025,,,,6900,,,,reverb,theguitarpit,602222337923743754,,,,,,,,,,,,,,
listed,2026-04-19T02:34:25.371+00:00,https://reverb.com/item/93846004-1982-kawai-moonsault-ms-1000-cosmo-blueburst,Kawai,,Moonsault MS-1000,,1982,,,,3999,,,,reverb,madero,126233894897975296,,,,,,,,,,,,,,
price_changed,2026-04-19T02:38:51.216+00:00,https://reverb.com/item/96096103-marconilab-ego-art-hyper-lsd-headless-guitar-first-model,Marconilab,,headless,,,,,,1585,,,,reverb,theguitarpit,602222337923743754,,,,,,,,,,,,,,
sold,2026-04-19T02:39:45.783+00:00,https://reverb.com/item/95725363-gibson-sg-standard-2023-present-translucent-teal,Gibson,Gibson USA,SG Standard,,,,,,1300,1300,,,reverb,yellowjack6,908889503173857351,12,,,,,,,,,,,,,2026-04-07T01:49:58+00:00
removed,2026-04-19T02:40:36.19+00:00,https://reverb.com/item/96029146-john-page-classic-ashburn-daphne-blue-w-ogb,John Page,,Classic,,,,,,700,,,,reverb,modean,663012207478571038,4.2,,,,,,,,,,,,,
price_changed,2026-04-19T02:41:38.114+00:00,https://reverb.com/item/95707622-1999-usa-reverend-commando,Reverend,Reverend,Commando,,1999,,,,1550,,,,reverb,greg1213,288303791109963776,,,,,,,,,,,,,,
listed,2026-04-19T05:16:23.684+00:00,https://bizarreguitar.com/collections/custom-shop/products/new-jackson-custom-shop-dinky-hsh-roasted-maple-neck-ebony-fretboard-dk-olympic-white-authorized-dealer-7-9-lbs-g06655-copy,Jackson,Jackson USA Custom Shop,Dinky,,,,,,4399,,,,other,shteefe,415010947871277068,,,,,,,,,,,,,,
price_changed,2026-04-19T06:40:46.033+00:00,https://reverb.com/item/95701298-dean-z-x-floyd-rose-excellent-cond-like-new-black,Dean,,"Floyd Rose Cond,",Floyd Rose,,,,Excellent,595,,,Adam's Guitar Addict,reverb,reverb,,,0,,,,,,,,,,,,2026-04-05T12:48:01+00:00
listed,2026-04-19T07:41:54.536+00:00,https://reverb.com/item/95711461-ibanez-rg2550z-prestige-mij-white,Ibanez,Ibanez Prestige,Prestige,,2008,,,,1703,,,,reverb,wontongg,214444614189449226,,,,,,,,,,,,,,2026-04-06T07:49:42+00:00
sold,2026-04-19T10:39:48.999+00:00,https://reverb.com/item/96032800-kiesel-osiris-6-string-with-tremolo,Kiesel,Kiesel / Carvin,Osiris String with,,,,,,1225,1225,,,reverb,theguitarpit,602222337923743754,3.9,,,,,,,,,,,,,2026-04-15T12:08:09+00:00
sold,2026-04-19T13:38:01.803+00:00,https://reverb.com/item/94613656-novo-idris-2025-royal-olive,Novo,Novo,Idris Royal Olive,,2025,,,,2850,2850,,,reverb,scottcorgan,103469574581669888,56.6,,,,,,,,,,,,,2026-02-21T23:18:39+00:00
sold,2026-04-19T14:39:56.828+00:00,https://reverb.com/item/96038730-microtonal-partscaster-fender-stratocaster-gold,Fender,Fender Custom Shop,Stratocaster,,,,,,1400,1400,,,reverb,theguitarpit,602222337923743754,4.5,,,,,,,,,,,,,2026-04-15T03:49:40+00:00
price_changed,2026-04-19T14:41:03.784+00:00,https://reverb.com/item/93962330-gibson-es-335-big-block-retro-ltd-wood-rose,Gibson,Gibson USA,ES-335,,2018,,,,4026,,,,reverb,wontongg,214444614189449226,,,,,,,,,,,,,,
listed,2026-04-19T15:37:22.068+00:00,https://reverb.com/item/96168794-eastman-sb56-n-gd-2021-goldtop,Eastman,Eastman,SB56/N-GD Goldtop,,2021,,,,1250,,,,reverb,theguitarpit,602222337923743754,,,,,,,,,,,,,,2026-04-19T15:22:57+00:00
sold,2026-04-19T15:37:57.038+00:00,https://reverb.com/item/95880778-hallmark-barris-krest-limited-edition-prototype-autographed-by-george-barris,Hallmark,,RG,,2008,,,,2495,2495,,,reverb,theguitarpit,602222337923743754,1.1,,,,,,,,,,,,,2026-04-18T13:31:09+00:00
listed,2026-04-19T15:43:09.087+00:00,https://reverb.com/item/96167476-fender-str-rk-richie-kotzen-signature-stratocaster-mij-2024-present-see-thru-white,Fender,Fender Japan,Stratocaster,,2024,,,,1259,,,,reverb,theguitarpit,602222337923743754,,,,,,,,,,,,,,
listed,2026-04-19T15:46:50.886+00:00,https://reverb.com/item/96166690-super-rare-hondo-h1-death-dagger-1980-black-mij,Hondo,,H1 Death Dagger,,1980,,,,1098,,,,reverb,greg1213,288303791109963776,,,,,,,,,,,,,,2026-04-19T12:28:46+00:00
sold,2026-04-19T17:07:18.172+00:00,https://reverb.com/item/96166690-super-rare-hondo-h1-death-dagger-1980-black-mij,Hondo,,H1 Death Dagger,,1980,,,,1098,1098.14,,,reverb,greg1213,288303791109963776,0.2,,,,,,,,,,,,,2026-04-19T12:28:46+00:00
listed,2026-04-19T17:49:41.779+00:00,https://reverb.com/item/96169497-music-man-jp6-ball-family-reserve-2013-bahama-blue-burst,Music Man,Music Man BFR,JP6,,,,,,2100,,,,reverb,theguitarpit,602222337923743754,,,,,,,,,,,,,,
listed,2026-04-19T17:55:04.223+00:00,https://www.chicagomusicexchange.com/products/ibanez-ar100-artist-cherry-sunburst-1980-2525834,Ibanez,,AR100,,,,,,995,,,,other,modean,663012207478571038,,,,,,,,,,,,,,
listed,2026-04-19T18:02:34.792+00:00,https://reverb.com/item/96170715-gibson-les-paul-custom-2019-present-ebony,Gibson,Gibson USA,Les Paul Custom,,,,,,3500,,,,reverb,theguitarpit,602222337923743754,,,,,,,,,,,,,,2026-04-19T17:50:13+00:00
price_changed,2026-04-19T18:38:58.572+00:00,https://reverb.com/item/96096103-marconilab-ego-art-hyper-lsd-headless-guitar-first-model,Marconilab,,headless,,,,,,1585,,,,reverb,theguitarpit,602222337923743754,,,,,,,,,,,,,,
price_changed,2026-04-19T18:39:14.946+00:00,https://reverb.com/item/96079886-90s-charvel-by-jackson-sdk-super-dinky-body-hh-sunburst-made-in-japan-w-plate,Charvel,Charvel MJ,Dinky,,,,,,200,,,,reverb,greg1213,288303791109963776,,,,,,,,,,,,,,
sold,2026-04-19T18:41:45.159+00:00,https://www.chicagomusicexchange.com/en-ca/products/squier-paranormal-toronado-lake-placid-blue-2020-2518631,Squier,Squier,Paranormal Toronado,,,,,,350,,,,other,shoegazee_,1396700009130491906,1.1,,,,,,,,,,,,,
listed,2026-04-19T20:01:16.808+00:00,https://reverb.com/item/96172001-ormsby-headless-goliath-6-gtr-elite-copper-print,Ormsby,Ormsby Indonesia,Headless,,2025,,,,1600,,,,reverb,madero,126233894897975296,,,,,,,,,,,,,,
listed,2026-04-19T20:16:31.896+00:00,https://reverb.com/item/96172638-gibson-les-paul-pre-historic-reissue-flowers-crazy-rare-1-of-10-1983-sunburst,Gibson,Gibson Custom Shop,Les Paul,,1983,,,,7625,,,,reverb,theguitarpit,602222337923743754,,,,,,,,,,,,,,
listed,2026-04-19T21:16:10.78+00:00,https://reverb.com/item/96135403-valiant-titan-almond-burst-satin-2025-near-mint-7-lbs-3oz,Valiant,,Titan,,2025,,,,2865,,,,reverb,modean,663012207478571038,,,,,,,,,,,,,,2026-04-18T04:35:13+00:00
price_changed,2026-04-19T21:22:36.085+00:00,https://reverb.com/item/96172001-ormsby-headless-goliath-6-gtr-elite-copper-print,Ormsby,Ormsby Indonesia,Headless,,2025,,,,1600,,,,reverb,madero,126233894897975296,,,,,,,,,,,,,,
price_changed,2026-04-19T21:28:54.811+00:00,https://reverb.com/item/96172001-ormsby-headless-goliath-6-gtr-elite-copper-print,Ormsby,Ormsby Indonesia,Headless,,2025,,,,1600,,,,reverb,madero,126233894897975296,,,,,,,,,,,,,,
listed,2026-04-19T21:30:01.023+00:00,https://reverb.com/item/96173587-prs-fiore-2022-black-iris,PRS,PRS Core,Fiore Iris,,,,,,1500,,,,reverb,theguitarpit,602222337923743754,,,,,,,,,,,,,,
listed,2026-04-19T21:33:25.717+00:00,https://reverb.com/uk/item/95508174-new-jackson-custom-shop-dinky-hsh-roasted-maple-neck-fretboard-dk-shell-pink-authorized-dealer-8-1-lbs-g06854,Jackson,Jackson USA Custom Shop,Dinky,,2026,,,,3439,,,,reverb,ynid,83552549902225408,,,,,,,,,,,,,,
listed,2026-04-19T21:45:48.55+00:00,https://reverb.com/uk/item/95771790-new-fender-custom-shop-flamethrower-telecaster-custom-journeyman-relic-modern-specs-texas-special-pick-ups-aaaa-flamed-neck-purple-sparkle-authorized-dealer-7-6lbs-g06941,Fender,Fender Custom Shop,Telecaster,,2026,,,,4294,,,,reverb,ynid,83552549902225408,,,,,,,,,,,,,,
listed,2026-04-19T21:47:35.229+00:00,https://reverb.com/item/96172886-friedman-cali-2017-arvhh-olympic-white-original-floyd-rose,Friedman,Friedman,Original,,2017,,,,1979,,,,reverb,theguitarpit,602222337923743754,,,,,,,,,,,,,,2026-04-19T20:36:04+00:00
listed,2026-04-19T23:39:56.608+00:00,https://reverb.com/ca/item/92734591-1-of-1-ibanez-rg1570-prestige-custom-steve-vai-jem,Ibanez,Ibanez Prestige,RG1570,,2009,,,,5839,,,,reverb,jevice.,890954150051987536,,,,,,,,,,,,,,
sold,2026-04-19T23:55:49.994+00:00,https://reverb.com/item/96172886-friedman-cali-2017-arvhh-olympic-white-original-floyd-rose,Friedman,Friedman,Original,,2017,,,,1979,1979,,,reverb,theguitarpit,602222337923743754,0.1,,,,,,,,,,,,,2026-04-19T20:36:04+00:00
price_changed,2026-04-20T00:10:45.593+00:00,https://reverb.com/item/96096103-marconilab-ego-art-hyper-lsd-headless-guitar-first-model,Marconilab,,headless,,,,,,1585,,,,reverb,theguitarpit,602222337923743754,,,,,,,,,,,,,,
listed,2026-04-20T02:12:18.456+00:00,https://reverb.com/item/96139391-2025-james-tyler-m1-white-pearl-metallic,James Tyler,James Tyler,M1 Pearl Metallic,,2025,,,,1599,,,,reverb,modean,663012207478571038,,,,,,,,,,,,,,
sold,2026-04-20T02:51:51.146+00:00,https://reverb.com/item/96170715-gibson-les-paul-custom-2019-present-ebony,Gibson,Gibson USA,Les Paul Custom,,,,,,3500,3500,,,reverb,theguitarpit,602222337923743754,0.4,,,,,,,,,,,,,2026-04-19T17:50:13+00:00
brand_categorized,2026-04-20T04:11:35.508+00:00,https://reverb.com/item/95552711-never-installed-arcane-triple-clone-humbucker-set,Arcane,,NEVER INSTALLED! Triple,Humbucker,,,,Excellent,275,,,,reverb,madero,126233894897975296,,0,31,4,"San Diego, CA, United States",CA,US,1,368,false,false,,Nickel,2026-03-30T20:56:57+00:00
brand_categorized,2026-04-20T04:11:39.884+00:00,https://reverb.com/item/96029146-john-page-classic-ashburn-daphne-blue-w-ogb,John Page,,Classic,,,,,,700,,,,reverb,modean,663012207478571038,,,,,,,,,,,,,,
brand_categorized,2026-04-20T04:11:44.639+00:00,https://reverb.com/item/96096103-marconilab-ego-art-hyper-lsd-headless-guitar-first-model,Marconilab,,headless,,,,,,1585,,,,reverb,theguitarpit,602222337923743754,,,,,,,,,,,,,,
brand_categorized,2026-04-20T04:11:50.125+00:00,https://reverb.com/item/96097046-bradford-guitars-apocalypse-machine-2024-tv-yellow,Bradford,,Apocalypse,,2024,,,,1500,,,,reverb,theguitarpit,602222337923743754,,,,,,,,,,,,,,
brand_categorized,2026-04-20T04:11:55.932+00:00,https://reverb.com/item/95880778-hallmark-barris-krest-limited-edition-prototype-autographed-by-george-barris,Hallmark,,RG,,2008,,,,2495,,,,reverb,theguitarpit,602222337923743754,,,,,,,,,,,,,,2026-04-18T13:31:09+00:00
brand_categorized,2026-04-20T04:12:01.404+00:00,https://reverb.com/item/83137108-seger-double-cut-8-string-2020-sunburst,Seger,,Double Cut,,2020,,,,4999,,,,reverb,yellowjack6,908889503173857351,,,,,,,,,,,,,,
price_changed,2026-04-20T04:23:35.305+00:00,https://reverb.com/item/96096103-marconilab-ego-art-hyper-lsd-headless-guitar-first-model,Marconilab,,headless,,,,,,1585,,,,reverb,theguitarpit,602222337923743754,,,,,,,,,,,,,,
price_changed,2026-04-20T04:25:04.253+00:00,https://reverb.com/item/95082410-knaggs-kenai-t2-top-w-p-90s-dirty-lemon-burst,Knaggs,Knaggs,Kenai,,,,,,2250,,,,reverb,greg1213,288303791109963776,,,,,,,,,,,,,,
listed,2026-04-20T04:47:00.393+00:00,https://reverb.com/item/96187543-custom-aluminati-neck-stratocaster-2024-lake-placid-blue,Fender,,Stratocaster,,2024,,,,1600,,,,reverb,theguitarpit,602222337923743754,,,,,,,,,,,,,,
price_changed,2026-04-20T08:50:26.465+00:00,https://reverb.com/item/96102167-fender-american-standard-stratocaster-with-rosewood-fretboard,Fender,Fender USA,Stratocaster,,,,,,875,,,,reverb,greg1213,288303791109963776,,,,,,,,,,,,,,2026-04-17T00:04:33+00:00
removed,2026-04-20T08:51:11.596+00:00,https://reverb.com/item/94973369-1987-kramer-stagemaster-standard-i-champagne-pearl-carved-top-neck-through-rare-gold-hardware,Kramer,Kramer USA Vintage,Standard,,1987,,,,3000,,,,reverb,theguitarpit,602222337923743754,3.2,,,,,,,,,,,,,
sold,2026-04-20T11:20:27.793+00:00,https://reverb.com/item/96102167-fender-american-standard-stratocaster-with-rosewood-fretboard,Fender,Fender USA,Stratocaster,,,,,,875,875,,,reverb,greg1213,288303791109963776,3.5,,,,,,,,,,,,,2026-04-17T00:04:33+00:00
price_changed,2026-04-20T12:49:34.855+00:00,https://reverb.com/uk/item/95771790-new-fender-custom-shop-flamethrower-telecaster-custom-journeyman-relic-modern-specs-texas-special-pick-ups-aaaa-flamed-neck-purple-sparkle-authorized-dealer-7-6lbs-g06941,Fender,Fender Custom Shop,Telecaster,,2026,,,,4294,,,,reverb,ynid,83552549902225408,,,,,,,,,,,,,,
price_changed,2026-04-20T12:49:37.129+00:00,https://reverb.com/uk/item/95508174-new-jackson-custom-shop-dinky-hsh-roasted-maple-neck-fretboard-dk-shell-pink-authorized-dealer-8-1-lbs-g06854,Jackson,Jackson USA Custom Shop,Dinky,,2026,,,,3439,,,,reverb,ynid,83552549902225408,,,,,,,,,,,,,,
price_changed,2026-04-20T12:52:07.533+00:00,https://reverb.com/item/96059156-2025-gibson-les-paul-custom-axcess-floyd-rose-black-beauty,Gibson,Gibson USA,Les Paul Custom,,2025,,,,4100,,,,reverb,theguitarpit,602222337923743754,,,,,,,,,,,,,,
listed,2026-04-20T13:40:23.634+00:00,https://reverb.com/item/93847161-esp-e-ii-viper-2019-present-black,ESP,ESP E-II,Viper,,,,,,1700,,,,reverb,yellowjack6,908889503173857351,,,,,,,,,,,,,,
listed,2026-04-20T13:41:13.254+00:00,https://reverb.com/item/93998802-esp-standard-series-viper-baritone-gloss-black-2005-2015-w-ohsc,ESP,LTD,Standard,,2015,,,,1900,,,,reverb,yellowjack6,908889503173857351,,,,,,,,,,,,,,
listed,2026-04-20T15:33:39.052+00:00,https://reverb.com/item/96195518-vintage-1966-fender-electric-xii-abomination-w-ohsc,Vintage,Fender Custom Shop,Fender Electric XII,,1966,,,,1800,,,,reverb,theguitarpit,602222337923743754,,,,,,,,,,,,,,
listed,2026-04-20T15:35:25.243+00:00,https://reverb.com/item/96195907-warmoth-tele-style-body-2-piece-swamp-ash-unfinished,Warmoth,,Telecaster,,,,,,190,,,,reverb,greg1213,288303791109963776,,,,,,,,,,,,,,2026-04-20T15:09:36+00:00
listed,2026-04-20T15:39:28.61+00:00,https://reverb.com/item/81824915-charvel-pro-mod-so-cal-style-2-hh-2pt-cm-ash-in-black-ash-w-free-pro-setup,Charvel,Charvel Pro-Mod,PT,,2024,,,,830,,,,reverb,greg1213,288303791109963776,,,,,,,,,,,,,,
sold,2026-04-20T15:52:59.102+00:00,https://reverb.com/item/96155449-prs-singlecut-2003-platinum-metallic,PRS,PRS Core,Single Cut,,,,,,1500,1500,,,reverb,theguitarpit,602222337923743754,1.6,,,,,,,,,,,,,2026-04-19T00:56:22+00:00
brand_categorized,2026-04-20T15:57:12.556+00:00,https://reverb.com/item/95489696-patrick-james-eggle-macon-single-cut-carved-top-2021,Patrick James Eggle,,Single Cut,,,,,Very Good,5521.8,,,,reverb,WontonGG,,,0,,,,,,,,,,,,
brand_categorized,2026-04-20T15:57:12.561+00:00,https://reverb.com/item/95518332-patrick-james-eggle-macon-special-2025-flame-top-mojo-tone,Patrick James Eggle,,Macon Special Flame,,,,,Excellent,2659,,,,reverb,greg1213,288303791109963776,,1,240,18,"calabasas, CA, United States",CA,US,1,604,true,false,GB,,2026-03-28T23:01:04+00:00
sold,2026-04-20T16:06:23.036+00:00,https://reverb.com/item/96076989-schecter-hellcat-bass-vi-with-evertune-bridge-black-finish-and-inlays,Schecter,,Hellcat Bass VI,,,,,,1200,1200,,,reverb,scottcorgan,103469574581669888,4.3,,,,,,,,,,,,,2026-04-16T08:24:18+00:00
price_changed,2026-04-20T16:08:03.805+00:00,https://reverb.com/item/95990997-ibanez-rga622xh-bk-prestige-axe-design-lab-2023-present-black,Ibanez,Ibanez Prestige,Prestige,,,,,,1799,,,,reverb,theguitarpit,602222337923743754,,,,,,,,,,,,,,
sold,2026-04-20T16:29:38.983+00:00,https://reverb.com/item/95711461-ibanez-rg2550z-prestige-mij-white,Ibanez,Ibanez Prestige,Prestige,,2008,,,,1703,1703.42,,,reverb,wontongg,214444614189449226,14.4,,,,,,,,,,,,,2026-04-06T07:49:42+00:00
listed,2026-04-20T18:36:06.47+00:00,https://www.stringtree.co/collection/item/1934-gibson-l-00,Gibson,Gibson USA,L-00,,,,,,4200,,,,other,greg1213,288303791109963776,,,,,,,,,,,,,,
listed,2026-04-20T19:24:05.762+00:00,https://reverb.com/item/96203622-kiesel-carvin-dc127-cherryburst-flame,Kiesel,Kiesel / Carvin,DC127,,2018,,,,1200,,,,reverb,theguitarpit,602222337923743754,,,,,,,,,,,,,,2026-04-20T19:21:28+00:00
listed,2026-04-20T19:32:56.779+00:00,https://reverb.com/item/95778586-carvin-ae185-mid-90-s-natural-gloss,Kiesel,Kiesel / Carvin,AE185,,,,,,650,,,,reverb,greg1213,288303791109963776,,,,,,,,,,,,,,2026-04-09T20:53:59+00:00
listed,2026-04-20T19:34:16.869+00:00,https://reverb.com/item/91166747-carvin-ae185-spruce-mahogany-piezo-and-electric,Kiesel,Kiesel / Carvin,AE185,,2000,,,,799,,,,reverb,greg1213,288303791109963776,,,,,,,,,,,,,,
listed,2026-04-20T19:45:38.281+00:00,https://reverb.com/item/96204182-schecter-schecter-usa-custom-shop-sunset-swirl-24-6-thorn-2017-ibanez-25th-silver-swirl,Schecter,Schecter USA Custom Shop,Sunset,,2017,,,,4100,,,,reverb,theguitarpit,602222337923743754,,,,,,,,,,,,,,
sold,2026-04-20T19:59:06.766+00:00,https://reverb.com/item/96203622-kiesel-carvin-dc127-cherryburst-flame,Kiesel,Kiesel / Carvin,DC127,,2018,,,,1200,1200,,,reverb,theguitarpit,602222337923743754,0,,,,,,,,,,,,,2026-04-20T19:21:28+00:00
sold,2026-04-20T19:59:07.048+00:00,https://reverb.com/item/96203622-kiesel-carvin-dc127-cherryburst-flame,Kiesel,Kiesel / Carvin,DC127,,2018,,,,1200,1200,,,reverb,theguitarpit,602222337923743754,0,,,,,,,,,,,,,2026-04-20T19:21:28+00:00
price_changed,2026-04-20T20:01:09.845+00:00,https://reverb.com/item/96096103-marconilab-ego-art-hyper-lsd-headless-guitar-first-model,Marconilab,,headless,,,,,,1585,,,,reverb,theguitarpit,602222337923743754,,,,,,,,,,,,,,
price_changed,2026-04-20T20:01:12.111+00:00,https://reverb.com/item/95385457-prs-cu24-1988-tobacco-sunburst-pre-factory,PRS,PRS Core,Cu24 FACTORY,,1988,,,,9949,,,,reverb,wontongg,214444614189449226,,,,,,,,,,,,,,
listed,2026-04-20T21:43:40.1+00:00,https://reverb.com/item/95371311-eastman-sb56-n-gold-top-used,Eastman,Eastman,SB56/n Top,,,,,,1663,,,,reverb,theguitarpit,602222337923743754,,,,,,,,,,,,,,
listed,2026-04-20T21:46:20.775+00:00,https://reverb.com/item/93264188-lewis-guitars-minnow-7-2024-gold,Fender,,Lewis Guitars Minnow,,2024,,,,1000,,,,reverb,scottcorgan,103469574581669888,,,,,,,,,,,,,,
listed,2026-04-20T22:35:00.049+00:00,https://reverb.com/item/96194505-prs-mira-x-cherry-2010,PRS,,Mira,,2010,,,,1050,,,,reverb,theguitarpit,602222337923743754,,,,,,,,,,,,,,
listed,2026-04-20T23:38:02.964+00:00,https://reverb.com/item/96210217-evertune-baritone,Seymour Duncan,,Evertune Baritone,,2023,,,,1100,,,,reverb,theguitarpit,602222337923743754,,,,,,,,,,,,,,
listed,2026-04-20T23:42:09.365+00:00,https://reverb.com/item/96205869,Gibson,Gibson USA,ES-135,,,,,,1799,,,,reverb,shoegazee_,1396700009130491906,,,,,,,,,,,,,,
listed,2026-04-20T23:44:19.066+00:00,https://reverb.com/item/96211649-1982-gibson-heritage-series-flying-v-reissue,Gibson,Gibson USA,Flying V,,1982,,,,10490,,,,reverb,theguitarpit,602222337923743754,,,,,,,,,,,,,,
listed,2026-04-20T23:51:11.981+00:00,https://reverb.com/item/96208937-ibanez-artist-1979-violin-burst,Ibanez,Ibanez Prestige,Artist 1979,,1979,,,,1099,,,,reverb,madero,126233894897975296,,,,,,,,,,,,,,2026-04-20T22:52:11+00:00
listed,2026-04-21T00:05:51.729+00:00,https://reverb.com/item/96211532-gibson-melody-maker-d-single-cut-1961-sunburst,Gibson,Gibson USA,Melody Maker,,1961,,,,3250,,,,reverb,theguitarpit,602222337923743754,,,,,,,,,,,,,,
removed,2026-04-21T00:14:05.007+00:00,https://reverb.com/item/96211649-1982-gibson-heritage-series-flying-v-reissue,Gibson,Gibson USA,Flying V,,1982,,,,10490,,,,reverb,theguitarpit,602222337923743754,0,,,,,,,,,,,,,
listed,2026-04-21T00:25:10.106+00:00,https://reverb.com/item/95526136-2026-novo-idris-custom-7-8-lbs,Novo,Novo,"Idris, 7.8 LBS",,,,,Brand New,4399,,,The Guitar Rescue ,reverb,reverb,,,0,,,,,,,,,,,,2026-03-29T18:52:38+00:00
listed,2026-04-21T00:25:51.713+00:00,https://reverb.com/item/91476123-novo-idris-h2-root-beer-sparkle-251265,Novo,Novo,Idris H2 Root,,2025,,,,4825,,,,reverb,theguitarpit,602222337923743754,,,,,,,,,,,,,,
price_changed,2026-04-21T02:44:20.9+00:00,https://reverb.com/item/91166747-carvin-ae185-spruce-mahogany-piezo-and-electric,Kiesel,Kiesel / Carvin,AE185,,2000,,,,799,,,,reverb,greg1213,288303791109963776,,,,,,,,,,,,,,
price_changed,2026-04-21T02:45:49.805+00:00,https://reverb.com/item/95576653-prs-s2-singlecut-standard-modified-lp-jr-vibe,PRS,PRS Core,S2 Singlecut,,,,,,675,,,,reverb,scottcorgan,103469574581669888,,,,,,,,,,,,,,
price_changed,2026-04-21T02:46:28.446+00:00,https://reverb.com/item/95385457-prs-cu24-1988-tobacco-sunburst-pre-factory,PRS,PRS Core,Cu24 FACTORY,,1988,,,,9949,,,,reverb,wontongg,214444614189449226,,,,,,,,,,,,,,
removed,2026-04-21T02:46:37.487+00:00,https://reverb.com/item/92986126-contriver-signature-fs-baritone-foundation-series-edge-2025,Contriver Guitars,,Signature FS6,,2025,,,,2136,,,,reverb,greg1213,288303791109963776,4.6,,,,,,,,,,,,,
price_changed,2026-04-21T02:46:58.064+00:00,https://reverb.com/item/96044347-jackson-mike-shannon-soloist-master-built-signed-1-of-50-custom-shop-made-in-usa-masterbuilt-american-pre-fender-san-dimas-sl1-hss-super-stratocaster,Jackson,Jackson USA Custom Shop,Stratocaster,,,,,,11053,,,,reverb,hibby_,230107654758858753,,,,,,,,,,,,,,
price_changed,2026-04-21T02:47:23.317+00:00,https://reverb.com/item/96045658-fender-custom-shop-limited-edition-1-of-1-la-florita-stratocaster-electric-guitar-with-matching-amp,Fender,Fender Custom Shop,Stratocaster,,,,,,46851,,,,reverb,doesitslaptho,659997698300051472,,,,,,,,,,,,,,
listed,2026-04-21T12:28:20.575+00:00,https://reverb.com/uk/item/95867735-vigier-excalibur-surfreter-special-fretless-diamond-black-gold-hardware-2011-hard-case,Vigier,Vigier,Excalibur Surfreter Special,,,,,,4055,,,,reverb,ynid,83552549902225408,,,,,,,,,,,,,,
listed,2026-04-21T13:30:55.406+00:00,https://reverb.com/item/96230137-b-c-rich-outlaw-1988-black-and-white-crackle,BC Rich,,Outlaw and Crackle,,1988,,,,1495,,,,reverb,yellowjack6,908889503173857351,,,,,,,,,,,,,,2026-04-21T13:28:38+00:00
listed,2026-04-21T14:05:55.028+00:00,https://reverb.com/item/95313069-fender-custom-shop-double-tvj-2014,Fender,Fender Custom Shop,Double TVJ,,2014,,,,2699,,,,reverb,scottcorgan,103469574581669888,,,,,,,,,,,,,,2026-03-22T18:07:51+00:00
listed,2026-04-21T14:06:09.699+00:00,https://reverb.com/item/93111718-tennessee-electric-company-pera-2025-honey-burst,Tennessee Electric Company,,Pera,,2025,,,,3700,,,,reverb,scottcorgan,103469574581669888,,,,,,,,,,,,,,
listed,2026-04-21T14:12:20.11+00:00,https://reverb.com/item/94510154-greco-eg650-n-1974-japan-lp-style-guitar-maple-finger-board-1974-natural-excellent-serviced,Greco,,EG650,,1974,,,,1246,,,,reverb,greg1213,288303791109963776,,,,,,,,,,,,,,
listed,2026-04-21T14:13:09.891+00:00,https://reverb.com/item/96229205-musikraft-telecaster-body-swamp-ash-vintage-aged-nitro-finish,Vintage,,Telecaster,,,,,,389,,,,reverb,greg1213,288303791109963776,,,,,,,,,,,,,,2026-04-21T12:43:46+00:00
listed,2026-04-21T14:14:36.043+00:00,https://reverb.com/item/96228828-yamaha-fg300d-1980-s-natural,Yamaha,,FG300D 1980’s,,,,,,560,,,,reverb,greg1213,288303791109963776,,,,,,,,,,,,,,
listed,2026-04-21T14:15:43.6+00:00,https://reverb.com/item/96201693-gibson-j-15-2018-2019-antique-natural,Gibson,Gibson USA,J-15 Antique,,,,,,1265,,,,reverb,greg1213,288303791109963776,,,,,,,,,,,,,,
listed,2026-04-21T14:18:24.42+00:00,https://reverb.com/item/96200176-valley-arts-custom-pro-bass-guitar-c-1990-blue-1980-s-p-j-dupont-lake-placid-jazz-precision-original-vintage-usa,Vintage,,original,,1990,,,,1995,,,,reverb,greg1213,288303791109963776,,,,,,,,,,,,,,
sold,2026-04-21T14:36:58.814+00:00,https://reverb.com/item/96230137-b-c-rich-outlaw-1988-black-and-white-crackle,BC Rich,,Outlaw and Crackle,,1988,,,,1495,1495,,,reverb,yellowjack6,908889503173857351,0,,,,,,,,,,,,,2026-04-21T13:28:38+00:00
price_changed,2026-04-21T14:41:14.137+00:00,https://reverb.com/item/92694514-ibanez-ar300-bk-artist-1984-black-limited-color,Ibanez,Ibanez Prestige,AR300,,,,,,1175,,,,reverb,madero,126233894897975296,,,,,,,,,,,,,,
price_changed,2026-04-21T14:41:55.048+00:00,https://reverb.com/item/96121172-padalka-space-shadow-burst-satin,Padalka,,Space Shadow,,,,,,5100,,,,reverb,theguitarpit,602222337923743754,,,,,,,,,,,,,,
listed,2026-04-21T14:48:40.703+00:00,https://reverb.com/item/96229984,First Act,,"Sheena Custom, Sunburst.",,,,,Very Good,1127,,,Dex Audio,reverb,reverb,,,2,,,,,,,,,,,,2026-04-21T14:44:38+00:00
listed,2026-04-21T15:28:07.191+00:00,https://reverb.com/item/95721158-kiesel-aries-6-evertune-a6e-matte-blood-red-w-ohsc,Kiesel,Kiesel / Carvin,Aries Evertune A6E,,2020,,,,1499,,,,reverb,scottcorgan,103469574581669888,,,,,,,,,,,,,,
sold,2026-04-21T15:34:45.334+00:00,https://reverb.com/item/96229984,First Act,,"Sheena Custom, Sunburst.",,,,,Very Good,1127,1122,,Dex Audio,reverb,reverb,,0,2,,,,,,,,,,,,2026-04-21T14:44:38+00:00
listed,2026-04-21T15:36:03.097+00:00,https://www.guitarcenter.com/Getm-Getm/Dark-Leopard-Signature-Guitar-Strap-2-in-1500000222861.gc?media_type=image&source=4SMDFIBA&utm_creative=120239422061710074&utm_id=120239422061500074,,,,,,,,,143.99,,,,other,yellowjack6,908889503173857351,,,,,,,,,,,,,,
listed,2026-04-21T17:00:42.64+00:00,https://reverb.com/item/94878813-robin-wedge-1980s-custom-abstract-airbrush-finish-employee-build-about-mint-w-kahler-and-hsc,Robin,,Wedge 1980s Abstract,,,,,,2500,,,,reverb,yellowjack6,908889503173857351,,,,,,,,,,,,,,
listed,2026-04-21T17:03:20.123+00:00,https://reverb.com/item/93198290-1985-robin-wedge-custom-electric-guitar-rare-set-neck-white-pearl-original-clean,Robin,,Original,,1985,,,,2200,,,,reverb,yellowjack6,908889503173857351,,,,,,,,,,,,,,
sold,2026-04-21T17:35:03.407+00:00,https://reverb.com/item/95313069-fender-custom-shop-double-tvj-2014,Fender,Fender Custom Shop,Double TVJ,,2014,,,,2699,2699,,,reverb,scottcorgan,103469574581669888,30,,,,,,,,,,,,,2026-03-22T18:07:51+00:00
listed,2026-04-21T17:38:04.276+00:00,https://reverb.com/item/96233730-k-line-kl-junior-authorized-dealer-aifg,K-Line,K-Line,KL Junior *Authorized,,2026,,,,2850,,,,reverb,scottcorgan,103469574581669888,,,,,,,,,,,,,,
listed,2026-04-21T18:21:35.866+00:00,https://reverb.com/item/96233594-knaggs-ssc-steve-stevens-one-piece-walnut-burl-top,Knaggs,Knaggs,SSC Steve Stevens,,,,,,5499,,,,reverb,scottcorgan,103469574581669888,,,,,,,,,,,,,,
sold,2026-04-21T20:05:34.766+00:00,https://reverb.com/item/95778586-carvin-ae185-mid-90-s-natural-gloss,Kiesel,Kiesel / Carvin,AE185,,,,,,650,650,,,reverb,greg1213,288303791109963776,12,,,,,,,,,,,,,2026-04-09T20:53:59+00:00
listed,2026-04-21T20:18:57.621+00:00,https://reverb.com/item/96097321-1965-gibson-melody-maker-cherry-killer-player-grade-melody-maker-ships-fast-and-pro-set-up-included,Gibson,Gibson USA,Melody Maker,,,,,,1249,,,,reverb,theguitarpit,602222337923743754,,,,,,,,,,,,,,
listed,2026-04-21T20:33:43.135+00:00,https://reverb.com/item/94811952-moser-custom-shop-scimitar-2024,Floyd Rose,,Moser Scimitar,,2024,,,,5499,,,,reverb,yellowjack6,908889503173857351,,,,,,,,,,,,,,
listed,2026-04-21T21:53:40.925+00:00,https://reverb.com/item/95425625-peavey-bandit-112-sheffield-equipped-80-watt-1x12-guitar-combo-1990s-black-with-silver-trim,Peavey,,Bandit Sheffield Equipped,,,,,,200,,,,reverb,greg1213,288303791109963776,,,,,,,,,,,,,,
listed,2026-04-21T21:55:19.73+00:00,https://reverb.com/item/95517818-orange-super-crush-100-2-channel-100-watt-1x12-guitar-combo-2021-present-orange,Orange,,Super Crush 2-Channel,,,,,,550,,,,reverb,greg1213,288303791109963776,,,,,,,,,,,,,,
price_changed,2026-04-21T22:37:42.863+00:00,https://reverb.com/item/96096103-marconilab-ego-art-hyper-lsd-headless-guitar-first-model,Marconilab,,headless,,,,,,1585,,,,reverb,theguitarpit,602222337923743754,,,,,,,,,,,,,,
sold,2026-04-21T22:39:24.214+00:00,https://www.chicagomusicexchange.com/collections/new-arrivals/products/martin-standard-series-d-42-natural-2021-2540947,Martin,,Standard,,,,,,3995,,,,other,shteefe,415010947871277068,3.1,,,,,,,,,,,,,
listed,2026-04-21T22:58:41.619+00:00,https://reverb.com/item/96245937-b-c-rich-usa-custom-shop-explorer-metallic-grey-1984-w-hardshell-case,BC Rich,BC Rich USA Custom Shop,Explorer,,1984,,,,7500,,,,reverb,yellowjack6,908889503173857351,,,,,,,,,,,,,,
listed,2026-04-22T00:01:48.573+00:00,https://reverb.com/item/95508174,Jackson,Jackson USA Custom Shop,Dinky,,2026,,,,3439,,,,reverb,shoegazee_,1396700009130491906,,,,,,,,,,,,,,
listed,2026-04-22T00:04:40.751+00:00,https://reverb.com/item/85696467-spira-guitars-s450tgr-transparent-green,SPIRA GUITARS,,S450TGR Transparent Green,,,,,,405,,,,reverb,theguitarpit,602222337923743754,,,,,,,,,,,,,,
price_changed,2026-04-22T00:21:17.093+00:00,https://reverb.com/item/95371311-eastman-sb56-n-gold-top-used,Eastman,Eastman,SB56/n Top,,,,,,1663,,,,reverb,theguitarpit,602222337923743754,,,,,,,,,,,,,,
price_changed,2026-04-22T00:21:40.144+00:00,https://reverb.com/ca/item/92734591-1-of-1-ibanez-rg1570-prestige-custom-steve-vai-jem,Ibanez,Ibanez Prestige,RG1570,,2009,,,,5839,,,,reverb,jevice.,890954150051987536,,,,,,,,,,,,,,
price_changed,2026-04-22T00:21:42.425+00:00,https://reverb.com/uk/item/95771790-new-fender-custom-shop-flamethrower-telecaster-custom-journeyman-relic-modern-specs-texas-special-pick-ups-aaaa-flamed-neck-purple-sparkle-authorized-dealer-7-6lbs-g06941,Fender,Fender Custom Shop,Telecaster,,2026,,,,4294,,,,reverb,ynid,83552549902225408,,,,,,,,,,,,,,
price_changed,2026-04-22T00:21:44.663+00:00,https://reverb.com/uk/item/95508174-new-jackson-custom-shop-dinky-hsh-roasted-maple-neck-fretboard-dk-shell-pink-authorized-dealer-8-1-lbs-g06854,Jackson,Jackson USA Custom Shop,Dinky,,2026,,,,3439,,,,reverb,ynid,83552549902225408,,,,,,,,,,,,,,
removed,2026-04-22T00:21:55.991+00:00,https://reverb.com/item/96169497-music-man-jp6-ball-family-reserve-2013-bahama-blue-burst,Music Man,Music Man BFR,JP6,,,,,,2100,,,,reverb,theguitarpit,602222337923743754,2.3,,,,,,,,,,,,,
price_changed,2026-04-22T00:23:54.498+00:00,https://reverb.com/item/96044347-jackson-mike-shannon-soloist-master-built-signed-1-of-50-custom-shop-made-in-usa-masterbuilt-american-pre-fender-san-dimas-sl1-hss-super-stratocaster,Jackson,Jackson USA Custom Shop,Stratocaster,,,,,,11053,,,,reverb,hibby_,230107654758858753,,,,,,,,,,,,,,
listed,2026-04-22T01:49:18.438+00:00,https://stacysmusic.com/product/carvin-ae185-w-tweed-case-used-no-acoustic-pickup,Kiesel,Kiesel / Carvin,039,,,,,,699,,,,other,greg1213,288303791109963776,,,,,,,,,,,,,,
listed,2026-04-22T02:05:58.671+00:00,https://stacysmusic.com/product/carvin-dt650-double-neck-guitar-6-12-w-case-usa-used,Kiesel,Kiesel / Carvin,039,,,,,,2199,,,,other,greg1213,288303791109963776,,,,,,,,,,,,,,
listed,2026-04-22T02:09:58.16+00:00,https://reverb.com/item/94129136-rickenbacker-330-jetglo,Rickenbacker,Rickenbacker,330,,,,,,1700,,,,reverb,theguitarpit,602222337923743754,,,,,,,,,,,,,,
listed,2026-04-22T02:11:27.165+00:00,https://www.guitarcenter.com/Used/Rickenbacker/Used-Rickenbacker-660-Jetglo-Solid-Body-Electric-Guitar.gc,Rickenbacker,Rickenbacker,660,,,,,,1979.99,,,,other,say.waaat,591343751201423439,,,,,,,,,,,,,,
listed,2026-04-22T04:13:30.669+00:00,https://www.long-mcquade.com/497815/Guitars/Amps/Marshall/Limited-Edition-JCM800-Sex-Pistols-50th-Anniversary-Half-Stack.htm,Marshall,,JCM800,,,,,,5999.99,,,,other,shoegazee_,1396700009130491906,,,,,,,,,,,,,,
sold,2026-04-22T04:17:25.07+00:00,https://reverb.com/item/96144863-knaggs-kenai-tier-2-in-aged-scotch,Knaggs,Knaggs,Kenai,,,,,,2200,2200,,,reverb,greg1213,288303791109963776,3.4,,,,,,,,,,,,,2026-04-18T17:43:47+00:00
listed,2026-04-22T05:04:33.748+00:00,https://reverb.com/item/94220078-2008-esp-standard-eclipse-ii-snow-white-sw-aged-to-vintage-emg-w-ohsc?bk=eyJhbGciOiJIUzI1NiJ9.eyJqdGkiOiI3ZDM0MTVhNi03MmUyLTRlODgtOTlmZS01ODg1YzU0YWY5NWEiLCJpYXQiOjE3NzY4MzQxOTQsInVzZXJfaWQiOiI1MTMyOTY5Iiwic2Vzc2lvbl9pZCI6IjM4ZTcyZGU1LTllZTMtNGQzNC04YmJlLTJiOTNhMTQ2MmUwMSIsImNvb2tpZV9pZCI6IjU1NmUxNWZkLWIzNGYtNGJmMC1iZDNmLTVjODBmMzZmYzIzNyIsInByb2R1Y3RfaWQiOiI5NDIyMDA3OCIsInNvdXJjZSI6Ik5PTkUifQ.xclbzFuOUhGvWRKs3XcYAbDZSLp0AHbyyXf6U_ymkP8,ESP,ESP USA,Standard,,2008,,,,2099,,,,reverb,madero,126233894897975296,,,,,,,,,,,,,,2026-04-11T20:45:12+00:00
listed,2026-04-22T05:09:27.689+00:00,https://www.chicagomusicexchange.com/products/duesenberg-fantom-s-lumina-green-serial-251035-2243676?variant=42962578112647,Duesenberg,Duesenberg,Fantom Lumina,,,,,,2704,,,,other,say.waaat,591343751201423439,,,,,,,,,,,,,,
listed,2026-04-22T05:31:29.584+00:00,https://reverb.com/item/91598724-esp-tele-custom-1980s-nyc,ESP,ESP USA,Telecaster,,,,,,2195,,,,reverb,madero,126233894897975296,,,,,,,,,,,,,,
price_changed,2026-04-22T12:15:24.747+00:00,https://reverb.com/item/95508174,Jackson,Jackson USA Custom Shop,Dinky,,2026,,,,3439,,,,reverb,shoegazee_,1396700009130491906,,,,,,,,,,,,,,
price_changed,2026-04-22T12:16:03.011+00:00,https://reverb.com/uk/item/95867735-vigier-excalibur-surfreter-special-fretless-diamond-black-gold-hardware-2011-hard-case,Vigier,Vigier,Excalibur Surfreter Special,,,,,,4055,,,,reverb,ynid,83552549902225408,,,,,,,,,,,,,,
removed,2026-04-22T12:16:16.388+00:00,https://reverb.com/item/96194505-prs-mira-x-cherry-2010,PRS,,Mira,,2010,,,,1050,,,,reverb,theguitarpit,602222337923743754,1.6,,,,,,,,,,,,,
removed,2026-04-22T12:16:23.03+00:00,https://reverb.com/item/96194505-prs-mira-x-cherry-2010,PRS,,Mira,,2010,,,,1050,,,,reverb,theguitarpit,602222337923743754,1.6,,,,,,,,,,,,,
price_changed,2026-04-22T12:16:45.97+00:00,https://reverb.com/uk/item/95771790-new-fender-custom-shop-flamethrower-telecaster-custom-journeyman-relic-modern-specs-texas-special-pick-ups-aaaa-flamed-neck-purple-sparkle-authorized-dealer-7-6lbs-g06941,Fender,Fender Custom Shop,Telecaster,,2026,,,,4294,,,,reverb,ynid,83552549902225408,,,,,,,,,,,,,,
price_changed,2026-04-22T12:16:48.164+00:00,https://reverb.com/uk/item/95508174-new-jackson-custom-shop-dinky-hsh-roasted-maple-neck-fretboard-dk-shell-pink-authorized-dealer-8-1-lbs-g06854,Jackson,Jackson USA Custom Shop,Dinky,,2026,,,,3439,,,,reverb,ynid,83552549902225408,,,,,,,,,,,,,,
listed,2026-04-22T13:29:42.511+00:00,https://reverb.com/item/95914392-hamer-usa-t-51-1993-butterscotch,Hamer,Hamer Import,T-51 Butterscotch,,1993,,,,1650,,,,reverb,modean,663012207478571038,,,,,,,,,,,,,,
listed,2026-04-22T14:24:29.69+00:00,https://reverb.com/item/96254475-lado-elite-2001-blue-burst,Lado,,Elite,,2001,,,,1699,,,,reverb,yellowjack6,908889503173857351,,,,,,,,,,,,,,2026-04-22T01:05:26+00:00
listed,2026-04-22T14:27:02.576+00:00,https://reverb.com/en-gr/item/63500736-lado-earth-2018-blueburst,Lado,,Earth,,2018,,,,6299,,,,reverb,yellowjack6,908889503173857351,,,,,,,,,,,,,,
listed,2026-04-22T14:37:05.985+00:00,https://reverb.com/item/95976049-brian-moore-mc1-emerald-green-quilted-maple-top,Brian Moore,,MC1 Emerald Quilted,,,,,,4000,,,,reverb,theguitarpit,602222337923743754,,,,,,,,,,,,,,
listed,2026-04-22T15:39:34.817+00:00,https://reverb.com/item/96200188-b-c-rich-b-45-c-1970-brazilian-rosewood-original-vintage-usa,BC Rich,BC Rich USA Custom Shop,original,,1970,,,,7495,,,,reverb,yellowjack6,908889503173857351,,,,,,,,,,,,,,
listed,2026-04-22T15:46:19.162+00:00,https://reverb.com/item/96270410-seger-yg-deluxe-2020-black,Seger,,YG Deluxe,,2020,,,,4800,,,,reverb,theguitarpit,602222337923743754,,,,,,,,,,,,,,
price_changed,2026-04-22T16:18:53.101+00:00,https://reverb.com/item/96058829-gold-tone-grs-paul-beard-metal-body-resonator-guitar-with-lipstick-pickup,Gold Tone,,Metal,,2026,,,,1400,,,,reverb,greg1213,288303791109963776,,,,,,,,,,,,,,
removed,2026-04-22T16:19:15.906+00:00,https://reverb.com/item/96057374-1965-gibson-melody-maker-cherry-pre-owned,Gibson,Gibson USA,Melody Maker,,1965,,,,1499,,,,reverb,madero,126233894897975296,6.9,,,,,,,,,,,,,
removed,2026-04-22T20:17:05.853+00:00,https://reverb.com/item/96167476-fender-str-rk-richie-kotzen-signature-stratocaster-mij-2024-present-see-thru-white,Fender,Fender Japan,Stratocaster,,2024,,,,1259,,,,reverb,theguitarpit,602222337923743754,3.2,,,,,,,,,,,,,
price_changed,2026-04-22T20:18:15.691+00:00,https://reverb.com/item/96060825,Parker,Parker Fly,DF824,,,,,,2750,,,,reverb,erparadox,1079314830508445696,,,,,,,,,,,,,,2026-04-15T20:26:33+00:00
price_changed,2026-04-22T20:19:07.126+00:00,https://reverb.com/item/96059211-2007-navigator-e-lp-ctm-black,Navigator,,Les Paul,,2007,,,,3500,,,,reverb,theguitarpit,602222337923743754,,,,,,,,,,,,,,
listed,2026-04-22T20:38:45.709+00:00,https://eddiesguitars.com/charvel/charvel-usa-custom-shop-dk-1h-fr-kaotic-resin-pfcg0209,Charvel,Charvel USA Custom Shop,DK 1H FR,,,,,,8499,,,,other,theguitarpit,602222337923743754,,,,,,,,,,,,,,
listed,2026-04-22T21:01:46.236+00:00,https://reverb.com/item/96280505-fender-limited-edition-american-professional-stratocaster-with-rosewood-neck-2018-ohsc-gorgeous,Fender,Fender USA,Stratocaster,,2018,,,,1240,,,,reverb,modean,663012207478571038,,,,,,,,,,,,,,2026-04-22T17:47:43+00:00
listed,2026-04-22T21:19:53.891+00:00,https://reverb.com/item/96285359-revv-dynamis-d20-mk2-20-watt-guitar-amp-head-2025-present-black,Revv,,Dynamis D20 MK2,,,,,,982,,,,reverb,scottcorgan,103469574581669888,,,,,,,,,,,,,,2026-04-22T20:34:56+00:00
listed,2026-04-22T21:31:42.187+00:00,https://reverb.com/item/96281871-1990-hamer-usa-chaparral-elite-with-sustainiac-marble-with-ohsc,Hamer,Hamer USA Vintage,Chaparral Elite With,,1990,,,,5000,,,,reverb,theguitarpit,602222337923743754,,,,,,,,,,,,,,2026-04-22T20:56:51+00:00
listed,2026-04-22T21:54:58.273+00:00,https://reverb.com/item/96285165-neil-moser-lee-garver-dan-lawrence,BC Rich,BC Rich USA Custom Shop,"Neil Moser, Lee",,,,,Good,3400,,,Troy's Gear Garage,reverb,reverb,,,0,,,,,,,,,,,,2026-04-22T20:27:39+00:00
listed,2026-04-22T22:18:59.676+00:00,https://reverb.com/item/96283634-a-da-mp-1-guitar-preamp,A/DA,,MP-1 Guitar Preamp,,,,,,650,,,,reverb,shteefe,415010947871277068,,,,,,,,,,,,,,2026-04-22T19:10:17+00:00
listed,2026-04-22T23:10:02.285+00:00,https://reverb.com/item/96287614-ibanez-ar350-pw-artist-1985-polar-white,Ibanez,Ibanez J.Custom,AR350,,1985,,,,1845,,,,reverb,theguitarpit,602222337923743754,,,,,,,,,,,,,,2026-04-22T23:03:25+00:00
price_changed,2026-04-23T00:15:48.003+00:00,https://reverb.com/item/95508174,Jackson,Jackson USA Custom Shop,Dinky,,2026,,,,3439,,,,reverb,shoegazee_,1396700009130491906,,,,,,,,,,,,,,
removed,2026-04-23T00:16:53.371+00:00,https://reverb.com/item/96195518-vintage-1966-fender-electric-xii-abomination-w-ohsc,Vintage,Fender Custom Shop,Fender Electric XII,,1966,,,,1800,,,,reverb,theguitarpit,602222337923743754,2.4,,,,,,,,,,,,,
removed,2026-04-23T00:16:57.976+00:00,https://reverb.com/item/93847161-esp-e-ii-viper-2019-present-black,ESP,ESP E-II,Viper,,,,,,1700,,,,reverb,yellowjack6,908889503173857351,2.4,,,,,,,,,,,,,
price_changed,2026-04-23T00:17:05.543+00:00,https://reverb.com/ca/item/92734591-1-of-1-ibanez-rg1570-prestige-custom-steve-vai-jem,Ibanez,Ibanez Prestige,RG1570,,2009,,,,5839,,,,reverb,jevice.,890954150051987536,,,,,,,,,,,,,,
price_changed,2026-04-23T00:17:07.796+00:00,https://reverb.com/uk/item/95771790-new-fender-custom-shop-flamethrower-telecaster-custom-journeyman-relic-modern-specs-texas-special-pick-ups-aaaa-flamed-neck-purple-sparkle-authorized-dealer-7-6lbs-g06941,Fender,Fender Custom Shop,Telecaster,,2026,,,,4294,,,,reverb,ynid,83552549902225408,,,,,,,,,,,,,,
price_changed,2026-04-23T00:17:10.041+00:00,https://reverb.com/uk/item/95508174-new-jackson-custom-shop-dinky-hsh-roasted-maple-neck-fretboard-dk-shell-pink-authorized-dealer-8-1-lbs-g06854,Jackson,Jackson USA Custom Shop,Dinky,,2026,,,,3439,,,,reverb,ynid,83552549902225408,,,,,,,,,,,,,,
price_changed,2026-04-23T00:18:27.234+00:00,https://reverb.com/item/96087292-stainless-frets-kramer-baretta-i-1986-white-with-hardshell-case,Kramer,Kramer USA Vintage,*STAINLESS FRETS* Baretta,,1986,,,,2500,,,,reverb,shteefe,415010947871277068,,,,,,,,,,,,,,
sold,2026-04-23T00:19:35.461+00:00,https://eddiesguitars.com/charvel/charvel-usa-custom-shop-dk-1h-fr-kaotic-resin-pfcg0209,Charvel,Charvel USA Custom Shop,DK 1H FR,,,,,,8499,,,,other,theguitarpit,602222337923743754,0.2,,,,,,,,,,,,,
listed,2026-04-23T01:50:41.765+00:00,https://reverb.com/item/96289706-prs-tremonti-stoptail-2015-charcoal-gray-smokeburst,PRS,PRS Core,Tremonti,,2015,,,,2500,,,,reverb,theguitarpit,602222337923743754,,,,,,,,,,,,,,2026-04-22T23:11:57+00:00
listed,2026-04-23T01:56:41.502+00:00,https://reverb.com/item/95714191-gibson-melody-maker-sparkling-burgundy-1968,Gibson,Gibson USA,Melody Maker,,1968,,,,1995,,,,reverb,madero,126233894897975296,,,,,,,,,,,,,,2026-04-06T22:25:48+00:00
listed,2026-04-23T02:13:59.596+00:00,https://reverb.com/item/95519977-kemper-amps-profiler-head-2011-2025-black,Kemper,,Amps Profiler Head,,,,,,670,,,,reverb,greg1213,288303791109963776,,,,,,,,,,,,,,
listed,2026-04-23T02:25:19.23+00:00,https://www.chicagomusicexchange.com/products/gibson-melody-maker-sparkling-burgundy-1968-2520334,Gibson,Gibson USA,Melody Maker,,,,,,1895,,,,other,madero,126233894897975296,,,,,,,,,,,,,,
listed,2026-04-23T02:32:02.003+00:00,https://www.chicagomusicexchange.com/products/gibson-les-paul-custom-ebony-1974-2507620,Gibson,Gibson USA,Les Paul Custom,,,,,,5695,,,,other,madero,126233894897975296,,,,,,,,,,,,,,
listed,2026-04-23T02:44:30.152+00:00,https://www.chicagomusicexchange.com/collections/electric-guitars-fender/products/fender-wildwood-coronado-ii-green-1967-2532237,Fender,,Coronado,,,,,,2995,,,,other,madero,126233894897975296,,,,,,,,,,,,,,
listed,2026-04-23T03:10:20.419+00:00,https://reverb.com/item/96282358-1971-gibson-les-paul-deluxe-goldtop-with-case,Gibson,Gibson USA,Les Paul Deluxe,,1971,,,,5500,,,,reverb,theguitarpit,602222337923743754,,,,,,,,,,,,,,2026-04-23T03:01:15+00:00
listed,2026-04-23T03:36:09.858+00:00,https://reverb.com/item/82447006-1967-epiphone-olympic-mahogany-w-case,Epiphone,Epiphone,Mahogany case,,1967,,,,1600,,,,reverb,madero,126233894897975296,,,,,,,,,,,,,,
listed,2026-04-23T03:38:02.748+00:00,https://reverb.com/item/91585663-1967-fender-coronado-ii-semi-hollow-electric-guitar-cherry-sunburst-w-case,Fender,Fender Custom Shop,Coronado,,1967,,,,2500,,,,reverb,madero,126233894897975296,,,,,,,,,,,,,,
listed,2026-04-23T04:08:23.307+00:00,https://reverb.com/item/96290299-lado-r-1-1980-s,Lado,,R-1,,,,,,2000,,,,reverb,yellowjack6,908889503173857351,,,,,,,,,,,,,,
listed,2026-04-23T04:13:03.659+00:00,https://reverb.com/item/76988182,SAITO,,GSB019,,2023,,,,1538,,,,reverb,shoegazee_,1396700009130491906,,,,,,,,,,,,,,
listed,2026-04-23T04:13:16.553+00:00,https://www.guitarcenter.com/Positive-Grid/Spark-2-50W-Guitar-Combo-Amp-Black-1500000438185.gc,Positive Grid,,Spark 50W Guitar,,,,,,297,,,,other,say.waaat,591343751201423439,,,,,,,,,,,,,,
listed,2026-04-23T04:15:02.435+00:00,https://reverb.com/item/96292946,Gibson,Gibson USA,Les Paul Custom,,1979,,,,4199,,,,reverb,shoegazee_,1396700009130491906,,,,,,,,,,,,,,
listed,2026-04-23T04:15:47.653+00:00,https://reverb.com/item/96297406-luxxtone-tele,Luxxtone,,Telecaster,,,,,,2200,,,,reverb,theguitarpit,602222337923743754,,,,,,,,,,,,,,2026-04-23T03:38:51+00:00
listed,2026-04-23T04:17:09.303+00:00,https://reverb.com/item/96290691,Martin,Martin USA,D-28,,,,,,2895,,,,reverb,shoegazee_,1396700009130491906,,,,,,,,,,,,,,
listed,2026-04-23T04:59:37.633+00:00,https://reverb.com/ca/item/87620163-tokai-love-rock,Tokai,,Love Rock,,,,,Very Good,515,,,Paul's Boutique,reverb,shoegazee_,1396700009130491906,,0,3775,105,"Toronto, Canada",ON,CA,1,640,true,false,CN,,2025-03-03T20:13:48+00:00
listed,2026-04-23T05:01:14.8+00:00,https://reverb.com/ca/item/95920173-vintage-1969-gibson-sg-standard-rock-n-roll-flamethrower-player-priced,Vintage,,SG Standard,Player,,,,Very Good,3395,,,Vintage Correct Parts,reverb,shoegazee_,1396700009130491906,,0,2066,135,"Chicago, IL, United States",IL,US,1,1530,true,false,US,Cherry,2026-04-12T19:46:08+00:00
listed,2026-04-23T05:05:25.52+00:00,https://reverb.com/ca/item/95051966-1988-gibson-les-paul-custom-vintage-guitar-alpine-white-w-bigsby-b7-tim-shaw-pafs-case,Gibson,Gibson USA,Les Paul Custom,Bigsby,,,,Very Good,4700,,,Mike & Mike's Guitar Bar,reverb,shoegazee_,1396700009130491906,,0,2403,181,"Seattle, WA, United States",WA,US,0.9994594594594595,7294,true,false,,Alpine White,2026-03-14T18:24:26+00:00
listed,2026-04-23T05:08:19.549+00:00,https://reverb.com/ca/item/52847532-2014-gibson-es-359-vintage-sunburst,Gibson,Gibson USA,ES-359,,,,,Very Good,4169,,,Jordan Guitars Ltd,reverb,shoegazee_,1396700009130491906,,3,919,32,"LEICESTER, United Kingdom",ENG,GB,1,177,true,false,US,Sunburst,2026-04-18T10:14:08+00:00
listed,2026-04-23T05:13:43.959+00:00,https://reverb.com/item/96246849-b-c-rich-classical-guitar-pink-burst,BC Rich,,Classical Guitar,,,,,Good,70,,,B's Guitars,reverb,yellowjack6,908889503173857351,,0,208,0,"Ocoee, FL, United States",FL,US,0.9859649122807017,184,false,false,,Pink Burst,2026-04-21T22:27:28+00:00
listed,2026-04-23T05:17:32.888+00:00,https://reverb.com/item/96281194-b-c-rich-usa-mockingbird-supreme-1996-transparent-purple-finish,BC Rich,BC Rich USA Custom Shop,Mockingbird Supreme Transparent,Usa,,,,Excellent,3500,,,Neal's Vintage ,reverb,yellowjack6,908889503173857351,,0,642,45,"Huntington Beach, CA, United States",CA,US,1,556,true,false,US,Transparent Purple Finish,2026-04-22T17:32:31+00:00
listed,2026-04-23T05:17:56.784+00:00,https://reverb.com/ca/item/95735645-1973-gibson-j-45-deluxe-tobacco-sunburst-w-hsc,Gibson,Gibson USA,J-45,,,,,Good,1430,,,Ryan Fowler's Guitar Experience,reverb,shoegazee_,1396700009130491906,,2,995,34,"Towson, MD, United States",MD,US,0.990625,5724,true,false,,Tobacco Sunburst,2026-04-07T17:56:37+00:00
listed,2026-04-23T05:19:38.6+00:00,https://reverb.com/ca/item/67117077-fender-stratocaster-1974-mocha-hardtail-under-7-pounds,Fender,Fender Custom Shop,Stratocaster,,,,,Good,2000,,,HalfGreyhound's Guitar Shop,reverb,shoegazee_,1396700009130491906,,3,650,51,"Thousand Oaks, CA, United States",CA,US,0.9983333333333333,240,true,false,US,Mocha,2026-04-15T02:53:30+00:00
listed,2026-04-23T05:20:18.232+00:00,https://www.guitarcenter.com/Used/BC-Rich/Used-BC-Rich-KKV-TRIBAL-Solid-Body-Electric-Guitar-122101085.gc?algoliaQueryID=1fbaaff75983eae9b243c0df8c9be423&algoliaIndexName=cD-guitarcenter,BC Rich,,KKV TRIBAL Solid,,,,,Used,799.99,,,,marketplace,yellowjack6,908889503173857351,,,,,,,,,,,,,,
listed,2026-04-23T05:29:19.503+00:00,https://reverb.com/item/96294801-fender-todd-krause-masterbuilt-56-stratocaster-nos-2024-surf-green,Fender,Fender Masterbuilt,Stratocaster,Masterbuilt Nos,,,,Excellent,6395,,,Ty's Gear Outlet,reverb,theguitarpit,602222337923743754,,0,319,14,"Bozeman, MT, United States",MT,US,1,44,false,false,,Surf Green,2026-04-23T02:41:20+00:00
listed,2026-04-23T05:35:48.052+00:00,https://reverb.com/item/93883344-fender-custom-shop-brawler-journeyman-relic-cadillac-green-master-built-by-carlos-lopez-2020,Fender,Fender Masterbuilt,Brawler Journeyman Cadillac,Custom Shop Journeyman,,,,Excellent,9990,,,fusionmusic (Thailand),reverb,theguitarpit,602222337923743754,,1,1997,107,"Bangkok, Thailand",Bangkok,TH,1,2348,false,false,US,,2026-01-07T07:59:12+00:00
sold,2026-04-23T05:41:16.926+00:00,https://reverb.com/item/90508137-custom-dean-z-robb-flynn-baritone-26-5-scale-explorer-rare-burn-my-eyes-limited-machine-head-guitar,Dean,,Explorer,,,,,,685,685,,,reverb,greg1213,288303791109963776,21.5,,,,,,,,,,,,,
sold,2026-04-23T09:37:34.692+00:00,https://reverb.com/item/96083093-echopark-de-leon-2-guitar-07,Echopark,Echopark,De Leon Guitar,,,,,,2963,2963,,,reverb,theguitarpit,602222337923743754,6.8,,,,,,,,,,,,,2026-04-16T14:24:00+00:00
listed,2026-04-23T12:41:26.047+00:00,https://reverb.com/item/96304642-bc-rich-nj-series-80-90-s-red-signed-poison-whitesnake,BC Rich,BC Rich Import,NJ Series 80-90's,,,,,Very Good,999,,,Paul's Gear Outlet,reverb,yellowjack6,908889503173857351,,2,160,15,"Mobile, AL, United States",AL,US,1,1,false,false,US,Red,2026-04-23T11:59:26+00:00
sold,2026-04-23T13:34:00.012+00:00,https://reverb.com/item/96282358-1971-gibson-les-paul-deluxe-goldtop-with-case,Gibson,Gibson USA,Les Paul Deluxe,,1971,,,,5500,5500,,,reverb,theguitarpit,602222337923743754,0.4,,,,,,,,,,,,,2026-04-23T03:01:15+00:00
sold,2026-04-23T13:34:00.263+00:00,https://reverb.com/item/96282358-1971-gibson-les-paul-deluxe-goldtop-with-case,Gibson,Gibson USA,Les Paul Deluxe,,1971,,,,5500,5500,,,reverb,theguitarpit,602222337923743754,0.4,,,,,,,,,,,,,2026-04-23T03:01:15+00:00
price_changed,2026-04-23T13:34:36.689+00:00,https://reverb.com/item/95508174,Jackson,Jackson USA Custom Shop,Dinky,,2026,,,,3439,,,,reverb,shoegazee_,1396700009130491906,,,,,,,,,,,,,,
price_changed,2026-04-23T13:35:08.021+00:00,https://reverb.com/item/96229205-musikraft-telecaster-body-swamp-ash-vintage-aged-nitro-finish,Vintage,,Telecaster,,,,,,389,,,,reverb,greg1213,288303791109963776,,,,,,,,,,,,,,2026-04-21T12:43:46+00:00
price_changed,2026-04-23T13:35:51.311+00:00,https://reverb.com/uk/item/95771790-new-fender-custom-shop-flamethrower-telecaster-custom-journeyman-relic-modern-specs-texas-special-pick-ups-aaaa-flamed-neck-purple-sparkle-authorized-dealer-7-6lbs-g06941,Fender,Fender Custom Shop,Telecaster,,2026,,,,4294,,,,reverb,ynid,83552549902225408,,,,,,,,,,,,,,
price_changed,2026-04-23T13:35:53.528+00:00,https://reverb.com/uk/item/95508174-new-jackson-custom-shop-dinky-hsh-roasted-maple-neck-fretboard-dk-shell-pink-authorized-dealer-8-1-lbs-g06854,Jackson,Jackson USA Custom Shop,Dinky,,2026,,,,3439,,,,reverb,ynid,83552549902225408,,,,,,,,,,,,,,
sold,2026-04-23T13:36:04.87+00:00,https://reverb.com/item/96168794-eastman-sb56-n-gd-2021-goldtop,Eastman,Eastman,SB56/N-GD Goldtop,,2021,,,,1250,1250,,,reverb,theguitarpit,602222337923743754,3.9,,,,,,,,,,,,,2026-04-19T15:22:57+00:00
listed,2026-04-23T16:58:22.273+00:00,https://reverb.com/item/96307699-prs-ce-24-sprayer-s-choice-pink-magenta-sparkle,PRS,PRS CE,CE 24,,,,,Brand New,2992,,,The Vibrato Bar,reverb,theguitarpit,602222337923743754,,0,292,18,"Stoney Creek, Canada",ON,CA,1,281,true,false,US,Pink Magenta Sparkle,2026-04-23T15:25:25+00:00
sold,2026-04-23T17:35:21.985+00:00,https://reverb.com/item/96208937-ibanez-artist-1979-violin-burst,Ibanez,Ibanez Prestige,Artist 1979,,1979,,,,1099,1099,,,reverb,madero,126233894897975296,2.8,,,,,,,,,,,,,2026-04-20T22:52:11+00:00
listed,2026-04-23T17:48:56.201+00:00,https://reverb.com/item/91198146-polaris-wizard-bc-rich-warlock-copy-1980-s-blue-burst-w-ohsc,BC Rich,BC Rich Import,Polaris Wizard Warlock,,,,,Good,400,,,Billy Handy Junior's GAS Station,reverb,yellowjack6,908889503173857351,,0,1342,39,"Bellmore, NY, United States",NY,US,0.9176470588235294,653,true,false,,Blue Burst,2025-06-29T23:52:40+00:00
listed,2026-04-23T19:36:52.243+00:00,https://reverb.com/item/96311770-2026-eastman-guitars-sb56-s-electric-guitar-satin-gold-top-w-case-coa,Eastman,Eastman,Guitars SB56/s Electric,Satin Gold Top,,,,Excellent,1300,,,Bill's Music,reverb,theguitarpit,602222337923743754,,0,397,15,"Catonsville, MD, United States",MD,US,0.9933993399339934,4206,true,false,,Satin Gold Top,2026-04-23T18:41:18+00:00
listed,2026-04-23T20:19:18.48+00:00,https://reverb.com/item/96311010-prs-s2-vela-2024-usa-pickups-gloss-finish-factory-case-nice,PRS,PRS S2,S2 Vela,Usa Gloss,,,,Excellent,1015,,,Nick W's Guitar Candy,reverb,modean,663012207478571038,,0,476,34,"Bakersfield, CA, United States",CA,US,0.9954098360655738,4504,true,false,US,,2026-04-23T17:46:52+00:00
listed,2026-04-23T20:46:31.39+00:00,https://reverb.com/item/95026169-autographed-dokken-full-band-signed-fender-stratocaster-style-guitar-w-coa-don-dokken-george-lynch-jeff-pilson-mick-brown,Fender,Fender Japan,Stratocaster,,,,,Excellent,900,,,Paul's Gear Outlet,reverb,yellowjack6,908889503173857351,,,72,3,"Mobile, AL, United States",AL,US,1,1,false,false,MX,Black,2026-03-13T23:14:34+00:00
fake_removed,2026-04-23T21:03:19.47+00:00,https://reverb.com/item/95026169-autographed-dokken-full-band-signed-fender-stratocaster-style-guitar-w-coa-don-dokken-george-lynch-jeff-pilson-mick-brown,Fender,Fender Japan,Stratocaster,,,,,Excellent,900,,,Paul's Gear Outlet,reverb,yellowjack6,908889503173857351,40.9,,72,3,"Mobile, AL, United States",AL,US,1,1,false,false,MX,Black,2026-03-13T23:14:34+00:00
sold,2026-04-23T21:03:31.068+00:00,https://reverb.com/item/96304642-bc-rich-nj-series-80-90-s-red-signed-poison-whitesnake,BC Rich,BC Rich Import,NJ Series 80-90's,,,,,Very Good,999,999,,Paul's Gear Outlet,reverb,yellowjack6,908889503173857351,0.4,2,160,15,"Mobile, AL, United States",AL,US,1,1,false,false,US,Red,2026-04-23T11:59:26+00:00
listed,2026-04-23T21:18:30.653+00:00,https://reverb.com/item/86581377-fender-jaguar-2000-s-shoreline-gold,Fender,Fender Custom Shop,Jaguar,,,,,Excellent,5243,,,Julian's Gear Garage,reverb,scottcorgan,103469574581669888,,0,1913,51,"Perth, Australia",WA,AU,0,0,false,false,US,Shoreline Gold,2025-01-12T01:47:52+00:00
listed,2026-04-23T21:21:18+00:00,https://reverb.com/item/96314981-1982-yamaha-sg3000-custom-prototype-one-off-hsh-gold-w-case,Yamaha,Yamaha SG/SA Premium,SG,,,,,Excellent,3700,,,Mike & Mike's Guitar Bar,reverb,theguitarpit,602222337923743754,,0,512,35,"Seattle, WA, United States",WA,US,0.9994594594594595,7294,true,false,,Gold,2026-04-23T21:00:54+00:00
sold,2026-04-23T22:34:24.614+00:00,https://reverb.com/item/96281871-1990-hamer-usa-chaparral-elite-with-sustainiac-marble-with-ohsc,Hamer,Hamer USA Vintage,Chaparral Elite With,,1990,,,,5000,5000,,,reverb,theguitarpit,602222337923743754,1.1,,,,,,,,,,,,,2026-04-22T20:56:51+00:00
listed,2026-04-24T01:07:43.304+00:00,https://reverb.com/item/96326624-echopark-el-cabillo-case-study-koa-top-2015,Echopark,Echopark,EL Cabillo Case,,,,,Very Good,3099,,,haig's Gear Bazaar,reverb,theguitarpit,602222337923743754,,0,375,27,"La Canada Flintridge, CA, United States",CA,US,1,95,true,false,,,2026-04-24T00:38:59+00:00
listed,2026-04-24T01:15:49.449+00:00,https://reverb.com/item/96327710-dunable-asteroid-usa-custom-shop-hot-rod-finish,Dunable,,Asteroid Hot Rod,Usa Custom Shop,,,,Excellent,4800,,,Rusty’s Gear ,reverb,theguitarpit,602222337923743754,,0,457,24,"Katy, TX, United States",TX,US,1,99,false,false,US,Custom Hot Rod Finish,2026-04-24T01:00:50+00:00
price_changed,2026-04-24T01:34:39.454+00:00,https://reverb.com/item/95914392-hamer-usa-t-51-1993-butterscotch,Hamer,Hamer Import,T-51 Butterscotch,,1993,,,,1650,,,,reverb,modean,663012207478571038,,,,,,,,,,,,,,
removed,2026-04-24T01:35:44.148+00:00,https://reverb.com/item/81824915-charvel-pro-mod-so-cal-style-2-hh-2pt-cm-ash-in-black-ash-w-free-pro-setup,Charvel,Charvel Pro-Mod,PT,,2024,,,,830,,,,reverb,greg1213,288303791109963776,3.4,,,,,,,,,,,,,
sold,2026-04-24T01:37:51.299+00:00,https://www.chicagomusicexchange.com/collections/new-arrivals/products/yamaha-fs9-r-natural-2539645,Yamaha,,FS9,,,,,,2995,,,,other,shteefe,415010947871277068,5.2,,,,,,,,,,,,,
listed,2026-04-24T02:23:58.87+00:00,https://reverb.com/item/96286240-2020-fender-japan-mij-heritage-60s-telecaster-custom-sunburst-nitro-double-bound-tweed-hsc,Fender,Fender Japan,Telecaster,Mij 60s,,,,Excellent,1699,,,Guitar Chimp,reverb,greg1213,288303791109963776,,0,344,18,"Salt Lake City, UT, United States",UT,US,0.9985185185185185,3243,true,false,JP,Sunburst,2026-04-22T21:09:58+00:00
listed,2026-04-24T03:20:33.287+00:00,https://reverb.com/item/95257496-1980s-guild-x-79-skyhawk-black-yellow-bengal-stripes-ad10668,Guild,,1980s X-79 Skyhawk,,,,,Good,2719,,,Thunder Road Guitars PDX,reverb,yellowjack6,908889503173857351,,0,603,44,"Portland, OR, United States",OR,US,0.996,2268,true,false,,Black & Yellow Bengal Stripes,2026-03-21T00:06:25+00:00
listed,2026-04-24T03:38:32.825+00:00,https://reverb.com/item/94758681-rick-toone-spearfish-blueprint-2025-custom-blueprint-stain,Rick Toone,,"Spearfish ""Blueprint"" Blueprint",,,,,Very Good,14450,,,Matt's Gear Outlet,reverb,theguitarpit,602222337923743754,,0,635,25,"Kenner, LA, United States",LA,US,1,332,true,false,US,Custom Blueprint Stain,2026-03-02T16:42:10+00:00
listed,2026-04-24T03:54:51.798+00:00,https://reverb.com/item/94135869-gibson-les-paul-recording-1973-headstock-repair-factory-refurbished-natural,Gibson,Gibson USA,Les Paul,,,,,Good,2000,,,Mahar's Vintage Guitars,reverb,theguitarpit,602222337923743754,,0,415,36,"Chico, CA, United States",CA,US,0.9928571428571429,1377,true,false,US,Natural,2026-04-24T03:16:38+00:00
listed,2026-04-24T04:22:51.17+00:00,https://reverb.com/item/95619581-fodera-imperial-custom,Fodera,Fodera,Imperial,,,,,Excellent,8300,,,Salvador's Gear Outlet,reverb,hibby_,230107654758858753,,8,1136,41,"Bridgeview, IL, United States",IL,US,1,8,false,false,US,,2026-04-03T05:22:36+00:00
listed,2026-04-24T04:26:12.97+00:00,https://reverb.com/item/96320208,Ibanez,Ibanez Prestige,JEM777,,,,,Very Good,7019,,,Thunder Road Guitars,reverb,shoegazee_,1396700009130491906,,0,370,34,"Seattle, WA, United States",WA,US,0.998165137614679,3985,true,false,,Shocking Pink,2026-04-23T22:38:54+00:00
listed,2026-04-24T04:28:03.281+00:00,https://reverb.com/item/96314981,Yamaha,Yamaha SG/SA Premium,SG,,,,,Excellent,3700,,,Mike & Mike's Guitar Bar,reverb,shoegazee_,1396700009130491906,,0,511,35,"Seattle, WA, United States",WA,US,0.9994594594594595,7294,true,false,,Gold,2026-04-23T21:00:54+00:00
listed,2026-04-24T04:29:16.582+00:00,https://reverb.com/item/93292180-fodera-custom-imperial-elite-5-bloodwood-top-w-5-piece-maple-neck-abalone-block-inlay-ebony-fb-ebony-ramp,Fodera,Fodera,Imperial Elite 5-Bloodwood,,,,,Brand New,14670,,,Music Force Global Networks,reverb,hibby_,230107654758858753,,0,1009,27,"Seoul, Korea, Republic of",11,KR,0.9877862595419847,262,false,false,US,Bloodwood Top,2025-11-26T07:42:52+00:00
listed,2026-04-24T04:30:52.255+00:00,https://reverb.com/item/95313808-yamaha-sg-1000-c-1980-pepto-pink-original-vintage-mij-japan-custom-color,Yamaha,Yamaha SG/SA Premium,original,Mij,,,,Good,2495,,,The Bonfires Vintage,reverb,madero,126233894897975296,,0,809,45,"Portland, OR, United States",OR,US,0.9840336134453782,12000,true,false,JP,Pepto Pink,2026-03-22T18:22:39+00:00
listed,2026-04-24T04:31:49.641+00:00,https://reverb.com/item/96322577,PGM Moon,,Stratocaster,,,,,Excellent,1600,,,Mike & Mike's Guitar Bar,reverb,shoegazee_,1396700009130491906,,0,337,21,"Seattle, WA, United States",WA,US,0.9994594594594595,7294,true,false,,Natural,2026-04-23T23:17:14+00:00
listed,2026-04-24T04:41:14.049+00:00,https://reverb.com/item/95700544-infinite-used-trad-t-light-aged-lake-placid-blue,Infinite,,USED ​��Trad T Light Aged (Lake Placid Blue),,,,,Very Good,1756,,,Ikebe Music ,reverb,theguitarpit,602222337923743754,,0,235,5,"Tokyo, Japan",TOKYO,JP,0.9761467889908256,1355,false,,,Light,2026-04-05T10:42:07+00:00
price_changed,2026-04-24T05:33:43.618+00:00,https://reverb.com/item/96327710-dunable-asteroid-usa-custom-shop-hot-rod-finish,Dunable,,Asteroid Hot Rod,Usa Custom Shop,,,,Excellent,4800,,5200,Rusty’s Gear ,reverb,theguitarpit,602222337923743754,,0,457,24,"Katy, TX, United States",TX,US,1,99,false,false,US,Custom Hot Rod Finish,2026-04-24T01:00:50+00:00
price_changed,2026-04-24T05:37:02.595+00:00,https://reverb.com/item/96132304-tokai-love-rock-ebony,Tokai,,Love Rock,,2025,,,,1175,,,,reverb,theguitarpit,602222337923743754,,,,,,,,,,,,,,
sold,2026-04-24T09:37:38.216+00:00,https://reverb.com/item/96060825,Parker,Parker Fly,DF824,,,,,,2750,2750,,,reverb,erparadox,1079314830508445696,8.5,,,,,,,,,,,,,2026-04-15T20:26:33+00:00
sold,2026-04-24T10:34:56.433+00:00,https://reverb.com/item/96280505-fender-limited-edition-american-professional-stratocaster-with-rosewood-neck-2018-ohsc-gorgeous,Fender,Fender USA,Stratocaster,,2018,,,,1240,1240,,,reverb,modean,663012207478571038,1.7,,,,,,,,,,,,,2026-04-22T17:47:43+00:00
price_changed,2026-04-24T13:35:08.654+00:00,https://reverb.com/item/94220078-2008-esp-standard-eclipse-ii-snow-white-sw-aged-to-vintage-emg-w-ohsc?bk=eyJhbGciOiJIUzI1NiJ9.eyJqdGkiOiI3ZDM0MTVhNi03MmUyLTRlODgtOTlmZS01ODg1YzU0YWY5NWEiLCJpYXQiOjE3NzY4MzQxOTQsInVzZXJfaWQiOiI1MTMyOTY5Iiwic2Vzc2lvbl9pZCI6IjM4ZTcyZGU1LTllZTMtNGQzNC04YmJlLTJiOTNhMTQ2MmUwMSIsImNvb2tpZV9pZCI6IjU1NmUxNWZkLWIzNGYtNGJmMC1iZDNmLTVjODBmMzZmYzIzNyIsInByb2R1Y3RfaWQiOiI5NDIyMDA3OCIsInNvdXJjZSI6Ik5PTkUifQ.xclbzFuOUhGvWRKs3XcYAbDZSLp0AHbyyXf6U_ymkP8,ESP,ESP USA,Standard,,2008,,,,2099,,,,reverb,madero,126233894897975296,,,,,,,,,,,,,,2026-04-11T20:45:12+00:00
price_changed,2026-04-24T13:35:33.213+00:00,https://reverb.com/item/95721158-kiesel-aries-6-evertune-a6e-matte-blood-red-w-ohsc,Kiesel,Kiesel / Carvin,Aries Evertune A6E,,2020,,,,1499,,,,reverb,scottcorgan,103469574581669888,,,,,,,,,,,,,,
sold,2026-04-24T13:36:27.191+00:00,https://reverb.com/item/96135403-valiant-titan-almond-burst-satin-2025-near-mint-7-lbs-3oz,Valiant,,Titan,,2025,,,,2865,2865,,,reverb,modean,663012207478571038,6.4,,,,,,,,,,,,,2026-04-18T04:35:13+00:00
price_changed,2026-04-24T13:37:14.422+00:00,https://reverb.com/item/95576653-prs-s2-singlecut-standard-modified-lp-jr-vibe,PRS,PRS Core,S2 Singlecut,,,,,,675,,,,reverb,scottcorgan,103469574581669888,,,,,,,,,,,,,,
listed,2026-04-24T14:00:25.898+00:00,https://reverb.com/item/96313872-gibson-j45-studio-walnut-acoustic-electric-natural-2023,Gibson,Gibson USA,J45 Studio Walnut,,,,,Excellent,1544,,,Private party,reverb,greg1213,288303791109963776,,0,239,7,"Santa Fe, NM, United States",NM,US,1,86,false,false,US,Top Gloss,2026-04-23T22:50:29+00:00
listed,2026-04-24T14:17:15.08+00:00,https://www.guitarworld.com/artists/guitarists/jake-kiszka-gibson-sg-standard-signature-model,Gibson,Gibson USA,SG,Signature,,,,,,,,,news,shoegazee_,1396700009130491906,,,,,,,,,,,,,,
listed,2026-04-24T14:42:04.431+00:00,https://highvoltageguitars.com/collections/castedosa-guitars/products/castedosa-marianna-standard-olympic-white-518,Castedosa,Castedosa,Standard,,,,,,8080,,,,news,scottcorgan,103469574581669888,,,,,,,,,,,,,,
listed,2026-04-24T14:46:50.686+00:00,https://reverb.com/item/96348449-evertune-upgraded-prs-se-bernie-marsden-2011-2015-vintage-sunburst,PRS,PRS SE,EVERTUNE UPGRADED SE,Evertune Se,,,,Excellent,1499,,,Carl's Boutique,reverb,scottcorgan,103469574581669888,,0,291,11,"Green Bay, WI, United States",WI,US,1,13,false,false,KR,Vintage Sunburst,2026-04-24T07:48:47+00:00
listed,2026-04-24T14:51:50.233+00:00,https://reverb.com/item/96309270-prs-reclaimed-limited-peroba-rosa-s2-vela-semi-hollow-2017-natural,PRS,PRS S2,S2 Vela,Limited Semi-hollow,,,,Very Good,2000,,,John's Gear,reverb,scottcorgan,103469574581669888,,3,325,34,"Dallas, NC, United States",NC,US,1,80,false,false,US,Natural,2026-04-23T17:21:01+00:00
listed,2026-04-24T15:03:12.409+00:00,https://reverb.com/item/96367798-b-c-rich-bich-1986-custom-pearl-red,BC Rich,BC Rich USA Custom Shop,Bich Pearl,,,,,Very Good,4499,,,Lake Silver Guitars,reverb,yellowjack6,908889503173857351,,1,700,57,"Tampa, FL, United States",FL,US,1,27,false,false,US,Pearl Red,2026-04-24T14:45:45+00:00
listed,2026-04-24T15:11:50.104+00:00,https://reverb.com/item/96211174-fender-coronado-ii-66-72-sunburst,Fender,Fender Custom Shop,Coronado,,,,,Good,2499,,,Gladmore™️,reverb,scottcorgan,103469574581669888,,2,365,17,"Lyons, CO, United States",CO,US,1,176,false,false,US,Sunburst (Someburst),2026-04-21T00:38:50+00:00
listed,2026-04-24T15:29:38.657+00:00,https://reverb.com/item/96368381-b-c-rich-stealth-usa-custom-shop-chuck-schuldiner,BC Rich,BC Rich USA Custom Shop,Stealth Chuck Schuldiner,Usa Custom Shop,,,,Excellent,6499,,,Lake Silver Guitars,reverb,yellowjack6,908889503173857351,,0,619,41,"Tampa, FL, United States",FL,US,1,27,false,false,US,Black,2026-04-24T15:22:43+00:00
listed,2026-04-24T15:48:14.331+00:00,https://reverb.com/item/85732695-dean-usa-patents-pending-ml-classic-black-open-box,Dean,,Classic,Usa,,,,Mint,2390,,,ProAudioStar,reverb,yellowjack6,908889503173857351,,3,1655,91,"Brooklyn, NY, United States",NY,US,0.9941517351628588,186571,true,,,678,2024-11-18T13:36:28+00:00
listed,2026-04-24T16:37:57.702+00:00,https://reverb.com/item/96327586-aristides-020-factory-paperwork-hsc-great-condition-gold-hardware-2013-model,Aristides,Aristides,020,,,,,Excellent,2285,,,Nick W's Guitar Candy,reverb,theguitarpit,602222337923743754,,0,566,28,"Bakersfield, CA, United States",CA,US,0.9954098360655738,4504,true,false,NL,,2026-04-24T16:31:06+00:00
price_changed,2026-04-24T17:34:50.83+00:00,https://reverb.com/item/96292946,Gibson,Gibson USA,Les Paul Custom,,1979,,,,4199,,,,reverb,shoegazee_,1396700009130491906,,,,,,,,,,,,,,
sold,2026-04-24T17:35:23.657+00:00,https://reverb.com/item/96254475-lado-elite-2001-blue-burst,Lado,,Elite,,2001,,,,1699,1699,,,reverb,yellowjack6,908889503173857351,2.7,,,,,,,,,,,,,2026-04-22T01:05:26+00:00
listed,2026-04-24T18:01:44.79+00:00,https://reverb.com/item/96371007-2018-fender-special-edition-player-telecaster-olive-w-tk-smith-pickups-mx18193934,Fender,Fender Mexico,Telecaster,Player,,,,Excellent,2179,,,Thunder Road Guitars PDX,reverb,scottcorgan,103469574581669888,,0,478,41,"Portland, OR, United States",OR,US,0.996,2268,true,false,MX,Olive,2026-04-24T17:28:00+00:00
sold,2026-04-24T18:05:10.317+00:00,https://reverb.com/item/96289706-prs-tremonti-stoptail-2015-charcoal-gray-smokeburst,PRS,PRS Core,Tremonti,,2015,,,,2500,2500,,,reverb,theguitarpit,602222337923743754,1.8,,,,,,,,,,,,,2026-04-22T23:11:57+00:00
listed,2026-04-24T19:14:02.825+00:00,https://reverb.com/item/96372168-shabat-lion-special-2024-similar-to-jd-model,Shabat,,Lion JD,,,,,Very Good,2500,,,Austin Guitar Repair Custom Shop,reverb,theguitarpit,602222337923743754,,4,266,34,"Nashville, TN, United States",TN,US,1,193,true,false,US,Metallic Gold/Black back,2026-04-24T18:34:30+00:00
sold,2026-04-24T19:34:53.069+00:00,https://reverb.com/item/96297406-luxxtone-tele,Luxxtone,,Telecaster,,,,,,2200,2200,,,reverb,theguitarpit,602222337923743754,1.7,,,,,,,,,,,,,2026-04-23T03:38:51+00:00
listed,2026-04-24T20:00:44.009+00:00,https://reverb.com/item/96099373-bc-rich-vg-2-2000s-chameleon-purple-very-rare-discontinued-bc-rich-line,BC Rich,BC Rich Import,Vg 2000s Chameleon,,,,,Very Good,650,,,Jacob's Gear Outlet,reverb,yellowjack6,908889503173857351,,3,942,59,"Kenosha, WI, United States",WI,US,0,0,false,false,US,Chameleon Purple,2026-04-16T22:39:33+00:00
listed,2026-04-24T20:18:02.973+00:00,https://guitarcenter.smart.link/0d5tbbro8?schemeUrl=GuitarCenterApp%3A%2F%2FProductDetailsPage%3FID%3Dsite5121614920&isStyle=true&producturl=Used%2FEtherial%2FUsed-Etherial-AZWEN-8-STRING-ALUMINUM-Solid-Body-Electric-Guitar-121614920.gc,,,,,,,,Used,2999.99,,,,news,shteefe,415010947871277068,,,,,,,,,,,,,,
listed,2026-04-24T20:21:11.465+00:00,https://guitarcenter.smart.link/0d5tbbro8?schemeUrl=GuitarCenterApp%3A%2F%2FProductDetailsPage%3FID%3Dsite5120996913&isStyle=true&producturl=Used%2FBad-Cat%2FUsed-Bad-Cat-Cub-II-15R-Sampson-Era-15W-1x12-Tube-Guitar-Combo-Amp-120996913.gc,Bad Cat,,Cub II 15R,,,,,Used,1599.99,,,,news,shteefe,415010947871277068,,,,,,,,,,,,,,
listed,2026-04-24T20:24:32.871+00:00,https://waltgracevintage.com/products/gibson-les-paul-special-tribute-doublecut-blue-stain,Gibson,Gibson USA,Les Paul Special,,,,,,599,,,,marketplace,mastermachetier,325023200788480002,,,,,,,,,,,,,,
listed,2026-04-24T20:26:38.378+00:00,https://guitarcenter.smart.link/0d5tbbro8?schemeUrl=GuitarCenterApp%3A%2F%2FProductDetailsPage%3FID%3Dsite5121155203&isStyle=true&producturl=Used%2FMarkott%2FUsed-Markott-Carved-Top-Super-Strat-Natural-Black-Solid-Body-Electric-Guitar-121155203.gc,Markott,,Stratocaster,,,,,Used,899.99,,,,news,shteefe,415010947871277068,,,,,,,,,,,,,,
listed,2026-04-24T20:27:31.017+00:00,https://reverb.com/item/91224791-prs-standard-24-satin-in-frost-blue-metallic,PRS,PRS Core,Standard,Satin,,,,Brand New,3500,,,Casino Guitars,reverb,theguitarpit,602222337923743754,,0,325,10,"Southern Pines, NC, United States",NC,US,0.998780487804878,328,true,,US,Metallic,2025-07-01T19:36:21+00:00
listed,2026-04-24T20:29:07.129+00:00,https://reverb.com/item/28194503-markott-carved-top-super-strat-black-gold,Markott,,Stratocaster,,,,,Brand New,1983,,,Markott Lutherie,reverb,shteefe,415010947871277068,,,893,12,"Montreal, Canada",QC,CA,1,7,false,true,CA,Black Oil,2019-09-22T22:55:04+00:00
listed,2026-04-24T20:49:39.537+00:00,https://reverb.com/item/96374643-dean-zelinsky-strettavita-quilt-top,Dean Zelinsky,,Strettavita Quilt Top,,,,,Excellent,1200,,,Spencer's Gear Outlet,reverb,theguitarpit,602222337923743754,,0,265,5,"Boston, MA, United States",MA,US,0,0,false,false,US,Tobacco burst,2026-04-24T20:45:23+00:00
listed,2026-04-24T21:02:19.626+00:00,https://reverb.com/item/96371671-1999-prs-mccarty-soapbar-10-electric-guitar-black-brown-woodgrain-with-case,PRS,PRS Core,McCarty,,,,,Good,4000,,,SUPERPAWN Music Headquarters,reverb,scottcorgan,103469574581669888,,0,272,9,"Lisbon, MD, United States",MD,US,0.9816901408450704,426,true,false,,Glossy,2026-04-24T17:57:51+00:00
price_changed,2026-04-24T21:15:28.289+00:00,https://reverb.com/item/96327586-aristides-020-factory-paperwork-hsc-great-condition-gold-hardware-2013-model,Aristides,Aristides,020,,,,,Excellent,2285,,2395,Nick W's Guitar Candy,reverb,theguitarpit,602222337923743754,,0,566,28,"Bakersfield, CA, United States",CA,US,0.9954098360655738,4504,true,false,NL,,2026-04-24T16:31:06+00:00
price_changed,2026-04-24T21:15:44.457+00:00,https://reverb.com/item/96313872-gibson-j45-studio-walnut-acoustic-electric-natural-2023,Gibson,Gibson USA,J45 Studio Walnut,,,,,Excellent,1544,,1599,Private party,reverb,greg1213,288303791109963776,,0,239,7,"Santa Fe, NM, United States",NM,US,1,86,false,false,US,Top Gloss,2026-04-23T22:50:29+00:00
price_changed,2026-04-24T21:17:11.39+00:00,https://reverb.com/item/96287614-ibanez-ar350-pw-artist-1985-polar-white,Ibanez,Ibanez J.Custom,AR350,,1985,,,,1845,,,,reverb,theguitarpit,602222337923743754,,,,,,,,,,,,,,2026-04-22T23:03:25+00:00
removed,2026-04-24T21:18:34.654+00:00,https://reverb.com/item/93998802-esp-standard-series-viper-baritone-gloss-black-2005-2015-w-ohsc,ESP,LTD,Standard,,2015,,,,1900,,,,reverb,yellowjack6,908889503173857351,4.3,,,,,,,,,,,,,
price_changed,2026-04-24T21:19:27.32+00:00,https://reverb.com/item/91719964-gibson-custom-shop-1957-les-paul-standard-mahogany-top-walnut-murphy-lab-heavy-aged-serial-75824,Gibson,Gibson Custom Shop,Les Paul Standard,,,,,,6065,,,,reverb,scottcorgan,103469574581669888,,,,,,,,,,,,,,
listed,2026-04-24T21:36:14.372+00:00,https://reverb.com/item/96370547-b-c-rich-rich-b-legacy-doubleneck-electric-guitar-trans-red-richbldtrd2,BC Rich,,Legacy,,,,,B-Stock,1710,,,GearNuts,reverb,yellowjack6,908889503173857351,,0,224,14,"Columbia City, IN, United States",IN,US,0.9954159212880144,121864,true,,,Trans Red,2026-04-24T20:07:20+00:00
listed,2026-04-24T21:56:08.076+00:00,https://dunableguitars.com/products/yeti-mint-pearl-body-natural-oil-neck-26176,,,,,,,,,3,,,,other,madero,126233894897975296,,,,,,,,,,,,,,
listed,2026-04-24T21:56:08.076+00:00,https://dunableguitars.com/products/yeti-mint-pearl-body-natural-oil-neck-26176,,,,,,,,,3,,,,other,madero,126233894897975296,,,,,,,,,,,,,,
listed,2026-04-24T22:29:36.457+00:00,https://www.guitarcenter.com/Used/Echopark/Used-Echopark-Clarence-Ross-Natural-Solid-Body-Electric-Guitar.gc,Echopark,Echopark,Clarence Ross Solid,,,,,Used,2599.99,,,,marketplace,scottcorgan,103469574581669888,,,,,,,,,,,,,,
listed,2026-04-24T22:32:00.439+00:00,https://reverb.com/item/96377300-1984-navigator-by-esp-char-signature-model-cm-160-black-japan,Navigator,,by ESP Char,Signature,,,,Excellent,1080,,,Mike & Mike's Guitar Bar,reverb,theguitarpit,602222337923743754,,0,324,36,"Seattle, WA, United States",WA,US,0.9994594594594595,7294,true,false,,Black,2026-04-24T22:26:39+00:00
listed,2026-04-24T23:13:29.649+00:00,https://reverb.com/item/96375520-1989-b-c-rich-ironbird-bass-guitar-red-nsn,BC Rich,BC Rich USA Custom Shop,Ironbird Bass Guitar,,,,,Very Good,6529,,,Thunder Road Guitars PDX,reverb,yellowjack6,908889503173857351,,0,1316,68,"Portland, OR, United States",OR,US,0.996,2268,true,false,US,Red,2026-04-24T21:24:39+00:00
listed,2026-04-24T23:21:50.384+00:00,https://reverb.com/item/96375633-fender-75th-anniversary-american-ultra-ii-telecaster-2026-liquid-gold-build,Fender,Fender USA,Telecaster,American Ultra,,,,Excellent,2000,,,Joshua’s Store (Local luthier),reverb,scottcorgan,103469574581669888,,1,764,21,"Bettendorf, IA, United States",IA,US,1,97,false,true,US,Liquid Gold,2026-04-24T21:41:24+00:00
listed,2026-04-24T23:22:38.044+00:00,https://reverb.com/item/96379477-1991-levinson-blade-mg-2-offset-electric-guitar-trans-black-w-active-eq-boost-japan,Levinson Blade,,Offset,,,,,Excellent,1800,,,Mike & Mike's Guitar Bar,reverb,theguitarpit,602222337923743754,,0,291,21,"Seattle, WA, United States",WA,US,0.9994594594594595,7294,true,false,,Transparent Black,2026-04-24T23:19:44+00:00
listed,2026-04-25T01:02:17.474+00:00,https://www.lewisguitars.com/product/leamy-lake-green-2,,,,,,,,,1674.14,,,,news,scottcorgan,103469574581669888,,,,,,,,,,,,,,
price_changed,2026-04-25T01:10:16.167+00:00,https://reverb.com/item/96375633-fender-75th-anniversary-american-ultra-ii-telecaster-2026-liquid-gold-build,Fender,Fender USA,Telecaster,American Ultra,,,,Excellent,2000,,2101,Joshua’s Store (Local luthier),reverb,scottcorgan,103469574581669888,,1,764,21,"Bettendorf, IA, United States",IA,US,1,97,false,true,US,Liquid Gold,2026-04-24T21:41:24+00:00
price_changed,2026-04-25T01:11:54.652+00:00,https://reverb.com/ca/item/52847532-2014-gibson-es-359-vintage-sunburst,Gibson,Gibson USA,ES-359,,,,,Very Good,4169,,,Jordan Guitars Ltd,reverb,shoegazee_,1396700009130491906,,3,919,32,"LEICESTER, United Kingdom",ENG,GB,1,177,true,false,US,Sunburst,2026-04-18T10:14:08+00:00
price_changed,2026-04-25T01:12:43.428+00:00,https://reverb.com/item/95508174,Jackson,Jackson USA Custom Shop,Dinky,,2026,,,,3439,,,,reverb,shoegazee_,1396700009130491906,,,,,,,,,,,,,,
price_changed,2026-04-25T01:13:22.931+00:00,https://reverb.com/uk/item/95867735-vigier-excalibur-surfreter-special-fretless-diamond-black-gold-hardware-2011-hard-case,Vigier,Vigier,Excalibur Surfreter Special,,,,,,4055,,,,reverb,ynid,83552549902225408,,,,,,,,,,,,,,
price_changed,2026-04-25T01:13:36.718+00:00,https://reverb.com/item/95371311-eastman-sb56-n-gold-top-used,Eastman,Eastman,SB56/n Top,,,,,,1663,,,,reverb,theguitarpit,602222337923743754,,,,,,,,,,,,,,
price_changed,2026-04-25T01:13:53.229+00:00,https://reverb.com/uk/item/95771790-new-fender-custom-shop-flamethrower-telecaster-custom-journeyman-relic-modern-specs-texas-special-pick-ups-aaaa-flamed-neck-purple-sparkle-authorized-dealer-7-6lbs-g06941,Fender,Fender Custom Shop,Telecaster,,2026,,,,4294,,,,reverb,ynid,83552549902225408,,,,,,,,,,,,,,
price_changed,2026-04-25T01:13:55.425+00:00,https://reverb.com/uk/item/95508174-new-jackson-custom-shop-dinky-hsh-roasted-maple-neck-fretboard-dk-shell-pink-authorized-dealer-8-1-lbs-g06854,Jackson,Jackson USA Custom Shop,Dinky,,2026,,,,3439,,,,reverb,ynid,83552549902225408,,,,,,,,,,,,,,
listed,2026-04-25T02:14:30.316+00:00,https://reverb.com/item/96307721-prs-20th-anniversary-custom-22-stoptail-2005-ruby,PRS,PRS Core,Custom 22,,,,,Very Good,1500,,,Brian's Gear,reverb,theguitarpit,602222337923743754,,1,55,5,"Fort Bragg, CA, United States",CA,US,0,0,false,false,US,Ruby,2026-04-25T01:46:35+00:00
listed,2026-04-25T02:15:26.336+00:00,https://reverb.com/item/96341834-ibanez-rg652kfx-kb-prestige-please-read-rh-6-string-electric-guitar-evertune-bridge-fishman-fluence-gotoh-locking-tuners,Ibanez,Ibanez Prestige,Prestige,Evertune,,,,Good,1220,,,Revilo's Music Bevilo,reverb,theguitarpit,602222337923743754,,0,733,32,"Waterford, PA, United States",PA,US,1,274,false,false,JP,,2026-04-25T02:03:28+00:00
listed,2026-04-25T02:21:46.91+00:00,https://reverb.com/item/96382261-1995-burny-eb-95x-heath-x-japan-signature-model-bc-rich-eagle,Burny,,EB-95X Heath/X model,Signature,,,,Very Good,995,,,John's Shop,reverb,yellowjack6,908889503173857351,,0,237,21,"Arden, NC, United States",NC,US,1,40,false,false,JP,Black and white,2026-04-25T01:02:33+00:00
fake_removed,2026-04-25T02:23:50.867+00:00,https://reverb.com/item/96307721-prs-20th-anniversary-custom-22-stoptail-2005-ruby,PRS,PRS Core,Custom 22,,,,,Very Good,1500,,,Brian's Gear,reverb,theguitarpit,602222337923743754,0,1,55,5,"Fort Bragg, CA, United States",CA,US,0,0,false,false,US,Ruby,2026-04-25T01:46:35+00:00
brand_categorized,2026-04-25T03:04:24.726+00:00,https://reverb.com/item/93198290-1985-robin-wedge-custom-electric-guitar-rare-set-neck-white-pearl-original-clean,Robin,,Original,,1985,,,,2200,,,,reverb,yellowjack6,908889503173857351,,,,,,,,,,,,,,
brand_categorized,2026-04-25T03:04:24.726+00:00,https://reverb.com/item/94878813-robin-wedge-1980s-custom-abstract-airbrush-finish-employee-build-about-mint-w-kahler-and-hsc,Robin,,Wedge 1980s Abstract,,,,,,2500,,,,reverb,yellowjack6,908889503173857351,,,,,,,,,,,,,,
brand_categorized,2026-04-25T03:04:30.99+00:00,https://reverb.com/item/76988182,SAITO,,GSB019,,2023,,,,1538,,,,reverb,shoegazee_,1396700009130491906,,,,,,,,,,,,,,
brand_categorized,2026-04-25T03:04:37.273+00:00,https://reverb.com/item/96297406-luxxtone-tele,Luxxtone,,Telecaster,,,,,,2200,,,,reverb,theguitarpit,602222337923743754,,,,,,,,,,,,,,2026-04-23T03:38:51+00:00
brand_categorized,2026-04-25T03:04:43.488+00:00,https://reverb.com/item/96322577,PGM Moon,,Stratocaster,,,,,Excellent,1600,,,Mike & Mike's Guitar Bar,reverb,shoegazee_,1396700009130491906,,0,337,21,"Seattle, WA, United States",WA,US,0.9994594594594595,7294,true,false,,Natural,2026-04-23T23:17:14+00:00
brand_categorized,2026-04-25T03:04:49.997+00:00,https://reverb.com/item/28194503-markott-carved-top-super-strat-black-gold,Markott,,Stratocaster,,,,,Brand New,1983,,,Markott Lutherie,reverb,shteefe,415010947871277068,,,893,12,"Montreal, Canada",QC,CA,1,7,false,true,CA,Black Oil,2019-09-22T22:55:04+00:00
brand_categorized,2026-04-25T03:04:49.997+00:00,https://guitarcenter.smart.link/0d5tbbro8?schemeUrl=GuitarCenterApp%3A%2F%2FProductDetailsPage%3FID%3Dsite5121155203&isStyle=true&producturl=Used%2FMarkott%2FUsed-Markott-Carved-Top-Super-Strat-Natural-Black-Solid-Body-Electric-Guitar-121155203.gc,Markott,,Stratocaster,,,,,Used,899.99,,,,news,shteefe,415010947871277068,,,,,,,,,,,,,,
brand_categorized,2026-04-25T03:04:56.238+00:00,https://reverb.com/item/96379477-1991-levinson-blade-mg-2-offset-electric-guitar-trans-black-w-active-eq-boost-japan,Levinson Blade,,Offset,,,,,Excellent,1800,,,Mike & Mike's Guitar Bar,reverb,theguitarpit,602222337923743754,,0,291,21,"Seattle, WA, United States",WA,US,0.9994594594594595,7294,true,false,,Transparent Black,2026-04-24T23:19:44+00:00
listed,2026-04-25T03:08:03.691+00:00,https://reverb.com/item/96374127-prs-custom-24-electric-guitar-1987-vintage-yellow,PRS,PRS Core,Custom 24,,,,,Good,6895,,,MIDWEST BUY & SELL CHICAGO,reverb,sunny_00,363041371956969472,,0,327,14,"Chicago, IL, United States",IL,US,1,1791,true,false,US,Vintage yellow,2026-04-24T20:23:59+00:00
listed,2026-04-25T05:44:55.124+00:00,https://www.guitarscanada.com/threads/2024-gibson-custom-shop-murphy-lab-58-es-335-reissue-light-aged.341366,Gibson,Gibson Custom Shop,ES-335,Custom Shop Murphy Lab,,,,,6500,,,,news,shoegazee_,1396700009130491906,,,,,,,,,,,,,,
listed,2026-04-25T13:24:47.023+00:00,https://reverb.com/item/95134345-black-bobbin-phantone-vi-coralline-sparkle-store-stock,Black Bobbin,,Phantone VI,,,,,Excellent,2969,,,Black Bobbin,reverb,shteefe,415010947871277068,,1,382,19,"Chicago, IL, United States",IL,US,0.9963855421686747,166,true,false,,Coralline Sparkle Store Stock,2026-03-17T13:38:51+00:00
listed,2026-04-25T13:28:46.283+00:00,https://www.chicagomusicexchange.com/products/black-bobbin-phantone-black-serial-0031-2337736,,,,,,,,Brand New,3899,,,,marketplace,shteefe,415010947871277068,,,,,,,,,,,,,,
listed,2026-04-25T14:41:47.507+00:00,https://reverb.com/uk/item/87364644-caparison-guitars-dellinger-ii-ef-electric-guitar-interstellar-black,Caparison,Caparison,Dellinger II EF,,,,,Mint,2200,,,Jack’s Gear & Guitars,reverb,ynid,83552549902225408,,0,861,30,"Timonium, MD, United States",MD,US,0.9945205479452055,73,false,false,JP,Interstellar Black,2025-02-20T12:32:06+00:00
listed,2026-04-25T15:01:51.619+00:00,https://reverb.com/item/95860160-caparison-angelus-hgs,Caparison,Caparison,Angelus HGS,,,,,Excellent,2500,,,Adam's Guitars,reverb,hibby_,230107654758858753,,0,433,19,"Greensburg, PA, United States",PA,US,0.9948717948717949,900,true,false,JP,,2026-04-10T23:19:49+00:00
sold,2026-04-25T15:22:46.457+00:00,https://reverb.com/item/94220078-2008-esp-standard-eclipse-ii-snow-white-sw-aged-to-vintage-emg-w-ohsc?bk=eyJhbGciOiJIUzI1NiJ9.eyJqdGkiOiI3ZDM0MTVhNi03MmUyLTRlODgtOTlmZS01ODg1YzU0YWY5NWEiLCJpYXQiOjE3NzY4MzQxOTQsInVzZXJfaWQiOiI1MTMyOTY5Iiwic2Vzc2lvbl9pZCI6IjM4ZTcyZGU1LTllZTMtNGQzNC04YmJlLTJiOTNhMTQ2MmUwMSIsImNvb2tpZV9pZCI6IjU1NmUxNWZkLWIzNGYtNGJmMC1iZDNmLTVjODBmMzZmYzIzNyIsInByb2R1Y3RfaWQiOiI5NDIyMDA3OCIsInNvdXJjZSI6Ik5PTkUifQ.xclbzFuOUhGvWRKs3XcYAbDZSLp0AHbyyXf6U_ymkP8,ESP,ESP USA,Standard,,2008,,,,2099,2099,,,reverb,madero,126233894897975296,13.8,,,,,,,,,,,,,2026-04-11T20:45:12+00:00
price_changed,2026-04-25T15:23:20.772+00:00,https://reverb.com/item/96229205-musikraft-telecaster-body-swamp-ash-vintage-aged-nitro-finish,Vintage,,Telecaster,,,,,,389,,,,reverb,greg1213,288303791109963776,,,,,,,,,,,,,,2026-04-21T12:43:46+00:00
listed,2026-04-25T15:40:14.391+00:00,https://www.guitarcenter.com/Used/Kiesel/Used-Kiesel-Osiris-6-Blue-Solid-Body-Electric-Guitar.gc?algoliaQueryID=5461857e5b02c4ef35924f75cfc2cc51&algoliaIndexName=cD-guitarcenter,Kiesel,Kiesel / Carvin,Osiris Solid Body,,,,,Used,1299.99,,,,marketplace,greg1213,288303791109963776,,,,,,,,,,,,,,
listed,2026-04-25T16:11:54.579+00:00,https://www.fuzzimp.com,,,,,,,,,,,,,news,greg1213,288303791109963776,,,,,,,,,,,,,,
listed,2026-04-25T16:53:19.965+00:00,https://www.guitarcenter.com/Used/Kiesel/Used-Kiesel-Solo-6-Trans-Amber-Solid-Body-Electric-Guitar-122153649.gc?algoliaQueryID=3fb9ea8d5e2e7535fe41551abf127a4c&algoliaIndexName=pHL-guitarcenter,Kiesel,Kiesel / Carvin,Solo,,,,,Used,1574.99,,,,marketplace,shteefe,415010947871277068,,,,,,,,,,,,,,
listed,2026-04-25T17:48:05.919+00:00,https://www.chicagomusicexchange.com/products/gibson-custom-shop-limited-edition-sg-custom-gloss-2523734,Gibson,Gibson Custom Shop,SG Custom,Custom Shop Limited Edition,,,,Brand New,6999,,,,marketplace,shteefe,415010947871277068,,,,,,,,,,,,,,
listed,2026-04-25T17:59:11.784+00:00,https://www.chicagomusicexchange.com/products/jackson-custom-shop-usa-special-edition-kelly-nitro-relic-2487089,Jackson,Jackson USA Custom Shop,Kelly,Custom Shop Usa,,,,Brand New,5999.99,,,,marketplace,shteefe,415010947871277068,,,,,,,,,,,,,,
listed,2026-04-25T19:07:26.475+00:00,https://reverb.com/item/96399213-g-l-legacy-usa-model-vintage-1997-98-birdseye-maple-neck-great-tone,G&L,G&L USA,Legacy,Usa,,,,Very Good,930,,,Nick W's Guitar Candy,reverb,modean,663012207478571038,,0,409,47,"Bakersfield, CA, United States",CA,US,0.9948220064724919,4498,true,false,US,,2026-04-25T17:55:00+00:00
listed,2026-04-25T19:17:15.994+00:00,https://www.chicagomusicexchange.com/products/fender-jazzmaster-candy-apple-red-1966-2448537,Fender,Fender Custom Shop,Jazzmaster,,,,,Good,11475,,,,marketplace,shteefe,415010947871277068,,,,,,,,,,,,,,
sold,2026-04-25T19:22:28.588+00:00,https://reverb.com/item/96287614-ibanez-ar350-pw-artist-1985-polar-white,Ibanez,Ibanez J.Custom,AR350,,1985,,,,1845,1845,,,reverb,theguitarpit,602222337923743754,2.8,,,,,,,,,,,,,2026-04-22T23:03:25+00:00
sold,2026-04-25T19:24:35.79+00:00,https://www.chicagomusicexchange.com/products/gibson-custom-shop-limited-edition-sg-custom-gloss-2523734,Gibson,Gibson Custom Shop,SG Custom,Custom Shop Limited Edition,,,,Brand New,6999,,,,marketplace,shteefe,415010947871277068,0.1,,,,,,,,,,,,,
listed,2026-04-25T19:32:00.834+00:00,https://www.chicagomusicexchange.com/products/eastman-sb55dcv-cherry-2502014,Eastman,Eastman,SB55DC/V,,,,,Used,1195,,,,marketplace,modean,663012207478571038,,,,,,,,,,,,,,
sold,2026-04-25T19:50:39.825+00:00,https://reverb.com/item/96372168-shabat-lion-special-2024-similar-to-jd-model,Shabat,,Lion JD,,,,,Very Good,2500,2500,,Austin Guitar Repair Custom Shop,reverb,theguitarpit,602222337923743754,1.1,4,266,34,"Nashville, TN, United States",TN,US,1,193,true,false,US,Metallic Gold/Black back,2026-04-24T18:34:30+00:00
listed,2026-04-25T19:53:45.515+00:00,https://reverb.com/item/96400538-rare-peavey-usa-custom-shop-5a-flame-wolfgang-special-body-neck,Peavey,,Rare 5A Flame,Usa Custom Shop,,,,Good,1199,,,LKW Guitars,reverb,theguitarpit,602222337923743754,,0,467,25,"Casper, WY, United States",WY,US,0.9965156794425087,287,true,false,US,Natural,2026-04-25T19:28:23+00:00
listed,2026-04-25T19:57:09.29+00:00,https://reverb.com/item/96400408-vigier-excalibur-shawn-lane-10th-anniversary-6-of-10-2013-paradise-white,Vigier,Vigier,Excalibur Shawn Lane,,,,,Excellent,9950,,,Uncle Shreddie’s Guitar Shop ,reverb,theguitarpit,602222337923743754,,0,447,27,"Columbia, SC, United States",SC,US,0.9981308411214953,321,true,false,FR,Paradise White,2026-04-25T19:14:48+00:00
listed,2026-04-25T20:15:37.691+00:00,https://reverb.com/item/96391411-gibson-j-160e-1970-s-acoustic-with-hard-case-used,Gibson,Gibson USA,J-160E 1970's Acoustic,,,,,Good,1399,,,Mill River Music & Guitar Shop,reverb,greg1213,288303791109963776,,0,123,16,"Northampton, MA, United States",MA,US,0.9951648351648351,6758,true,false,,,2026-04-25T07:14:29+00:00
listed,2026-04-25T21:17:35.105+00:00,https://reverb.com/item/96398014-vintage-rare-1960-s-julio-giulietti-model-a22-italian-semi-hollow,Vintage,,Semi-Hollow,1960,,,,Very Good,625,,,Biff Boogin's Guitars,reverb,greg1213,288303791109963776,,0,243,11,"Santa Fe, NM, United States",NM,US,0.9666666666666667,24,false,false,IT,Burgundy,2026-04-25T17:07:51+00:00
listed,2026-04-25T21:23:44.711+00:00,https://reverb.com/item/96313410,Charvel,,"Jackson Deluxe ""Toothpaste",Mij,,,,Good,308,,,Charvel55,reverb,shoegazee_,1396700009130491906,,0,240,10,"Toronto, Canada",ON,CA,1,118,false,false,JP,Maple/Rosewood,2026-04-23T20:01:28+00:00
listed,2026-04-25T21:25:52.512+00:00,https://reverb.com/item/96227959,Hiwatt,,Dr504,,,,,Very Good,2686,,,Paul's Gear Garage,reverb,shoegazee_,1396700009130491906,,0,191,6,"Doyles, Canada",NL,CA,0.9882352941176471,102,true,false,GB,Black,2026-04-23T15:02:09+00:00
listed,2026-04-25T22:47:41.159+00:00,https://ish.guitars/collections/new/products/prs-wood-library-custom-24-08-10-top-raspberry-red-burst-custom-color,PRS,PRS Core,Custom 24,Wood Library 10-top,,,,brand New,6810,,,,news,splooigi,1120099961690935387,,,,,,,,,,,,,,
listed,2026-04-25T23:12:46.217+00:00,https://reverb.com/item/93896173-gretsch-6132-corvette-1961-1963-cherry,Gretsch,,Corvette,,,,,Good,875,,,zillsgear,reverb,shteefe,415010947871277068,,1,2118,165,"rockford, IL, United States",IL,US,1,84,false,false,US,Cherry,2026-01-07T20:46:00+00:00
listed,2026-04-25T23:14:56.142+00:00,https://reverb.com/item/80670160-vintage-1963-gretsch-corvette-electric-guitar-husk-project-w-pickups-hagstrom-case,Vintage,,Corvette,,,,,Non Functioning,900,,,Izzy's Vintage Guitars,reverb,shteefe,415010947871277068,,0,7268,214,"Huntsville, AL, United States",AL,US,1,2969,true,false,US,Cherry,2024-03-17T22:01:39+00:00
removed,2026-04-25T23:23:26.079+00:00,https://reverb.com/item/96201693-gibson-j-15-2018-2019-antique-natural,Gibson,Gibson USA,J-15 Antique,,,,,,1265,,,,reverb,greg1213,288303791109963776,4.4,,,,,,,,,,,,,
price_changed,2026-04-25T23:24:27.403+00:00,https://reverb.com/item/92694514-ibanez-ar300-bk-artist-1984-black-limited-color,Ibanez,Ibanez Prestige,AR300,,,,,,1175,,,,reverb,madero,126233894897975296,,,,,,,,,,,,,,
listed,2026-04-26T01:23:47.067+00:00,https://reverb.com/item/96405354-b-c-rich-usa-gunslinger-80-s-splatter-pink-sherbet,BC Rich,,Gunslinger 80’s Splatter,Usa,,,,Excellent,2999,,,South Central Music Co.,reverb,yellowjack6,908889503173857351,,0,496,64,"Claremore, OK, United States",OK,US,1,155,false,false,,,2026-04-25T23:12:40+00:00
listed,2026-04-26T01:55:44.128+00:00,https://reverb.com/item/96409273-kiesel-solo-6,Kiesel,Kiesel / Carvin,Solo,,,,,Good,999,,,Burning Bridges Gear Store,reverb,theguitarpit,602222337923743754,,0,492,49,"Portland, OR, United States",OR,US,1,121,true,false,US,White,2026-04-26T01:32:55+00:00
listed,2026-04-26T02:52:57.705+00:00,https://reverb.com/item/96406212-paul-reed-smith-nf53-2023-mccarty-tobacco-sunburst,PRS,PRS Core,McCarty,,,,,Excellent,1499,,,Nick's Boutique,reverb,theguitarpit,602222337923743754,,4,355,27,"Cleveland, NY, United States",NY,US,1,63,true,false,US,McCarty Tobacco Sunburst,2026-04-25T23:50:33+00:00
listed,2026-04-26T02:53:10.533+00:00,https://reverb.com/item/96405751-prs-santana-signature-retro-10-top-2024-present-orange,PRS,PRS Core,Santana,Signature 10-top,,,,Excellent,3589,,,Eddie’s Guitar ,reverb,theguitarpit,602222337923743754,,1,260,17,"Sunrise, FL, United States",FL,US,1,4,false,false,US,Yellow and Burgundy Red,2026-04-25T23:31:17+00:00
listed,2026-04-26T02:53:10.533+00:00,https://reverb.com/item/96408671-prs-santana-25th-anniversary-2010-angry-larry,PRS,PRS Core,Santana,,,,,Very Good,3500,,,Lindsay's Gear Outlet,reverb,theguitarpit,602222337923743754,,0,377,28,"Salem, OR, United States",OR,US,0.9375,16,false,false,US,Angry Larry,2026-04-26T01:02:32+00:00
listed,2026-04-26T02:54:31.29+00:00,https://reverb.com/item/96269898,Fryette,,PS‑2 Power Station,,,,,Very Good,800,,,Jeff's Gear Outlet,reverb,shoegazee_,1396700009130491906,,7,360,31,"Cleveland, OH, United States",OH,US,1,37,false,false,,Silver,2026-04-22T12:31:13+00:00
price_changed,2026-04-26T03:22:54.337+00:00,https://reverb.com/item/95519977-kemper-amps-profiler-head-2011-2025-black,Kemper,,Amps Profiler Head,,,,,,670,,,,reverb,greg1213,288303791109963776,,,,,,,,,,,,,,
listed,2026-04-26T04:09:45.126+00:00,https://reverb.com/item/94344583-gretsch-6132-corvette-1962-cherry,Gretsch,Gretsch Professional,Corvette,,,,,Very Good,1750,,,Dusty Spirit Instrument Relocator,reverb,madero,126233894897975296,,0,644,44,"Memphis, TN, United States",TN,US,1,1441,true,false,US,Cherry,2026-02-03T23:51:37+00:00
listed,2026-04-26T05:34:02.716+00:00,https://reverb.com/item/82682387-carvin-dc127-neck-thru-double-cut-tung-oil,Kiesel,Kiesel / Carvin,DC127,,,,,Good,900,,,Amber Lit Audio,reverb,hibby_,230107654758858753,,0,7198,255,"Grand Rapids, MI, United States",MI,US,1,279,true,false,,Tung Oil,2024-06-03T21:50:02+00:00
listed,2026-04-26T05:37:15.827+00:00,https://reverb.com/item/93485541-1991-1994-carvin-dc127-koa-natural-gloss,Kiesel,Kiesel / Carvin,DC127,Gloss,,,,Excellent,1798,,,Oscar Guitars,reverb,theguitarpit,602222337923743754,,4,3488,155,"Stockholm, Sweden",Stockholm,SE,1,428,true,false,US,natural gloss,2026-01-12T10:34:31+00:00
listed,2026-04-26T05:38:11.836+00:00,https://reverb.com/item/96336487-kiesel-carvin-dc-127-2026-black-sparkle,Kiesel,Kiesel / Carvin,Carvin dc sparkle,,,,,Excellent,2600,,,George's Gear Outlet,reverb,theguitarpit,602222337923743754,,,77,8,"Kerman, CA, United States",CA,US,1,7,false,false,US,Black sparkle,2026-04-24T03:35:01+00:00
listed,2026-04-26T05:38:32.62+00:00,https://reverb.com/item/91799317-carvin-ct6-california-carved-top,Kiesel,Kiesel / Carvin,CT6 California Carved,,,,,Very Good,950,,,Nick  Hoffman Guitars,reverb,hibby_,230107654758858753,,1,1414,65,"Santa Barbara, CA, United States",CA,US,1,20,false,false,US,Gloss stained maple,2025-08-13T23:04:21+00:00
listed,2026-04-26T05:38:45.791+00:00,https://reverb.com/item/95256522-carvin-dc200-with-active-electrics-1994-1995,Kiesel,Kiesel / Carvin,Dc200,,,,,Very Good,1050,,,BBGuitar outlet,reverb,theguitarpit,602222337923743754,,1,969,62,"Portage, MI, United States",MI,US,1,170,false,false,US,,2026-03-20T22:28:44+00:00
listed,2026-04-26T13:41:42.206+00:00,https://reverb.com/item/96402510-vintage-1956-gibson-es-225t-vg,Vintage,,ES-225T,,,,,Very Good,2750,,,Twisted Serpent Music,reverb,greg1213,288303791109963776,,1,307,16,"Lubbock, TX, United States",TX,US,0.984375,128,false,false,US,,2026-04-25T21:48:14+00:00
listed,2026-04-26T15:06:16.913+00:00,https://www.davesguitar.com/products/s2-mira-594-satin-cloud-burst-25?_pos=4&_sid=2880654fb&_ss=r,PRS,PRS S2,Mira,S2 Satin,,,,Excellent,1250,,,,marketplace,modean,663012207478571038,,,,,,,,,,,,,,
listed,2026-04-26T15:49:42.948+00:00,https://reverb.com/item/96422332-gary-kramer-kramertorium-v-the-riddle-of-steel-2008-black-white,Kramer,Kramer Import,Gary Kramertorium V.,,,,,Excellent,1695,,,GrinningElk Music Co.,reverb,theguitarpit,602222337923743754,,0,343,19,"Thompson Station, TN, United States",TN,US,1,1222,true,false,KR,Black/White,2026-04-26T15:05:18+00:00
removed,2026-04-26T17:20:46.967+00:00,https://reverb.com/item/96391411-gibson-j-160e-1970-s-acoustic-with-hard-case-used,Gibson,Gibson USA,J-160E 1970's Acoustic,,,,,Good,1399,,,Mill River Music & Guitar Shop,reverb,greg1213,288303791109963776,1.4,0,123,16,"Northampton, MA, United States",MA,US,0.9951648351648351,6758,true,false,,,2026-04-25T07:14:29+00:00
listed,2026-04-26T17:29:57.499+00:00,https://reverb.com/item/95595605,PRS,PRS Core,Chleo Charcoal Purple,Limited Edition,,,,Brand New,6850,,,Eddie's Guitars,reverb,erparadox,1079314830508445696,,,27,3,"Saint Louis, MO, United States",MO,US,0.992436974789916,8339,true,false,US,Charcoal,2026-04-01T21:03:21+00:00
listed,2026-04-26T18:15:28.592+00:00,https://www.larkstreetmusic.com/cgi-bin/stock.cgi?detail=T51000.jpg,Martin,,000-21,,,,,,,,,,marketplace,greg1213,288303791109963776,,,,,,,,,,,,,,
price_changed,2026-04-26T19:21:33.925+00:00,https://reverb.com/item/96211174-fender-coronado-ii-66-72-sunburst,Fender,Fender Custom Shop,Coronado,,,,,Good,2499,,3999,Gladmore™️,reverb,scottcorgan,103469574581669888,,2,365,17,"Lyons, CO, United States",CO,US,1,176,false,false,US,Sunburst (Someburst),2026-04-21T00:38:50+00:00
listed,2026-04-26T19:44:16.871+00:00,https://reverb.com/item/96423863-charvel-custom-shop-masterbuild-star-2026-metallic-purple,Charvel,Charvel USA Custom Shop,Masterbuild Star Metallic,Custom Shop,,,,Excellent,4799,,,Mikes Gear Emporium ,reverb,modean,663012207478571038,,0,276,31,"Melbourne, FL, United States",FL,US,0.997080291970803,274,false,false,US,Metallic Purple,2026-04-26T16:51:56+00:00
listed,2026-04-26T20:23:51.638+00:00,https://reverb.com/item/91731701,Mule,,Resonater,,,,,Good,3607,,,Browns Vintage Gear Garage,reverb,shoegazee_,1396700009130491906,,5,2481,73,"Chilliwack, Canada",BC,CA,0.9743589743589743,39,true,false,US,Steel,2025-08-08T18:27:20+00:00
listed,2026-04-26T22:53:39.718+00:00,https://reverb.com/item/96427256-fender-music-master-ii-duo-sonic-1965-olympic-white,Fender,Fender Custom Shop,Duo-Sonic,,,1965,true,Good,2000,,,Electric Workshop,reverb,madero,126233894897975296,,1,497,33,"San Marcos, TX, United States",TX,US,0.9961538461538462,208,true,false,US,Olympic White,2026-04-26T21:10:31+00:00
sold,2026-04-26T23:21:00.813+00:00,https://reverb.com/uk/item/87364644-caparison-guitars-dellinger-ii-ef-electric-guitar-interstellar-black,Caparison,Caparison,Dellinger II EF,,,,,Mint,2200,2200,,Jack’s Gear & Guitars,reverb,ynid,83552549902225408,430.5,0,861,30,"Timonium, MD, United States",MD,US,0.9945205479452055,73,false,false,JP,Interstellar Black,2025-02-20T12:32:06+00:00
sold,2026-04-26T23:21:03.048+00:00,https://reverb.com/uk/item/87364644-caparison-guitars-dellinger-ii-ef-electric-guitar-interstellar-black,Caparison,Caparison,Dellinger II EF,,,,,Mint,2200,2200,,Jack’s Gear & Guitars,reverb,ynid,83552549902225408,430.5,0,861,30,"Timonium, MD, United States",MD,US,0.9945205479452055,73,false,false,JP,Interstellar Black,2025-02-20T12:32:06+00:00
sold,2026-04-26T23:22:46.464+00:00,https://reverb.com/ca/item/95735645-1973-gibson-j-45-deluxe-tobacco-sunburst-w-hsc,Gibson,Gibson USA,J-45,,,,,Good,1430,1430,,Ryan Fowler's Guitar Experience,reverb,shoegazee_,1396700009130491906,19.2,2,995,34,"Towson, MD, United States",MD,US,0.990625,5724,true,false,,Tobacco Sunburst,2026-04-07T17:56:37+00:00
listed,2026-04-27T01:56:46.462+00:00,https://reverb.com/item/96432283-prs-mccarty-594-private-stock-graveyard-ii-limited,PRS,PRS Private Stock,McCarty 594,Private Stock Limited,,,,Excellent,8600,,,FRANTONE's Gear Locker,reverb,theguitarpit,602222337923743754,,1,184,20,"SSACRAMENTO, CA, United States",CA,US,1,2,false,false,US,Burgundy Red Sunburst,2026-04-27T00:00:20+00:00
listed,2026-04-27T04:55:53.924+00:00,https://reverb.com/item/96440181-mosrite-custom-one-off-black,Mosrite,,One Off,,,,,Very Good,2250,,,Ryan Rib Ticklin’ Gear Imporium,reverb,theguitarpit,602222337923743754,,0,359,18,"Corpus Christi, TX, United States",TX,US,0.9744680851063829,47,false,false,JP,Black,2026-04-27T04:17:12+00:00
listed,2026-04-27T06:11:08.226+00:00,https://reverb.com/item/96424294-b-c-rich-eagle-supreme-1980-s-natural-maple,BC Rich,BC Rich USA Custom Shop,Eagle Supreme 1980’s,,,,,Very Good,5750,,,Neal's Vintage ,reverb,sunny_00,363041371956969472,,0,332,28,"Huntington Beach, CA, United States",CA,US,1,558,true,false,US,Natural Maple,2026-04-26T17:33:44+00:00
price_changed,2026-04-27T11:20:07.673+00:00,https://reverb.com/item/96432283-prs-mccarty-594-private-stock-graveyard-ii-limited,PRS,PRS Private Stock,McCarty 594,Private Stock Limited,,,,Excellent,8600,,9600,FRANTONE's Gear Locker,reverb,theguitarpit,602222337923743754,,1,184,20,"SSACRAMENTO, CA, United States",CA,US,1,2,false,false,US,Burgundy Red Sunburst,2026-04-27T00:00:20+00:00
listed,2026-04-27T12:06:30.525+00:00,https://reverb.com/item/95397461-1960s-zerosette-a2a-blonde,Zerosette,,A2A,,,,,Very Good,824,,,Oscar Guitars,reverb,greg1213,288303791109963776,,0,227,11,"Stockholm, Sweden",Stockholm,SE,1,428,true,false,IT,blonde,2026-04-27T09:56:48+00:00
listed,2026-04-27T13:57:03.616+00:00,https://reverb.com/item/93339086-hamer-daytona-1994-blue-transparent-u-s-a,Hamer,Hamer Import,Daytona Transparent U.S.A.,,,,,Very Good,1250,,,Jeff Jackson Guitar Setups,reverb,modean,663012207478571038,,0,721,32,"Davenport, IA, United States",IA,US,0.996039603960396,101,false,false,US,Blue Transparent,2025-11-29T14:58:29+00:00
listed,2026-04-27T14:45:37.589+00:00,https://reverb.com/item/95698295-1980-yamaha-fg-340-dreadnought-guitar,Yamaha,,FG-340 Dreadnought Guitar,,,,,Excellent,335,,,Craig's Guitars,reverb,greg1213,288303791109963776,,0,415,15,"San Marcos, CA, United States",CA,US,1,23,false,false,TW,Natural,2026-04-05T03:26:30+00:00
removed,2026-04-27T14:51:07.39+00:00,https://reverb.com/item/96400408-vigier-excalibur-shawn-lane-10th-anniversary-6-of-10-2013-paradise-white,Vigier,Vigier,Excalibur Shawn Lane,,,,,Excellent,9950,,,Uncle Shreddie’s Guitar Shop ,reverb,theguitarpit,602222337923743754,1.8,0,447,27,"Columbia, SC, United States",SC,US,0.9981308411214953,321,true,false,FR,Paradise White,2026-04-25T19:14:48+00:00
listed,2026-04-27T14:54:20.934+00:00,https://reverb.com/item/93485544,Ibanez,Ibanez J.Custom,2618CW Series wine,Artist,,,,Very Good,2043,,,Oscar Guitars,reverb,shoegazee_,1396700009130491906,,0,336,21,"Stockholm, Sweden",Stockholm,SE,1,428,true,false,JP,cherry wine,2026-04-27T12:03:29+00:00
listed,2026-04-27T15:11:11.034+00:00,https://reverb.com/uk/item/95040591-gibson-les-paul-standard-limited-2010-fireball,Gibson,Gibson USA,Les Paul Standard,Limited,,,,Very Good,3050,,,Rinkies Guitars,reverb,ynid,83552549902225408,,0,443,17,"The Hague, Netherlands",ZH,NL,0.9847133757961783,157,true,false,US,Fireball,2026-03-14T10:59:55+00:00
sold,2026-04-27T15:22:00.349+00:00,https://reverb.com/item/96309270-prs-reclaimed-limited-peroba-rosa-s2-vela-semi-hollow-2017-natural,PRS,PRS S2,S2 Vela,Limited Semi-hollow,,,,Very Good,2000,2000,,John's Gear,reverb,scottcorgan,103469574581669888,3.9,3,325,34,"Dallas, NC, United States",NC,US,1,80,false,false,US,Natural,2026-04-23T17:21:01+00:00
price_changed,2026-04-27T15:23:46.632+00:00,https://reverb.com/item/95508174,Jackson,Jackson USA Custom Shop,Dinky,,2026,,,,3439,,,,reverb,shoegazee_,1396700009130491906,,,,,,,,,,,,,,
listed,2026-04-27T15:24:34.46+00:00,https://reverb.com/item/96452575-tokai-talbo-woody-ii,Tokai,,Talbo Woody II,,,,,Very Good,1100,,,Kelley's Shop,reverb,theguitarpit,602222337923743754,,0,204,7,"San Francisco, CA, United States",CA,US,0.9916666666666667,96,false,false,,Woody II,2026-04-27T15:09:30+00:00
listed,2026-04-27T15:24:50.051+00:00,https://reverb.com/item/96444232-ibanez-uv77-psn-steve-vai-signature-universe-reissue-2016-2017-passion-blue-pink-swirl,Ibanez,Ibanez J.Custom,UV77-PSN Steve Vai,Signature Reissue,,,,Excellent,13000,,,Blue Rose,reverb,theguitarpit,602222337923743754,,0,355,35,"Amelia, OH, United States",OH,US,1,11,false,false,JP,Passion (Blue/Pink Swirl),2026-04-27T10:15:11+00:00
price_changed,2026-04-27T15:24:52.527+00:00,https://reverb.com/uk/item/95771790-new-fender-custom-shop-flamethrower-telecaster-custom-journeyman-relic-modern-specs-texas-special-pick-ups-aaaa-flamed-neck-purple-sparkle-authorized-dealer-7-6lbs-g06941,Fender,Fender Custom Shop,Telecaster,,2026,,,,4294,,,,reverb,ynid,83552549902225408,,,,,,,,,,,,,,
price_changed,2026-04-27T15:24:55.718+00:00,https://reverb.com/uk/item/95508174-new-jackson-custom-shop-dinky-hsh-roasted-maple-neck-fretboard-dk-shell-pink-authorized-dealer-8-1-lbs-g06854,Jackson,Jackson USA Custom Shop,Dinky,,2026,,,,3439,,,,reverb,ynid,83552549902225408,,,,,,,,,,,,,,
sold,2026-04-27T16:50:23.874+00:00,https://reverb.com/item/96432283-prs-mccarty-594-private-stock-graveyard-ii-limited,PRS,PRS Private Stock,McCarty 594,Private Stock Limited,,,,Excellent,8600,8600,,FRANTONE's Gear Locker,reverb,theguitarpit,602222337923743754,0.7,1,184,20,"SSACRAMENTO, CA, United States",CA,US,1,2,false,false,US,Burgundy Red Sunburst,2026-04-27T00:00:20+00:00
listed,2026-04-27T18:51:33.466+00:00,https://reverb.com/item/94521200-tokai-talbo-blazing-fire-guitar-aluminium-made-in-japan-1982,Tokai,,Talbo Blazing Fire,,,,,Very Good,1037,,,"Vintage Guitars, Recording Gear, Rock Vinyls",reverb,greg1213,288303791109963776,,2,414,18,"Paris, France",,FR,0,0,false,false,JP,Silver,2026-02-16T15:35:48+00:00
removed,2026-04-27T19:22:32.868+00:00,https://reverb.com/item/96286240-2020-fender-japan-mij-heritage-60s-telecaster-custom-sunburst-nitro-double-bound-tweed-hsc,Fender,Fender Japan,Telecaster,Mij 60s,,,,Excellent,1699,,,Guitar Chimp,reverb,greg1213,288303791109963776,4.9,0,344,18,"Salt Lake City, UT, United States",UT,US,0.9985185185185185,3243,true,false,JP,Sunburst,2026-04-22T21:09:58+00:00
removed,2026-04-27T19:23:29.272+00:00,https://reverb.com/item/95714191-gibson-melody-maker-sparkling-burgundy-1968,Gibson,Gibson USA,Melody Maker,,1968,,,,1995,,,,reverb,madero,126233894897975296,20.9,,,,,,,,,,,,,2026-04-06T22:25:48+00:00
price_changed,2026-04-27T19:23:43.106+00:00,https://reverb.com/item/95914392-hamer-usa-t-51-1993-butterscotch,Hamer,Hamer Import,T-51 Butterscotch,,1993,,,,1650,,,,reverb,modean,663012207478571038,,,,,,,,,,,,,,
removed,2026-04-27T19:24:35.492+00:00,https://reverb.com/item/93264188-lewis-guitars-minnow-7-2024-gold,Fender,,Lewis Guitars Minnow,,2024,,,,1000,,,,reverb,scottcorgan,103469574581669888,6.9,,,,,,,,,,,,,
sold,2026-04-27T19:24:44.692+00:00,https://reverb.com/item/96195907-warmoth-tele-style-body-2-piece-swamp-ash-unfinished,Warmoth,,Telecaster,,,,,,190,190,,,reverb,greg1213,288303791109963776,7.2,,,,,,,,,,,,,2026-04-20T15:09:36+00:00
sold,2026-04-27T19:25:20.072+00:00,https://www.chicagomusicexchange.com/products/gibson-melody-maker-sparkling-burgundy-1968-2520334,Gibson,Gibson USA,Melody Maker,,,,,,1895,,,,other,madero,126233894897975296,4.7,,,,,,,,,,,,,
listed,2026-04-27T21:11:36.222+00:00,https://reverb.com/item/96452832-parker-fly-deluxe-fake-interactions-1996-ferrari-red,Parker,Parker Fly Deluxe,Fly Deluxe Fake,,,,,Excellent,3695,,,GrinningElk Music Co.,reverb,doesitslaptho,659997698300051472,,0,178,33,"Thompson Station, TN, United States",TN,US,1,1220,true,false,US,Ferrari Red,2026-04-27T15:53:02+00:00
listed,2026-04-27T21:39:21.081+00:00,https://reverb.com/item/92162854-furch-vintage-2-oom-sr-hard-case-parlor-12-fret,Vintage,,Furch OOM-SR Hard,,,,,Brand New,3121,,,Liberty Music Inc,reverb,yellowjack6,908889503173857351,,0,368,10,"Jacksonville, FL, United States",FL,US,0.9925619834710744,2196,true,false,,Fur,2025-09-26T15:28:41+00:00
listed,2026-04-27T21:41:17.479+00:00,https://reverb.com/item/79506563-furch-vintage-2-omc-sr-cutaway-hard-case-orchestra-model-spruce-rosewood-with-no-pickup,Vintage,,Furch OMc-SR CUTAWAY,,,,,Brand New,2987,,,Liberty Music Inc,reverb,yellowjack6,908889503173857351,,0,551,15,"Jacksonville, FL, United States",FL,US,0.9925619834710744,2196,true,false,,Rosewood,2024-02-21T04:03:47+00:00
listed,2026-04-27T23:00:28.865+00:00,https://reverb.com/item/96453685-b-c-rich-usa-namm-s-style-natural-1989,BC Rich,BC Rich USA Custom Shop,NAMM S-Style,Usa,,,,Good,2750,,,Chicago Music Exchange,reverb,yellowjack6,908889503173857351,,0,337,22,"Chicago, IL, United States",IL,US,0.9966641772467015,332006,true,,US,Natural,2026-04-27T22:20:13+00:00
price_changed,2026-04-27T23:20:12.218+00:00,https://reverb.com/item/94521200-tokai-talbo-blazing-fire-guitar-aluminium-made-in-japan-1982,Tokai,,Talbo Blazing Fire,,,,,Very Good,1037,,,"Vintage Guitars, Recording Gear, Rock Vinyls",reverb,greg1213,288303791109963776,,2,414,18,"Paris, France",,FR,0,0,false,false,JP,Silver,2026-02-16T15:35:48+00:00
price_changed,2026-04-27T23:20:19.074+00:00,https://reverb.com/uk/item/95040591-gibson-les-paul-standard-limited-2010-fireball,Gibson,Gibson USA,Les Paul Standard,Limited,,,,Very Good,3050,,,Rinkies Guitars,reverb,ynid,83552549902225408,,0,443,17,"The Hague, Netherlands",ZH,NL,0.9847133757961783,157,true,false,US,Fireball,2026-03-14T10:59:55+00:00
price_changed,2026-04-27T23:20:21.325+00:00,https://reverb.com/item/93485544,Ibanez,Ibanez J.Custom,2618CW Series wine,Artist,,,,Very Good,2043,,,Oscar Guitars,reverb,shoegazee_,1396700009130491906,,0,336,21,"Stockholm, Sweden",Stockholm,SE,1,428,true,false,JP,cherry wine,2026-04-27T12:03:29+00:00
price_changed,2026-04-27T23:20:28.343+00:00,https://reverb.com/item/95397461-1960s-zerosette-a2a-blonde,Zerosette,,A2A,,,,,Very Good,824,,,Oscar Guitars,reverb,greg1213,288303791109963776,,0,227,11,"Stockholm, Sweden",Stockholm,SE,1,428,true,false,IT,blonde,2026-04-27T09:56:48+00:00
price_changed,2026-04-27T23:20:37.322+00:00,https://reverb.com/item/91731701,Mule,,Resonater,,,,,Good,3607,,,Browns Vintage Gear Garage,reverb,shoegazee_,1396700009130491906,,5,2481,73,"Chilliwack, Canada",BC,CA,0.9743589743589743,39,true,false,US,Steel,2025-08-08T18:27:20+00:00
price_changed,2026-04-27T23:20:51.738+00:00,https://reverb.com/item/93485541-1991-1994-carvin-dc127-koa-natural-gloss,Kiesel,Kiesel / Carvin,DC127,Gloss,,,,Excellent,1798,,,Oscar Guitars,reverb,theguitarpit,602222337923743754,,4,3488,155,"Stockholm, Sweden",Stockholm,SE,1,428,true,false,US,natural gloss,2026-01-12T10:34:31+00:00
price_changed,2026-04-27T23:21:17.281+00:00,https://reverb.com/item/96227959,Hiwatt,,Dr504,,,,,Very Good,2686,,,Paul's Gear Garage,reverb,shoegazee_,1396700009130491906,,0,191,6,"Doyles, Canada",NL,CA,0.9882352941176471,102,true,false,GB,Black,2026-04-23T15:02:09+00:00
price_changed,2026-04-27T23:21:19.493+00:00,https://reverb.com/item/96313410,Charvel,,"Jackson Deluxe ""Toothpaste",Mij,,,,Good,308,,,Charvel55,reverb,shoegazee_,1396700009130491906,,0,240,10,"Toronto, Canada",ON,CA,1,118,false,false,JP,Maple/Rosewood,2026-04-23T20:01:28+00:00
price_changed,2026-04-27T23:22:18.886+00:00,https://reverb.com/item/95700544-infinite-used-trad-t-light-aged-lake-placid-blue,Infinite,,USED ​��Trad T Light Aged (Lake Placid Blue),,,,,Very Good,1756,,,Ikebe Music ,reverb,theguitarpit,602222337923743754,,0,235,5,"Tokyo, Japan",TOKYO,JP,0.9761467889908256,1355,false,,,Light,2026-04-05T10:42:07+00:00
price_changed,2026-04-27T23:22:48.941+00:00,https://reverb.com/item/86581377-fender-jaguar-2000-s-shoreline-gold,Fender,Fender Custom Shop,Jaguar,,,,,Excellent,5243,,,Julian's Gear Garage,reverb,scottcorgan,103469574581669888,,0,1913,51,"Perth, Australia",WA,AU,0,0,false,false,US,Shoreline Gold,2025-01-12T01:47:52+00:00
price_changed,2026-04-27T23:22:57.991+00:00,https://reverb.com/item/96307699-prs-ce-24-sprayer-s-choice-pink-magenta-sparkle,PRS,PRS CE,CE 24,,,,,Brand New,2992,,,The Vibrato Bar,reverb,theguitarpit,602222337923743754,,0,292,18,"Stoney Creek, Canada",ON,CA,1,281,true,false,US,Pink Magenta Sparkle,2026-04-23T15:25:25+00:00
price_changed,2026-04-27T23:23:11.585+00:00,https://reverb.com/ca/item/52847532-2014-gibson-es-359-vintage-sunburst,Gibson,Gibson USA,ES-359,,,,,Very Good,4169,,,Jordan Guitars Ltd,reverb,shoegazee_,1396700009130491906,,3,919,32,"LEICESTER, United Kingdom",ENG,GB,1,177,true,false,US,Sunburst,2026-04-18T10:14:08+00:00
price_changed,2026-04-27T23:23:25.157+00:00,https://reverb.com/item/76988182,SAITO,,GSB019,,2023,,,,1538,,,,reverb,shoegazee_,1396700009130491906,,,,,,,,,,,,,,
price_changed,2026-04-27T23:24:29.007+00:00,https://reverb.com/uk/item/95867735-vigier-excalibur-surfreter-special-fretless-diamond-black-gold-hardware-2011-hard-case,Vigier,Vigier,Excalibur Surfreter Special,,,,,,4055,,,,reverb,ynid,83552549902225408,,,,,,,,,,,,,,
price_changed,2026-04-27T23:24:40.314+00:00,https://reverb.com/item/95371311-eastman-sb56-n-gold-top-used,Eastman,Eastman,SB56/n Top,,,,,,1663,,,,reverb,theguitarpit,602222337923743754,,,,,,,,,,,,,,
listed,2026-04-28T00:18:32.204+00:00,https://reverb.com/ca/item/96466203-b-c-rich-eagle-custom-shop-1983,BC Rich,BC Rich USA Custom Shop,Eagle,Custom Shop,,,,Very Good,6907,,, My online music store ,reverb,jevice.,890954150051987536,,0,391,36,"Laval, Canada",QC,CA,1,2,false,false,US,custom shop,2026-04-28T00:05:36+00:00
listed,2026-04-28T00:40:24.288+00:00,https://reverb.com/item/96453817-fender-stratocaster-1963-player-grade-olympic-white-refinish,Fender,Fender Custom Shop,Stratocaster,Player,,,,Very Good,10800,,,Rick Shop,reverb,shteefe,415010947871277068,,,66,10,"New Braunfels, TX, United States",TX,US,1,1,false,false,US,Olympic White,2026-04-27T16:11:28+00:00
listed,2026-04-28T00:45:22.804+00:00,https://reverb.com/item/87170333-aria-pro-ii-eg-1200-eagle-1979-bc-rich-eagle-standard-walnut-finish-all-mahogany-dimarzio-dual-sound-dp101-humbuckers-made-in-japan-mij,Aria,,Standard,Mij,,,,Good,1995,,,Rising Sun Vintage Guitars,reverb,greg1213,288303791109963776,,0,655,27,"Ayr, Canada",ON,CA,1,179,false,false,JP,Walnut,2025-02-12T14:38:01+00:00
sold,2026-04-28T00:50:17.002+00:00,https://reverb.com/item/96452832-parker-fly-deluxe-fake-interactions-1996-ferrari-red,Parker,Parker Fly Deluxe,Fly Deluxe Fake,,,,,Excellent,3695,3695,,GrinningElk Music Co.,reverb,doesitslaptho,659997698300051472,0.4,0,178,33,"Thompson Station, TN, United States",TN,US,1,1220,true,false,US,Ferrari Red,2026-04-27T15:53:02+00:00
listed,2026-04-28T02:00:16.62+00:00,https://reverb.com/item/95872247-2021-ibanez-mm1-tab-martin-miller-signature-roasted-maple-neck-2010s-transparent-aqua-blue-w-ohsc,Ibanez,Ibanez Prestige,MM1-TAB Martin Miller,Signature Roasted Maple,,,,Very Good,1721,,,Reverb + Imperial Vintage Guitars Co-op (San Diego),reverb,modean,663012207478571038,,0,401,29,"San Diego, CA, United States",CA,US,0.9890804597701149,3522,true,false,JP,Transparent Aqua Blue,2026-04-27T23:18:06+00:00
sold,2026-04-28T02:20:07.851+00:00,https://reverb.com/item/96453817-fender-stratocaster-1963-player-grade-olympic-white-refinish,Fender,Fender Custom Shop,Stratocaster,Player,,,,Very Good,10800,10800,,Rick Shop,reverb,shteefe,415010947871277068,0.4,,66,10,"New Braunfels, TX, United States",TX,US,1,1,false,false,US,Olympic White,2026-04-27T16:11:28+00:00
listed,2026-04-28T02:39:41.907+00:00,https://reverb.com/item/95551454-martin-d-18-authentic-1937-with-vts-2022-present-natural,Martin,Martin USA,D-18,,,,,Excellent,4800,,,Guitar Emporium,reverb,meridius2,1451345593258610788,,1,346,15,"Claymont, DE, United States",DE,US,1,155,true,false,,Natural,2026-03-30T19:33:57+00:00
listed,2026-04-28T03:15:54.674+00:00,https://reverb.com/item/96467200-fano-rb6-2012-checked-nitro-relic-natural,Fano,Fano,RB6 Checked,Nitro,,,,Excellent,2150,,,Luke's,reverb,greg1213,288303791109963776,,0,118,16,"West Orange, NJ, United States",NJ,US,1,9,false,false,US,Checked Nitro Relic Natural,2026-04-28T01:46:45+00:00
price_changed,2026-04-28T03:21:11.434+00:00,https://reverb.com/item/96408671-prs-santana-25th-anniversary-2010-angry-larry,PRS,PRS Core,Santana,,,,,Very Good,3500,,3100,Lindsay's Gear Outlet,reverb,theguitarpit,602222337923743754,,0,377,28,"Salem, OR, United States",OR,US,0.9375,16,false,false,US,Angry Larry,2026-04-26T01:02:32+00:00
removed,2026-04-28T03:21:43.393+00:00,https://reverb.com/item/96382261-1995-burny-eb-95x-heath-x-japan-signature-model-bc-rich-eagle,Burny,,EB-95X Heath/X model,Signature,,,,Very Good,995,,,John's Shop,reverb,yellowjack6,908889503173857351,3.1,0,237,21,"Arden, NC, United States",NC,US,1,40,false,false,JP,Black and white,2026-04-25T01:02:33+00:00
price_changed,2026-04-28T03:24:00.097+00:00,https://reverb.com/item/95508174,Jackson,Jackson USA Custom Shop,Dinky,,2026,,,,3439,,,,reverb,shoegazee_,1396700009130491906,,,,,,,,,,,,,,
listed,2026-04-28T06:35:40.079+00:00,https://reverb.com/item/94889280-dean-md22-usa-custom-floyd-rose-2025-magenta-metallic,Dean,,MD22 Custom/Floyd Rose,Usa Floyd Rose,,,,Excellent,3000,,,Christina ,reverb,shteefe,415010947871277068,,0,189,5,"Washington Boro, PA, United States",PA,US,0.9972972972972973,74,false,false,US,Magenta Metallic,2026-03-07T03:55:50+00:00
price_changed,2026-04-28T07:24:29.255+00:00,https://reverb.com/item/96229205-musikraft-telecaster-body-swamp-ash-vintage-aged-nitro-finish,Vintage,,Telecaster,,,,,,389,,,,reverb,greg1213,288303791109963776,,,,,,,,,,,,,,2026-04-21T12:43:46+00:00
listed,2026-04-28T12:44:30.495+00:00,https://reverb.com/item/96467589-washburn-ec36-m1-1988,Washburn,Washburn USA Custom,EC36 M1,,,,,Excellent,3000,,,Lopez Music Center llc.,reverb,c_g1723,225277565084893184,,1,248,21,"Cicero, IL, United States",IL,US,0.9846153846153847,197,false,false,JP,Magma White,2026-04-28T02:30:30+00:00
listed,2026-04-28T13:40:21.552+00:00,https://reverb.com/item/96461278-ernie-ball-music-man-cutlass-lightweight-specimen-2016-ohsc,Music Man,Music Man USA,Cutlass,,,,,Very Good,1195,,,Nick W's Guitar Candy,reverb,modean,663012207478571038,,0,355,35,"Bakersfield, CA, United States",CA,US,0.9948220064724919,4499,true,false,US,,2026-04-27T22:46:43+00:00
listed,2026-04-28T13:49:53.713+00:00,https://www.davesguitar.com/collections/just-in/products/s2-studio-36,,,,,,,,Excellent,1595,,,,marketplace,modean,663012207478571038,,,,,,,,,,,,,,
sold,2026-04-28T13:50:10.875+00:00,https://reverb.com/item/96467200-fano-rb6-2012-checked-nitro-relic-natural,Fano,Fano,RB6 Checked,Nitro,,,,Excellent,2150,2150,,Luke's,reverb,greg1213,288303791109963776,0.5,0,118,16,"West Orange, NJ, United States",NJ,US,1,9,false,false,US,Checked Nitro Relic Natural,2026-04-28T01:46:45+00:00
listed,2026-04-28T14:18:22.515+00:00,https://reverb.com/item/96432646-shabat-lion-standard-telecaster-2022-sunburst,Vintage,,Telecaster,Standard,,,,Very Good,2450,,,Parker's Gear Garage,reverb,hibby_,230107654758858753,,1,278,21,"Greer, SC, United States",SC,US,0.9895348837209302,172,false,false,US,Sunburst,2026-04-27T00:14:07+00:00
listed,2026-04-28T14:26:07.647+00:00,https://reverb.com/item/96475862-nash-t-72-tl,Nash,Nash,T-72 TL,,,,,Excellent,1999,,,Tele Pat,reverb,greg1213,288303791109963776,,1,382,36,"Newport, OR, United States",OR,US,1,532,true,false,US,,2026-04-28T14:18:23+00:00
listed,2026-04-28T14:36:50.217+00:00,https://reverb.com/item/95163305-ibanez-prestige-josh-smith-signature-flatv1-2022-black-09615-with-original-hard-case,Ibanez,Ibanez Prestige,Original,Prestige Signature,,,,Very Good,1099,,,Empire Music,reverb,modean,663012207478571038,,0,452,37,"Pittsburgh, PA, United States",PA,US,0.9836065573770492,3585,true,false,,Black,2026-03-18T15:55:08+00:00
price_changed,2026-04-28T15:20:30.253+00:00,https://reverb.com/item/92162854-furch-vintage-2-oom-sr-hard-case-parlor-12-fret,Vintage,,Furch OOM-SR Hard,,,,,Brand New,3121,,,Liberty Music Inc,reverb,yellowjack6,908889503173857351,,0,368,10,"Jacksonville, FL, United States",FL,US,0.9925619834710744,2196,true,false,,Fur,2025-09-26T15:28:41+00:00
price_changed,2026-04-28T15:23:23.515+00:00,https://reverb.com/item/96281194-b-c-rich-usa-mockingbird-supreme-1996-transparent-purple-finish,BC Rich,BC Rich USA Custom Shop,Mockingbird Supreme Transparent,Usa,,,,Excellent,3500,,4000,Neal's Vintage ,reverb,yellowjack6,908889503173857351,,0,642,45,"Huntington Beach, CA, United States",CA,US,1,556,true,false,US,Transparent Purple Finish,2026-04-22T17:32:31+00:00
price_changed,2026-04-28T15:24:09.301+00:00,https://reverb.com/item/95508174,Jackson,Jackson USA Custom Shop,Dinky,,2026,,,,3439,,,,reverb,shoegazee_,1396700009130491906,,,,,,,,,,,,,,
listed,2026-04-28T15:51:36.646+00:00,https://reverb.com/item/96478275-fender-american-ultra-telecaster-plus-top-2022-umbra-burst-pro-luthier-modified,Fender,Fender USA,Telecaster,American Ultra,,,,Excellent,1999,,,LaFond Lutherie Store,reverb,theguitarpit,602222337923743754,,1,249,8,"Breckenridge, MN, United States",MN,US,1,142,false,false,US,Umbra Burst,2026-04-28T15:48:05+00:00
listed,2026-04-28T15:52:02.604+00:00,https://reverb.com/item/96477655-2008-original-paul-vo-collector-s-edition-moog-electric-guitar-w-coa-and-ohsc,Moog,,Original,,,,,Excellent,5999,,,Robert's Gear Depot,reverb,theguitarpit,602222337923743754,,0,282,13,"Louisville, KY, United States",KY,US,0,0,false,false,US,Scarlet Maple Top,2026-04-28T15:29:46+00:00
listed,2026-04-28T15:52:17.006+00:00,https://reverb.com/item/96475920-giffin-t-deluxe-2022-koa-top,Giffin,,T-deluxe,,,,,Excellent,3995,,,Mike's Gear,reverb,theguitarpit,602222337923743754,,1,285,29,"Galway, NY, United States",NY,US,1,265,true,false,US,Curly koa,2026-04-28T14:26:12+00:00
listed,2026-04-28T15:54:10.421+00:00,https://reverb.com/item/96476885-ibanez-jem7v-wh-steve-vai-signature-with-rosewood-fretboard-2004-2019-white,Ibanez,Ibanez Prestige,JEM,Signature,,2004,true,Very Good,2050,,,Indie Music ,reverb,theguitarpit,602222337923743754,,1,269,16,"Amherst, NH, United States",NH,US,0.9904761904761905,944,true,false,JP,White,2026-04-28T14:38:16+00:00
listed,2026-04-28T17:30:43.875+00:00,https://reverb.com/item/96336680-b-c-rich-ironbird-platinum-pro-2003-black,BC Rich,,Ironbird Platinum Pro,,,,,Fair,1100,,,NLFTW,reverb,yellowjack6,908889503173857351,,1,706,32,"Lewes, DE, United States",DE,US,0,0,false,false,KR,Black,2026-04-24T04:05:41+00:00
listed,2026-04-28T17:47:08.799+00:00,https://reverb.com/item/94951590-b-c-rich-bich-1990s-yellow-acrylic-transparent,BC Rich,,bich 1990s YELLOW,,,,,Very Good,2999,,,Johnny's Rock Shop,reverb,yellowjack6,908889503173857351,,1,3037,108,"Caldwell, ID, United States",ID,US,1,14,false,false,,YELLOW ACRYLIC TRANSPARENT,2026-03-10T22:00:54+00:00
listed,2026-04-28T18:53:17.382+00:00,https://reverb.com/item/88092234-martin-dss-biosphere-ii-18672-namm,Martin,Martin USA,DSS Biosphere II,,,,,Mint,1919,,,Empire Music,reverb,modean,663012207478571038,,0,1030,19,"Pittsburgh, PA, United States",PA,US,0.9836065573770492,3585,true,false,US,Biosphere Graphic,2025-03-18T21:34:26+00:00
sold,2026-04-28T19:24:08.428+00:00,https://reverb.com/item/96283634-a-da-mp-1-guitar-preamp,A/DA,,MP-1 Guitar Preamp,,,,,,650,650,,,reverb,shteefe,415010947871277068,6,,,,,,,,,,,,,2026-04-22T19:10:17+00:00
sold,2026-04-28T19:24:53.971+00:00,https://reverb.com/item/96229205-musikraft-telecaster-body-swamp-ash-vintage-aged-nitro-finish,Vintage,,Telecaster,,,,,,389,319,,,reverb,greg1213,288303791109963776,7.3,,,,,,,,,,,,,2026-04-21T12:43:46+00:00
listed,2026-04-28T19:44:12.446+00:00,https://reverb.com/item/96176908-gibson-sj-200-studio-walnut-2025-present-gloss-walnut-burst,Gibson,Gibson USA,SJ-200 Studio Walnut,Gloss,,,,Excellent,2180,,,TCR’s Treasures,reverb,pabstbluewizard,233280995418308611,,4,405,26,"Amarillo, TX, United States",TX,US,1,426,false,false,US,Gloss Walnut Burst,2026-04-19T23:04:21+00:00
listed,2026-04-28T19:45:39.693+00:00,https://musicgoround.com/locations/aurora-co/product/S000117137/Fender-PRECISION-BASS-1973-74-WHSC-WEA,Fender,,Precision Bass,,,,,,2499.99,,,,marketplace,pabstbluewizard,233280995418308611,,,,,,,,,,,,,,
listed,2026-04-28T20:15:40.722+00:00,https://reverb.com/item/96193973-gibson-southern-jumbo-sj-1964-1969-sunburst?bk=eyJhbGciOiJIUzI1NiJ9.eyJqdGkiOiI2ODUzYmY0Yi0xZWUxLTQyOGEtOTI0NS0xMDhiYTVkNGUwMDciLCJpYXQiOjE3Nzc0MDczMTIsInVzZXJfaWQiOiIxMTg5NjU5NCIsInNlc3Npb25faWQiOiIwN2Y3OWY4NS1hYzNhLTQ4YTctODE5YS04ZGFmOGM2OGI0N2IiLCJjb29raWVfaWQiOiJiMzcyNzU2ZS04NWUyLTRhMDQtOTk4MS01NjRjYTdjY2IyMmIiLCJwcm9kdWN0X2lkIjoiOTYxOTM5NzMiLCJzb3VyY2UiOiJOT05FIn0.vhEyg0OQT13OLesSrz2hTabJ_4gCTXyuS01pyXNCMhg,Gibson,Gibson USA,Southern Jumbo SJ,,,1964,true,Very Good,11024,,,Musikborsen Gothenburg,reverb,pabstpabst,1498775514301599745,,0,246,6,"Göteborg, Sweden",Västra Götaland,SE,0.9726027397260274,286,false,false,US,Sunburst,2026-04-20T13:56:53+00:00
sold,2026-04-28T23:21:46.971+00:00,https://reverb.com/item/96409273-kiesel-solo-6,Kiesel,Kiesel / Carvin,Solo,,,,,Good,999,999,,Burning Bridges Gear Store,reverb,theguitarpit,602222337923743754,2.9,0,492,49,"Portland, OR, United States",OR,US,1,121,true,false,US,White,2026-04-26T01:32:55+00:00
price_changed,2026-04-28T23:22:56.436+00:00,https://reverb.com/item/95700544-infinite-used-trad-t-light-aged-lake-placid-blue,Infinite,,USED ​��Trad T Light Aged (Lake Placid Blue),,,,,Very Good,1756,,,Ikebe Music ,reverb,theguitarpit,602222337923743754,,0,235,5,"Tokyo, Japan",TOKYO,JP,0.9761467889908256,1355,false,,,Light,2026-04-05T10:42:07+00:00
price_changed,2026-04-28T23:23:44.454+00:00,https://reverb.com/item/96281194-b-c-rich-usa-mockingbird-supreme-1996-transparent-purple-finish,BC Rich,BC Rich USA Custom Shop,Mockingbird Supreme Transparent,Usa,,,,Excellent,3500,,4000,Neal's Vintage ,reverb,yellowjack6,908889503173857351,,0,642,45,"Huntington Beach, CA, United States",CA,US,1,556,true,false,US,Transparent Purple Finish,2026-04-22T17:32:31+00:00
price_changed,2026-04-28T23:24:02.473+00:00,https://reverb.com/item/76988182,SAITO,,GSB019,,2023,,,,1538,,,,reverb,shoegazee_,1396700009130491906,,,,,,,,,,,,,,
sold,2026-04-28T23:25:02.844+00:00,https://musicgoround.com/locations/aurora-co/product/S000117137/Fender-PRECISION-BASS-1973-74-WHSC-WEA,Fender,,Precision Bass,,,,,,2499.99,,,,marketplace,pabstbluewizard,233280995418308611,0.2,,,,,,,,,,,,,
listed,2026-04-29T00:16:13.821+00:00,https://reverb.com/item/96490410-mule-modest-mavis-black,Huss & Dalton,,Mule Modest Mavis,,,,,Very Good,2750,,,Maple Street Guitars,reverb,greg1213,288303791109963776,,0,311,26,"Atlanta, GA, United States",GA,US,1,350,true,false,US,Black,2026-04-28T18:51:54+00:00
listed,2026-04-29T02:00:57.349+00:00,https://reverb.com/item/91775503-mint-nash-guitars-s-67-dakota-red-large-cbs-headstock-heavy-relic,Nash,Nash,RG,Heavy Relic,,,,Mint,2249,,,Coast Sonic,reverb,greg1213,288303791109963776,,0,431,16,"Carlsbad, CA, United States",CA,US,0.9983646770237122,36249,true,,,,2025-08-12T14:14:15+00:00
listed,2026-04-29T02:02:06.62+00:00,https://reverb.com/item/86407766-ibanez-s470-1997-japan-mint,Ibanez,Ibanez Prestige,S470,,,,,Mint,1401,,,Tatto Shop,reverb,hibby_,230107654758858753,,1,2777,94,"Caserta, Italy",CE,IT,0.99,40,false,false,JP,Sol Mahogany,2024-12-31T12:34:59+00:00
listed,2026-04-29T02:04:43.47+00:00,https://reverb.com/item/96453414-nash-t-56-gt-2023-heavy-aged-les-paul-gold,Nash,Nash,Les Paul,Heavy Aged,,,,Excellent,2300,,,Bryce’s Guitar Emporium,reverb,greg1213,288303791109963776,,2,461,47,"Greeley, CO, United States",CO,US,0.9973684210526316,337,true,false,,Heavy Aged Les Paul Gold,2026-04-27T15:50:06+00:00
listed,2026-04-29T02:10:55.599+00:00,https://reverb.com/item/96503193-ibanez-jem7d,Ibanez,Ibanez J.Custom,JEM,,,,,Excellent,2691,,,Roman Guitars,reverb,greg1213,288303791109963776,,0,251,13,"Aurora, Canada",ON,CA,1,66,true,false,JP,Black,2026-04-28T23:56:45+00:00
listed,2026-04-29T02:12:38.182+00:00,https://reverb.com/item/96495257-1976-ibanez-mij-2387-rocket-roll-flying-v-w-ohsc,Ibanez,Ibanez J.Custom,Flying V,Mij,,,,Very Good,2899,,,Next Big Thing Guitars,reverb,greg1213,288303791109963776,,0,84,23,"New Egypt, NJ, United States",NJ,US,1,594,true,false,JP,Korina,2026-04-28T20:36:25+00:00
sold,2026-04-29T05:50:03.22+00:00,https://reverb.com/item/96495257-1976-ibanez-mij-2387-rocket-roll-flying-v-w-ohsc,Ibanez,Ibanez J.Custom,Flying V,Mij,,,,Very Good,2899,2899,,Next Big Thing Guitars,reverb,greg1213,288303791109963776,0.4,0,84,23,"New Egypt, NJ, United States",NJ,US,1,594,true,false,JP,Korina,2026-04-28T20:36:25+00:00
listed,2026-04-29T05:57:16.555+00:00,https://www.guitarcenter.com/Schecter-Guitar-Research/SLS-Elite-5-Evil-Twin-5-String-Electric-Bass-Satin-Black-1500000256210.gc?algoliaQueryID=e0e0cc55c6ef72eb8c8f7a65b7b4361a&algoliaIndexName=guitarcenter,Schecter,,SLS Elite-5 Evil,Satin,,,,Used,1549,,,,marketplace,say.waaat,591343751201423439,,,,,,,,,,,,,,
sold,2026-04-29T07:22:17.664+00:00,https://reverb.com/item/95860160-caparison-angelus-hgs,Caparison,Caparison,Angelus HGS,,,,,Excellent,2500,2500,,Adam's Guitars,reverb,hibby_,230107654758858753,18.3,0,433,19,"Greensburg, PA, United States",PA,US,0.9948717948717949,900,true,false,JP,,2026-04-10T23:19:49+00:00
listed,2026-04-29T12:13:14.083+00:00,https://reverb.com/item/96511521-suhr-select-classic-t-ponderosa-pine-2018-collection,Suhr,Suhr,Classic,,,,,Excellent,5417,,,G77+ LLP Singapore,reverb,scottcorgan,103469574581669888,,0,182,2,"Singapore, Singapore",01,SG,0.9821428571428571,56,true,false,US,,2026-04-29T07:34:32+00:00
listed,2026-04-29T13:26:50.704+00:00,https://kahlerusa.com/product/quad-series-fixed-guitar-bridge-stud-mount,National,,Quad Series Fixed,,,,,,199,,,,news,yellowjack6,908889503173857351,,,,,,,,,,,,,,
price_changed,2026-04-29T15:20:48.613+00:00,https://reverb.com/item/94889280-dean-md22-usa-custom-floyd-rose-2025-magenta-metallic,Dean,,MD22 Custom/Floyd Rose,Usa Floyd Rose,,,,Excellent,3000,,,Christina ,reverb,shteefe,415010947871277068,,0,189,5,"Washington Boro, PA, United States",PA,US,0.9972972972972973,74,false,false,US,Magenta Metallic,2026-03-07T03:55:50+00:00
sold,2026-04-29T15:21:34.317+00:00,https://reverb.com/item/96423863-charvel-custom-shop-masterbuild-star-2026-metallic-purple,Charvel,Charvel USA Custom Shop,Masterbuild Star Metallic,Custom Shop,,,,Excellent,4799,4799,,Mikes Gear Emporium ,reverb,modean,663012207478571038,2.9,0,276,31,"Melbourne, FL, United States",FL,US,0.997080291970803,274,false,false,US,Metallic Purple,2026-04-26T16:51:56+00:00
sold,2026-04-29T15:24:25.34+00:00,https://reverb.com/item/96285359-revv-dynamis-d20-mk2-20-watt-guitar-amp-head-2025-present-black,Revv,,Dynamis D20 MK2,,,,,,982,982,,,reverb,scottcorgan,103469574581669888,6.8,,,,,,,,,,,,,2026-04-22T20:34:56+00:00
price_changed,2026-04-29T19:20:57.476+00:00,https://reverb.com/ca/item/96466203-b-c-rich-eagle-custom-shop-1983,BC Rich,BC Rich USA Custom Shop,Eagle,Custom Shop,,,,Very Good,6907,,7653, My online music store ,reverb,jevice.,890954150051987536,,0,391,36,"Laval, Canada",QC,CA,1,2,false,false,US,custom shop,2026-04-28T00:05:36+00:00
price_changed,2026-04-29T19:21:29.85+00:00,https://reverb.com/item/96427256-fender-music-master-ii-duo-sonic-1965-olympic-white,Fender,Fender Custom Shop,Duo-Sonic,,,1965,true,Good,2000,,2500,Electric Workshop,reverb,madero,126233894897975296,,1,497,33,"San Marcos, TX, United States",TX,US,0.9961538461538462,208,true,false,US,Olympic White,2026-04-26T21:10:31+00:00
price_changed,2026-04-29T19:21:54.715+00:00,https://reverb.com/item/96408671-prs-santana-25th-anniversary-2010-angry-larry,PRS,PRS Core,Santana,,,,,Very Good,3500,,3100,Lindsay's Gear Outlet,reverb,theguitarpit,602222337923743754,,0,377,28,"Salem, OR, United States",OR,US,0.9375,16,false,false,US,Angry Larry,2026-04-26T01:02:32+00:00
sold,2026-04-29T19:22:15.413+00:00,https://reverb.com/item/96399213-g-l-legacy-usa-model-vintage-1997-98-birdseye-maple-neck-great-tone,G&L,G&L USA,Legacy,Usa,,,,Very Good,930,930,,Nick W's Guitar Candy,reverb,modean,663012207478571038,4.1,0,409,47,"Bakersfield, CA, United States",CA,US,0.9948220064724919,4498,true,false,US,,2026-04-25T17:55:00+00:00
removed,2026-04-29T20:20:48.795+00:00,https://reverb.com/item/94889280-dean-md22-usa-custom-floyd-rose-2025-magenta-metallic,Dean,,MD22 Custom/Floyd Rose,Usa Floyd Rose,,,,Excellent,3000,,,Christina ,reverb,shteefe,415010947871277068,53.7,0,189,5,"Washington Boro, PA, United States",PA,US,0.9972972972972973,74,false,false,US,Magenta Metallic,2026-03-07T03:55:50+00:00
listed,2026-04-29T20:32:52.578+00:00,https://reverb.com/item/96521941-frank-brothers-radar-2024-trillium-white,Frank,,Brothers Radar Trillium,,,,,Very Good,3600,,,Adam's Gear,reverb,jalastair,1349196926226141257,,0,312,22,"Renton, WA, United States",WA,US,1,189,false,false,CA,Trillium White,2026-04-29T19:11:32+00:00
listed,2026-04-29T20:33:58.098+00:00,https://reverb.com/item/96402211,Two Rock,,Studio,Signature,,,,Excellent,2668,,,Gilbert Gear ,reverb,shoegazee_,1396700009130491906,,2,159,8,"La Malbaie, Canada",QC,CA,1,41,false,false,US,,2026-04-25T21:15:18+00:00
listed,2026-04-29T20:51:09.196+00:00,https://www.guitarworld.com/gear/electric-guitars/fender-japan-mij-hybrid-ii-2026,Fender,Fender Japan,&ldquo;Love at first,Mij,,,,,,,,,news,shoegazee_,1396700009130491906,,,,,,,,,,,,,,
listed,2026-04-29T21:05:25.359+00:00,https://reverb.com/item/96519962-washburn-d-25s-dreadnought-acoustic-guitar-one-owner-upgraded-bone-nut-saddle-pins-w-case,Washburn,Washburn Import,D-25S Dreadnought Acoustic,,,,,Very Good,500,,,Individual Seller,reverb,greg1213,288303791109963776,,0,170,6,"Prairie Village, KS, United States",KS,US,1,8,false,false,KR,Natural,2026-04-29T17:36:38+00:00
listed,2026-04-29T21:45:41.323+00:00,https://reverb.com/ca/item/95595127-1972-marshall-50w-bass-head-super-rare-vintage-uk-tube-amp,Marshall,,50W Bass Head,,,,,Good,4550,,,Echo Studios,reverb,shoegazee_,1396700009130491906,,0,612,38,"Toronto, Canada",ON,CA,0.9565217391304348,23,false,false,GB,,2026-04-01T20:24:18+00:00
listed,2026-04-29T22:34:19.045+00:00,https://reverb.com/item/96524788-b-c-rich-st-legacy-usa-ohsc-beautiful-condition-gunslinger-body,BC Rich,,Legacy,Usa,,,,Excellent,2395,,,Nick W's Guitar Candy,reverb,modean,663012207478571038,,0,373,29,"Bakersfield, CA, United States",CA,US,0.9954098360655738,4504,true,false,,,2026-04-29T21:03:50+00:00
price_changed,2026-04-29T23:21:50.039+00:00,https://reverb.com/item/91799317-carvin-ct6-california-carved-top,Kiesel,Kiesel / Carvin,CT6 California Carved,,,,,Very Good,950,,1050,Nick  Hoffman Guitars,reverb,hibby_,230107654758858753,,1,1414,65,"Santa Barbara, CA, United States",CA,US,1,20,false,false,US,Gloss stained maple,2025-08-13T23:04:21+00:00
price_changed,2026-04-29T23:22:01.405+00:00,https://reverb.com/item/96405751-prs-santana-signature-retro-10-top-2024-present-orange,PRS,PRS Core,Santana,Signature 10-top,,,,Excellent,3589,,3769,Eddie’s Guitar ,reverb,theguitarpit,602222337923743754,,1,260,17,"Sunrise, FL, United States",FL,US,1,4,false,false,US,Yellow and Burgundy Red,2026-04-25T23:31:17+00:00
listed,2026-04-30T01:36:03.443+00:00,https://reverb.com/item/90626157-cort-action-bass-v-plus-tr-5-string-electric-bass-trans-red-new-with-full-warranty,Cort,,Action Bass Plus,,,,,Brand New,315,,,eVillage Music,reverb,greg1213,288303791109963776,,2,505,17,"Astoria, NY, United States",NY,US,0.9956656346749226,10299,true,false,ID,Trans Red,2025-06-07T08:55:09+00:00
listed,2026-04-30T01:36:12.039+00:00,https://reverb.com/item/94690541-cort-gb34jj-bass-guitar-3-tone-sunburst,Cort,,Jazz Bass,,,,,Brand New,370,,,ProAudioStar,reverb,greg1213,288303791109963776,,0,164,5,"Brooklyn, NY, United States",NY,US,0.9941513455901945,186570,true,,,678,2026-02-27T00:41:50+00:00
listed,2026-04-30T02:32:48.126+00:00,https://reverb.com/item/95019498-taylor-110-2012-natural,Taylor,Taylor Mexico,110,,,,,Very Good,525,,,Rick's Guitar Emporium,reverb,greg1213,288303791109963776,,0,206,3,"Lebanon, OH, United States",OH,US,0.9970149253731343,67,true,false,MX,Natural,2026-03-13T18:53:24+00:00
removed,2026-04-30T03:22:01.761+00:00,https://reverb.com/item/82682387-carvin-dc127-neck-thru-double-cut-tung-oil,Kiesel,Kiesel / Carvin,DC127,,,,,Good,900,,,Amber Lit Audio,reverb,hibby_,230107654758858753,695.2,0,7198,255,"Grand Rapids, MI, United States",MI,US,1,279,true,false,,Tung Oil,2024-06-03T21:50:02+00:00
price_changed,2026-04-30T03:24:41.171+00:00,https://reverb.com/item/95914392-hamer-usa-t-51-1993-butterscotch,Hamer,Hamer Import,T-51 Butterscotch,,1993,,,,1650,,,,reverb,modean,663012207478571038,,,,,,,,,,,,,,
price_changed,2026-04-30T03:24:45.653+00:00,https://reverb.com/item/95508174,Jackson,Jackson USA Custom Shop,Dinky,,2026,,,,3439,,,,reverb,shoegazee_,1396700009130491906,,,,,,,,,,,,,,
price_changed,2026-04-30T07:22:07.252+00:00,https://reverb.com/item/96408671-prs-santana-25th-anniversary-2010-angry-larry,PRS,PRS Core,Santana,,,,,Very Good,3500,,3100,Lindsay's Gear Outlet,reverb,theguitarpit,602222337923743754,,0,377,28,"Salem, OR, United States",OR,US,0.9375,16,false,false,US,Angry Larry,2026-04-26T01:02:32+00:00
listed,2026-04-30T13:03:47.073+00:00,https://www.guitarcenter.com/Fender/Standard-Telecoustic-Acoustic-Electric-Guitar-Walnut-Stain-1273888002522.gc,Fender,,Standard,,,,,Used,,,,,marketplace,pabstbluewizard,233280995418308611,,,,,,,,,,,,,,
listed,2026-04-30T13:53:40.16+00:00,https://reverb.com/item/87608193-used-squier-affinity-active-jazz-bass-mystic-sea-foam-green-w-laurel-fb,Squier,Squier,Jazz Bass,,,,,Mint,400,,,ProAudioStar,reverb,greg1213,288303791109963776,,0,111,6,"Brooklyn, NY, United States",NY,US,0.9941513455901945,186570,true,,US,678,2025-03-03T18:33:32+00:00
listed,2026-04-30T14:28:14.275+00:00,https://reverb.com/item/96537625-esp-navigator-custom-les-paul-magician-floyd-trem-system-top-mounted,ESP,ESP USA,Les Paul,Floyd,,,,Very Good,3000,,,Rick's Gear Depot,reverb,doesitslaptho,659997698300051472,,0,262,15,"Olney, MD, United States",MD,US,1,13,false,false,JP,White,2026-04-30T02:08:53+00:00
listed,2026-04-30T14:41:27.933+00:00,https://reverb.com/item/96054576-g-l-fullerton-deluxe-legacy-hss-with-maple-fretboard-2020-2022-sublime-green,G&L,G&L USA,Legacy,Hss,,,,Very Good,2099,,,DIEGO's Gear Emporium,reverb,doesitslaptho,659997698300051472,,0,192,4,"Bogota, Colombia",DC,CO,1,16,false,false,US,Matcha Green,2026-04-15T14:51:31+00:00
listed,2026-04-30T14:44:15.853+00:00,https://reverb.com/item/93248692-esp-eclipse-i-ctm-fr-floyd-rose-block-inlays-4-knob-2009-black,ESP,ESP USA,Eclipse,Floyd Rose,,,,Good,2315,,,Wild86's Gear Depot,reverb,wontongg,214444614189449226,,5,1471,52,"Helsinki, Finland",Uusimaa,FI,1,41,false,false,JP,Black,2025-11-23T12:22:47+00:00
listed,2026-04-30T17:03:17.136+00:00,https://www.guitarcenter.com/Used/Fender/Used-Fender-Modern-Player-Dimension-Bass-Olympic-White-Electric-Bass-Guitar-121873764.gc?customer_id=221-965-2806&source=4WWRWXGP&utm_id=22045275754&utm_creative=732726672203&utm_marketing_tactic=bass&gad_source=1&gad_campaignid=22045275754&gbraid=0AAAAADtcCuzQc2vf2Tn96NaObjYmgJJXM,Fender,Fender Mexico,Modern,Player,,,,Used,599.99,,,,marketplace,greg1213,288303791109963776,,,,,,,,,,,,,,
listed,2026-04-30T17:51:13.017+00:00,https://reverb.com/item/96558050-prs-mccarty-1994-2007-black,PRS,PRS Core,McCarty 1994,,,1994,true,Good,2100,,,Milwaukee Guitar Collective,reverb,theguitarpit,602222337923743754,,0,193,27,"Milwaukee, WI, United States",WI,US,1,1673,true,false,US,Black,2026-04-30T17:48:43+00:00
price_changed,2026-04-30T19:21:08.66+00:00,https://reverb.com/item/96475862-nash-t-72-tl,Nash,Nash,T-72 TL,,,,,Excellent,1999,,,Tele Pat,reverb,greg1213,288303791109963776,,1,382,36,"Newport, OR, United States",OR,US,1,532,true,false,US,,2026-04-28T14:18:23+00:00
sold,2026-04-30T19:21:10.949+00:00,https://reverb.com/item/96432646-shabat-lion-standard-telecaster-2022-sunburst,Vintage,,Telecaster,Standard,,,,Very Good,2450,2450,,Parker's Gear Garage,reverb,hibby_,230107654758858753,3.8,1,278,21,"Greer, SC, United States",SC,US,0.9895348837209302,172,false,false,US,Sunburst,2026-04-27T00:14:07+00:00
sold,2026-04-30T19:21:33.766+00:00,https://reverb.com/item/94521200-tokai-talbo-blazing-fire-guitar-aluminium-made-in-japan-1982,Tokai,,Talbo Blazing Fire,,,,,Very Good,1037,1037,,"Vintage Guitars, Recording Gear, Rock Vinyls",reverb,greg1213,288303791109963776,73.2,2,414,18,"Paris, France",,FR,0,0,false,false,JP,Silver,2026-02-16T15:35:48+00:00
sold,2026-04-30T19:24:13.002+00:00,https://reverb.com/item/96281194-b-c-rich-usa-mockingbird-supreme-1996-transparent-purple-finish,BC Rich,BC Rich USA Custom Shop,Mockingbird Supreme Transparent,Usa,,,,Excellent,3500,3500,,Neal's Vintage ,reverb,yellowjack6,908889503173857351,8.1,0,642,45,"Huntington Beach, CA, United States",CA,US,1,556,true,false,US,Transparent Purple Finish,2026-04-22T17:32:31+00:00
removed,2026-04-30T19:24:31.26+00:00,https://reverb.com/item/76988182,SAITO,,GSB019,,2023,,,,1538,,,,reverb,shoegazee_,1396700009130491906,7.6,,,,,,,,,,,,,
listed,2026-04-30T20:06:50.963+00:00,https://reverb.com/item/96457974-bc-rich-ironbird-extreme-mk2-7-black-sr-60265,BC Rich,BC Rich Import,Ironbird Extreme MK2,,,,,Excellent,1599,,,Franklin Guitar Works,reverb,yellowjack6,908889503173857351,,1,208,21,"La Vergne, TN, United States",TN,US,0.9962445835339432,17248,true,,,Black,2026-04-27T19:21:28+00:00
removed,2026-04-30T20:20:31.274+00:00,https://reverb.com/item/96402211,Two Rock,,Studio,Signature,,,,Excellent,2668,,,Gilbert Gear ,reverb,shoegazee_,1396700009130491906,5,2,159,8,"La Malbaie, Canada",QC,CA,1,41,false,false,US,,2026-04-25T21:15:18+00:00
listed,2026-04-30T21:03:39.557+00:00,https://reverb.com/item/96067847-prs-tremonti-2025-brand-new,PRS,PRS Core,Tremonti,,,,,Excellent,3775,,,Joe's Toy Shop,reverb,wontongg,214444614189449226,,1,349,21,"Merriam, KS, United States",KS,US,1,76,false,false,US,,2026-04-16T00:46:32+00:00
price_changed,2026-04-30T23:20:09.436+00:00,https://reverb.com/item/93248692-esp-eclipse-i-ctm-fr-floyd-rose-block-inlays-4-knob-2009-black,ESP,ESP USA,Eclipse,Floyd Rose,,,,Good,2315,,,Wild86's Gear Depot,reverb,wontongg,214444614189449226,,5,1471,52,"Helsinki, Finland",Uusimaa,FI,1,41,false,false,JP,Black,2025-11-23T12:22:47+00:00
price_changed,2026-04-30T23:20:36.446+00:00,https://reverb.com/item/96503193-ibanez-jem7d,Ibanez,Ibanez J.Custom,JEM,,,,,Excellent,2691,,,Roman Guitars,reverb,greg1213,288303791109963776,,0,251,13,"Aurora, Canada",ON,CA,1,66,true,false,JP,Black,2026-04-28T23:56:45+00:00
price_changed,2026-04-30T23:20:41.22+00:00,https://reverb.com/item/86407766-ibanez-s470-1997-japan-mint,Ibanez,Ibanez Prestige,S470,,,,,Mint,1401,,,Tatto Shop,reverb,hibby_,230107654758858753,,1,2777,94,"Caserta, Italy",CE,IT,0.99,40,false,false,JP,Sol Mahogany,2024-12-31T12:34:59+00:00
price_changed,2026-04-30T23:20:48.002+00:00,https://reverb.com/item/96193973-gibson-southern-jumbo-sj-1964-1969-sunburst?bk=eyJhbGciOiJIUzI1NiJ9.eyJqdGkiOiI2ODUzYmY0Yi0xZWUxLTQyOGEtOTI0NS0xMDhiYTVkNGUwMDciLCJpYXQiOjE3Nzc0MDczMTIsInVzZXJfaWQiOiIxMTg5NjU5NCIsInNlc3Npb25faWQiOiIwN2Y3OWY4NS1hYzNhLTQ4YTctODE5YS04ZGFmOGM2OGI0N2IiLCJjb29raWVfaWQiOiJiMzcyNzU2ZS04NWUyLTRhMDQtOTk4MS01NjRjYTdjY2IyMmIiLCJwcm9kdWN0X2lkIjoiOTYxOTM5NzMiLCJzb3VyY2UiOiJOT05FIn0.vhEyg0OQT13OLesSrz2hTabJ_4gCTXyuS01pyXNCMhg,Gibson,Gibson USA,Southern Jumbo SJ,,,1964,true,Very Good,11024,,,Musikborsen Gothenburg,reverb,pabstpabst,1498775514301599745,,0,246,6,"Göteborg, Sweden",Västra Götaland,SE,0.9726027397260274,286,false,false,US,Sunburst,2026-04-20T13:56:53+00:00
price_changed,2026-04-30T23:21:22.064+00:00,https://reverb.com/item/87170333-aria-pro-ii-eg-1200-eagle-1979-bc-rich-eagle-standard-walnut-finish-all-mahogany-dimarzio-dual-sound-dp101-humbuckers-made-in-japan-mij,Aria,,Standard,Mij,,,,Good,1995,,,Rising Sun Vintage Guitars,reverb,greg1213,288303791109963776,,0,655,27,"Ayr, Canada",ON,CA,1,179,false,false,JP,Walnut,2025-02-12T14:38:01+00:00
price_changed,2026-04-30T23:21:24.315+00:00,https://reverb.com/ca/item/96466203-b-c-rich-eagle-custom-shop-1983,BC Rich,BC Rich USA Custom Shop,Eagle,Custom Shop,,,,Very Good,6907,,7653, My online music store ,reverb,jevice.,890954150051987536,,0,391,36,"Laval, Canada",QC,CA,1,2,false,false,US,custom shop,2026-04-28T00:05:36+00:00
price_changed,2026-04-30T23:21:37.776+00:00,https://reverb.com/uk/item/95040591-gibson-les-paul-standard-limited-2010-fireball,Gibson,Gibson USA,Les Paul Standard,Limited,,,,Very Good,3050,,,Rinkies Guitars,reverb,ynid,83552549902225408,,0,443,17,"The Hague, Netherlands",ZH,NL,0.9847133757961783,157,true,false,US,Fireball,2026-03-14T10:59:55+00:00
price_changed,2026-04-30T23:21:40.368+00:00,https://reverb.com/item/93485544,Ibanez,Ibanez J.Custom,2618CW Series wine,Artist,,,,Very Good,2043,,,Oscar Guitars,reverb,shoegazee_,1396700009130491906,,0,336,21,"Stockholm, Sweden",Stockholm,SE,1,428,true,false,JP,cherry wine,2026-04-27T12:03:29+00:00
price_changed,2026-04-30T23:21:47.145+00:00,https://reverb.com/item/95397461-1960s-zerosette-a2a-blonde,Zerosette,,A2A,,,,,Very Good,824,,,Oscar Guitars,reverb,greg1213,288303791109963776,,0,227,11,"Stockholm, Sweden",Stockholm,SE,1,428,true,false,IT,blonde,2026-04-27T09:56:48+00:00
price_changed,2026-04-30T23:21:56.199+00:00,https://reverb.com/item/91731701,Mule,,Resonater,,,,,Good,3607,,,Browns Vintage Gear Garage,reverb,shoegazee_,1396700009130491906,,5,2481,73,"Chilliwack, Canada",BC,CA,0.9743589743589743,39,true,false,US,Steel,2025-08-08T18:27:20+00:00
price_changed,2026-04-30T23:22:07.619+00:00,https://reverb.com/item/93485541-1991-1994-carvin-dc127-koa-natural-gloss,Kiesel,Kiesel / Carvin,DC127,Gloss,,,,Excellent,1798,,,Oscar Guitars,reverb,theguitarpit,602222337923743754,,4,3488,155,"Stockholm, Sweden",Stockholm,SE,1,428,true,false,US,natural gloss,2026-01-12T10:34:31+00:00
price_changed,2026-04-30T23:22:27.845+00:00,https://reverb.com/item/96227959,Hiwatt,,Dr504,,,,,Very Good,2686,,,Paul's Gear Garage,reverb,shoegazee_,1396700009130491906,,0,191,6,"Doyles, Canada",NL,CA,0.9882352941176471,102,true,false,GB,Black,2026-04-23T15:02:09+00:00
price_changed,2026-04-30T23:22:30.057+00:00,https://reverb.com/item/96313410,Charvel,,"Jackson Deluxe ""Toothpaste",Mij,,,,Good,308,,,Charvel55,reverb,shoegazee_,1396700009130491906,,0,240,10,"Toronto, Canada",ON,CA,1,118,false,false,JP,Maple/Rosewood,2026-04-23T20:01:28+00:00
price_changed,2026-04-30T23:23:09.275+00:00,https://reverb.com/item/85732695-dean-usa-patents-pending-ml-classic-black-open-box,Dean,,Classic,Usa,,,,Mint,2390,,2480,ProAudioStar,reverb,yellowjack6,908889503173857351,,3,1655,91,"Brooklyn, NY, United States",NY,US,0.9941517351628588,186571,true,,,678,2024-11-18T13:36:28+00:00
price_changed,2026-04-30T23:23:23.024+00:00,https://reverb.com/item/95700544-infinite-used-trad-t-light-aged-lake-placid-blue,Infinite,,USED ​��Trad T Light Aged (Lake Placid Blue),,,,,Very Good,1756,,,Ikebe Music ,reverb,theguitarpit,602222337923743754,,0,235,5,"Tokyo, Japan",TOKYO,JP,0.9761467889908256,1355,false,,,Light,2026-04-05T10:42:07+00:00
removed,2026-04-30T23:23:52.34+00:00,https://reverb.com/item/86581377-fender-jaguar-2000-s-shoreline-gold,Fender,Fender Custom Shop,Jaguar,,,,,Excellent,5243,,,Julian's Gear Garage,reverb,scottcorgan,103469574581669888,473.9,0,1913,51,"Perth, Australia",WA,AU,0,0,false,false,US,Shoreline Gold,2025-01-12T01:47:52+00:00
price_changed,2026-04-30T23:24:01.336+00:00,https://reverb.com/item/96307699-prs-ce-24-sprayer-s-choice-pink-magenta-sparkle,PRS,PRS CE,CE 24,,,,,Brand New,2992,,,The Vibrato Bar,reverb,theguitarpit,602222337923743754,,0,292,18,"Stoney Creek, Canada",ON,CA,1,281,true,false,US,Pink Magenta Sparkle,2026-04-23T15:25:25+00:00
price_changed,2026-04-30T23:24:12.489+00:00,https://reverb.com/ca/item/52847532-2014-gibson-es-359-vintage-sunburst,Gibson,Gibson USA,ES-359,,,,,Very Good,4169,,,Jordan Guitars Ltd,reverb,shoegazee_,1396700009130491906,,3,919,32,"LEICESTER, United Kingdom",ENG,GB,1,177,true,false,US,Sunburst,2026-04-18T10:14:08+00:00
listed,2026-05-01T00:04:19.648+00:00,https://reverb.com/item/96567599-kiesel-aries-bolt-on-6-bass-vi-30-inch-scale-baritone,Kiesel,Kiesel / Carvin,Aries Bolt-On Bass,Bass Vi Baritone,,,,Excellent,1700,,,IBNH Central FL Gear,reverb,scottcorgan,103469574581669888,,0,293,24,"Orlando, FL, United States",FL,US,0.9724137931034483,82,false,false,US,,2026-04-30T22:36:38+00:00
listed,2026-05-01T01:08:52.397+00:00,https://www.guitarcenter.com/Used/Fender/Vintage-Vintage-1984-Fender-American-Deluxe-Stratocaster-Plus-Carribean-Blue-Solid-Body-Electric-Guitar.gc?algoliaQueryID=d2a8970e937cd0771115da5b2bf3ccc2&algoliaIndexName=cD-guitarcenter,Vintage,,Stratocaster,American Deluxe,,,,Used,1299.99,,,,marketplace,greg1213,288303791109963776,,,,,,,,,,,,,,
listed,2026-05-01T01:10:18.622+00:00,https://reverb.com/item/96559191-warmoth-strat-neck-wenge-ebony-59-neck-profile,Warmoth,,Stratocaster,59,,,,Very Good,230,,,rEvolve Guitar and Music Shop,reverb,greg1213,288303791109963776,,,62,9,"Bartlett, TN, United States",TN,US,0.9977777777777778,4067,true,false,US,,2026-04-30T20:38:45+00:00
listed,2026-05-01T01:49:00.006+00:00,https://reverb.com/item/96566115-b-c-rich-custom-shop-ironbird-mk1-2026-black-limba,BC Rich,BC Rich USA Custom Shop,Ironbird MK1 Limba,Custom Shop,,,,Brand New,8199,,,The Gunter Collection,reverb,yellowjack6,908889503173857351,,0,200,19,"Alpharetta, GA, United States",GA,US,0.9984375,384,true,false,US,Black Limba,2026-04-30T22:04:08+00:00
listed,2026-05-01T02:00:06.829+00:00,https://reverb.com/item/94710378-hofner-450-s-e2-e-guitar-from-1966-in-redburst-vintage-restored-hofner,Hofner,,E2 e-guitar from,,,,,Very Good,649,,,PhilThy Guitars,reverb,greg1213,288303791109963776,,0,308,17,"Burgstetten, Germany",BW,DE,0.9870967741935484,279,true,false,DE,Redburst,2026-04-30T20:11:32+00:00
listed,2026-05-01T02:03:41.385+00:00,https://reverb.com/item/96549629-1965-guild-t-100-slim-jim-w-ohsc-clean,Guild,Guild Import,T-100 Slim Jim,,,,,Very Good,1238,,,Tidewater Vintage ,reverb,greg1213,288303791109963776,,0,168,16,"Gloucester, VA, United States",VA,US,0.9923371647509579,3613,true,false,US,Sunburst,2026-04-30T11:48:41+00:00
listed,2026-05-01T02:05:16.82+00:00,https://reverb.com/item/96523693-2024-knaggs-chena-a-hollowbody-archtop-w-charlie-christian-and-piezo,Knaggs,Knaggs,Hollowbody,Piezo,,,,Excellent,3450,,,Kevin's Gear Emporium,reverb,greg1213,288303791109963776,,1,276,31,"Wauwatosa, WI, United States",WI,US,1,123,false,false,US,Shell Pink,2026-04-29T20:30:41+00:00
listed,2026-05-01T02:08:01.829+00:00,https://reverb.com/item/96500421-1959-kay-built-hollowbody-archtop-electric-guitar-w-hardshell-case,Kay,,Hollowbody,1959,,,,Excellent,770,,,Alpine Music Exchange,reverb,greg1213,288303791109963776,,0,179,8,"Evergreen, CO, United States",CO,US,0.95,8,false,,US,Sunburst,2026-04-28T22:21:46+00:00
listed,2026-05-01T02:11:44.491+00:00,https://reverb.com/item/96545304-hamer-usa-artist-korina-2001-natural,Hamer,Hamer USA Vintage,Korina,Usa Artist,,,,Excellent,2200,,,AllThingsHaveAStory,reverb,greg1213,288303791109963776,,0,326,47,"Muscatine, IA, United States",IA,US,1,1,false,false,US,Natural,2026-04-30T05:10:43+00:00
sold,2026-05-01T03:20:16.25+00:00,https://reverb.com/item/96559191-warmoth-strat-neck-wenge-ebony-59-neck-profile,Warmoth,,Stratocaster,59,,,,Very Good,230,230,,rEvolve Guitar and Music Shop,reverb,greg1213,288303791109963776,0.3,,62,9,"Bartlett, TN, United States",TN,US,0.9977777777777778,4067,true,false,US,,2026-04-30T20:38:45+00:00
sold,2026-05-01T03:20:16.509+00:00,https://reverb.com/item/96559191-warmoth-strat-neck-wenge-ebony-59-neck-profile,Warmoth,,Stratocaster,59,,,,Very Good,230,230,,rEvolve Guitar and Music Shop,reverb,greg1213,288303791109963776,0.3,,62,9,"Bartlett, TN, United States",TN,US,0.9977777777777778,4067,true,false,US,,2026-04-30T20:38:45+00:00
price_changed,2026-05-01T03:20:18.521+00:00,https://reverb.com/item/96567599-kiesel-aries-bolt-on-6-bass-vi-30-inch-scale-baritone,Kiesel,Kiesel / Carvin,Aries Bolt-On Bass,Bass Vi Baritone,,,,Excellent,1700,,1870,IBNH Central FL Gear,reverb,scottcorgan,103469574581669888,,0,293,24,"Orlando, FL, United States",FL,US,0.9724137931034483,82,false,false,US,,2026-04-30T22:36:38+00:00
price_changed,2026-05-01T03:20:32.05+00:00,https://reverb.com/item/96537625-esp-navigator-custom-les-paul-magician-floyd-trem-system-top-mounted,ESP,ESP USA,Les Paul,Floyd,,,,Very Good,3000,,3270,Rick's Gear Depot,reverb,doesitslaptho,659997698300051472,,0,262,15,"Olney, MD, United States",MD,US,1,13,false,false,JP,White,2026-04-30T02:08:53+00:00
sold,2026-05-01T03:21:31.034+00:00,https://reverb.com/item/96461278-ernie-ball-music-man-cutlass-lightweight-specimen-2016-ohsc,Music Man,Music Man USA,Cutlass,,,,,Very Good,1195,1195,,Nick W's Guitar Candy,reverb,modean,663012207478571038,3.2,0,355,35,"Bakersfield, CA, United States",CA,US,0.9948220064724919,4499,true,false,US,,2026-04-27T22:46:43+00:00
price_changed,2026-05-01T07:20:41.362+00:00,https://reverb.com/item/96524788-b-c-rich-st-legacy-usa-ohsc-beautiful-condition-gunslinger-body,BC Rich,,Legacy,Usa,,,,Excellent,2395,,2495,Nick W's Guitar Candy,reverb,modean,663012207478571038,,0,373,29,"Bakersfield, CA, United States",CA,US,0.9954098360655738,4504,true,false,,,2026-04-29T21:03:50+00:00
price_changed,2026-05-01T11:23:34.498+00:00,https://reverb.com/item/96313872-gibson-j45-studio-walnut-acoustic-electric-natural-2023,Gibson,Gibson USA,J45 Studio Walnut,,,,,Excellent,1544,,1599,Private party,reverb,greg1213,288303791109963776,,0,239,7,"Santa Fe, NM, United States",NM,US,1,86,false,false,US,Top Gloss,2026-04-23T22:50:29+00:00
removed,2026-05-01T11:23:36.742+00:00,https://reverb.com/item/95700544-infinite-used-trad-t-light-aged-lake-placid-blue,Infinite,,USED ​��Trad T Light Aged (Lake Placid Blue),,,,,Very Good,1756,,,Ikebe Music ,reverb,theguitarpit,602222337923743754,26,0,235,5,"Tokyo, Japan",TOKYO,JP,0.9761467889908256,1355,false,,,Light,2026-04-05T10:42:07+00:00
listed,2026-05-01T12:59:45.397+00:00,https://reverb.com/item/94306901-squier-classic-vibe-active-70s-jazz-electric-bass-maple-fingerboard-black-pickguard-mocha-tgf33,Squier,Squier,Classic,70s,,,,Mint,446,,,The Guitar Factory,reverb,greg1213,288303791109963776,,0,241,21,"Orchard Park, NY, United States",NY,US,0.9731736526946108,10730,true,,,Classic,2026-01-31T22:59:27+00:00
listed,2026-05-01T14:20:51.75+00:00,https://reverb.com/item/96464557-b-c-rich-steve-smyth-6-string-sssbo,BC Rich,,Steve Smyth string,,,,,Very Good,1600,,,Scott's Gear Garage,reverb,yellowjack6,908889503173857351,,0,387,33,"Palatine, IL, United States",IL,US,1,35,false,false,KR,Black,2026-04-27T23:04:05+00:00
listed,2026-05-01T14:35:37.018+00:00,https://reverb.com/ca/item/96145641-rob-allen-mb-2f-ash-walnut,Rob Allen,,ISS1549,,,,,Excellent,3454,,,Tapestry Music,reverb,shoegazee_,1396700009130491906,,1,397,23,"Locations in Vancouver, Victoria and White Rock. See individual listing details for specific item location, Canada",BC,CA,0.9984848484848485,132,true,false,,Natural,2026-04-18T18:42:45+00:00
removed,2026-05-01T15:20:27.574+00:00,https://reverb.com/item/96457974-bc-rich-ironbird-extreme-mk2-7-black-sr-60265,BC Rich,BC Rich Import,Ironbird Extreme MK2,,,,,Excellent,1599,,,Franklin Guitar Works,reverb,yellowjack6,908889503173857351,3.8,1,208,21,"La Vergne, TN, United States",TN,US,0.9962445835339432,17248,true,,,Black,2026-04-27T19:21:28+00:00
removed,2026-05-01T15:20:28.002+00:00,https://reverb.com/item/96457974-bc-rich-ironbird-extreme-mk2-7-black-sr-60265,BC Rich,BC Rich Import,Ironbird Extreme MK2,,,,,Excellent,1599,,,Franklin Guitar Works,reverb,yellowjack6,908889503173857351,3.8,1,208,21,"La Vergne, TN, United States",TN,US,0.9962445835339432,17248,true,,,Black,2026-04-27T19:21:28+00:00
price_changed,2026-05-01T15:22:35.873+00:00,https://reverb.com/item/96408671-prs-santana-25th-anniversary-2010-angry-larry,PRS,PRS Core,Santana,,,,,Very Good,3500,,3100,Lindsay's Gear Outlet,reverb,theguitarpit,602222337923743754,,0,377,28,"Salem, OR, United States",OR,US,0.9375,16,false,false,US,Angry Larry,2026-04-26T01:02:32+00:00
listed,2026-05-01T17:29:17.386+00:00,https://reverb.com/item/96585834-b-c-warlock-extreme-exotic-electric-guitar-w-floyd-rose-black-cherry,Xotic,,B.C. Warlock Extreme,Floyd Rose,,,,Brand New,1900,,,Sound of Music,reverb,yellowjack6,908889503173857351,,0,108,10,"Kokomo, IN, United States",IN,US,1,2534,true,,,Black Cherry,2026-05-01T15:39:40+00:00
listed,2026-05-01T17:43:38.961+00:00,https://reverb.com/item/96469340-kiesel-aries-bolt-on-6,Kiesel,Kiesel / Carvin,Aries Bolt-On,,,,,Excellent,1350,,,Ted Skaff,reverb,hibby_,230107654758858753,,1,428,39,"GARDNER, KS, United States",KS,US,1,49,false,false,US,Gloss White,2026-04-29T11:30:48+00:00
price_changed,2026-05-01T19:20:39.058+00:00,https://reverb.com/item/96537625-esp-navigator-custom-les-paul-magician-floyd-trem-system-top-mounted,ESP,ESP USA,Les Paul,Floyd,,,,Very Good,3000,,3270,Rick's Gear Depot,reverb,doesitslaptho,659997698300051472,,0,262,15,"Olney, MD, United States",MD,US,1,13,false,false,JP,White,2026-04-30T02:08:53+00:00
sold,2026-05-01T19:21:37.849+00:00,https://reverb.com/item/96467589-washburn-ec36-m1-1988,Washburn,Washburn USA Custom,EC36 M1,,,,,Excellent,3000,3000,,Lopez Music Center llc.,reverb,c_g1723,225277565084893184,3.7,1,248,21,"Cicero, IL, United States",IL,US,0.9846153846153847,197,false,false,JP,Magma White,2026-04-28T02:30:30+00:00
removed,2026-05-01T19:22:39.408+00:00,https://reverb.com/item/96408671-prs-santana-25th-anniversary-2010-angry-larry,PRS,PRS Core,Santana,,,,,Very Good,3500,,,Lindsay's Gear Outlet,reverb,theguitarpit,602222337923743754,5.8,0,377,28,"Salem, OR, United States",OR,US,0.9375,16,false,false,US,Angry Larry,2026-04-26T01:02:32+00:00
price_changed,2026-05-01T19:22:55.501+00:00,https://reverb.com/item/96398014-vintage-rare-1960-s-julio-giulietti-model-a22-italian-semi-hollow,Vintage,,Semi-Hollow,1960,,,,Very Good,625,,650,Biff Boogin's Guitars,reverb,greg1213,288303791109963776,,0,243,11,"Santa Fe, NM, United States",NM,US,0.9666666666666667,24,false,false,IT,Burgundy,2026-04-25T17:07:51+00:00
removed,2026-05-01T19:23:16.126+00:00,https://reverb.com/item/96370547-b-c-rich-rich-b-legacy-doubleneck-electric-guitar-trans-red-richbldtrd2,BC Rich,,Legacy,,,,,B-Stock,1710,,,GearNuts,reverb,yellowjack6,908889503173857351,7,0,224,14,"Columbia City, IN, United States",IN,US,0.9954159212880144,121864,true,,,Trans Red,2026-04-24T20:07:20+00:00
price_changed,2026-05-01T19:23:43.865+00:00,https://reverb.com/item/96313872-gibson-j45-studio-walnut-acoustic-electric-natural-2023,Gibson,Gibson USA,J45 Studio Walnut,,,,,Excellent,1544,,1599,Private party,reverb,greg1213,288303791109963776,,0,239,7,"Santa Fe, NM, United States",NM,US,1,86,false,false,US,Top Gloss,2026-04-23T22:50:29+00:00
price_changed,2026-05-01T19:24:08.784+00:00,https://reverb.com/item/96326624-echopark-el-cabillo-case-study-koa-top-2015,Echopark,Echopark,EL Cabillo Case,,,,,Very Good,3099,,3450,haig's Gear Bazaar,reverb,theguitarpit,602222337923743754,,0,375,27,"La Canada Flintridge, CA, United States",CA,US,1,95,true,false,,,2026-04-24T00:38:59+00:00
listed,2026-05-02T00:10:10.282+00:00,https://reverb.com/item/96592436-berly-berlybird-new-from-authorized-dealer-2026-lake-placid-blue,Lollar,,Berly Berlybird from,,,,,Brand New,1899,,,Infinity Guitars,reverb,greg1213,288303791109963776,,0,176,20,"Houston, TX, United States",TX,US,1,1969,true,false,US,Lake Placid Blue,2026-05-01T21:57:00+00:00
listed,2026-05-02T06:00:10.622+00:00,https://reverb.com/item/96601085-friedman-metro-d-01-23-2019-alligator-burst,Friedman,Friedman,Metro-D 01-23-2019 Alligator,,,,,Excellent,1999,,,Highlands Guitars Plus,reverb,madero,126233894897975296,,0,246,27,"Louisville, KY, United States",KY,US,1,500,true,false,US,Alligator Burst,2026-05-02T03:12:04+00:00
listed,2026-05-02T10:51:50.512+00:00,https://reverb.com/item/96594339-prs-s2-singlecut-2020-flamed-maple-top-factory-case-paperwork-cool-color,PRS,PRS Core,S2 Singlecut,,,,,Very Good,1175,,,Nick W's Guitar Candy,reverb,modean,663012207478571038,,0,252,23,"Bakersfield, CA, United States",CA,US,0.9954098360655738,4504,true,false,US,Faded Whale blue smoke wrap,2026-05-01T22:47:50+00:00
listed,2026-05-02T13:05:32.526+00:00,https://www.daddario.com/collections/electric-guitar-strings-nyxl/products/nyxl1059-nyxl-electric-guitar-strings-nickel-wound-7-string-electric-guitar-strings-regular-light-10-59,,,,,,,,,11.99,,,,news,colin_90,259101353060597762,,,,,,,,,,,,,,
listed,2026-05-02T14:48:20.646+00:00,https://reverb.com/item/96106722-shabat-lynx-gun-metal-blue,Shabat,,Metal,,,,,Excellent,3999,,,Guitars By Nate,reverb,madero,126233894897975296,,0,401,22,"Saint Albans, VT, United States",VT,US,0.9920634920634921,126,false,false,US,Nitrocellulose/Gun Metal Blue,2026-04-17T02:54:21+00:00
listed,2026-05-02T15:20:45.756+00:00,https://reverb.com/item/96268478-gibson-explorer-custom-2024-ebony,Gibson,Gibson USA,Explorer,,,,,Very Good,3599,,,john's Boutique,reverb,theguitarpit,602222337923743754,,2,345,36,"Frederick, MD, United States",MD,US,1,305,true,false,US,Ebony,2026-04-22T11:09:29+00:00
listed,2026-05-02T16:29:21.219+00:00,https://reverb.com/item/96610268-parker-fly-tulipwood-limited-edition-pre-refined,Parker,Parker Fly,Fly Tulipwood Pre-Refined,Limited Edition,,,,Excellent,8000,,,Essential Guitars Inc,reverb,theguitarpit,602222337923743754,,0,342,32,"Hudson Valley, NY, United States",NY,US,1,199,true,false,,,2026-05-02T15:28:26+00:00
listed,2026-05-02T17:07:50.929+00:00,https://www.guitarscanada.com/threads/for-sale-2007-soldano-slo-100-3500.343299,Soldano,,SLO,,,,,,3500,,,,news,shoegazee_,1396700009130491906,,,,,,,,,,,,,,
listed,2026-05-02T17:51:16.562+00:00,https://reverb.com/item/96611893-fender-player-stratocaster-w-evertune,Fender,Fender Mexico,Stratocaster,Player Evertune,,,,Excellent,750,,,The Rock Compound,reverb,scottcorgan,103469574581669888,,,48,5,"Detroit, MI, United States",MI,US,0.98,40,true,false,MX,Polar White,2026-05-02T16:51:18+00:00
listed,2026-05-02T17:55:17.184+00:00,https://www.guitarcenter.com/Gibson-Custom/Dizzy-and-the-Falcon-Les-Paul-Art-Guitar-and-Falcon-20-Amplifier-Set-Multi-Colored-1500000480263.gc,Gibson,Gibson Custom Shop,Les Paul,Platinum,,,,Used,79999.99,,,,marketplace,kfw3e52zckdda9g8tgqaonzw5mqcqmzm,1332493343006920741,,,,,,,,,,,,,,
listed,2026-05-02T20:10:40.302+00:00,https://reverb.com/item/96591905-paul-reed-smith-s2-custom-24-25,PRS,PRS Core,S2 Custom,,,,,Excellent,1395,,,Dave's Guitar Shop,reverb,modean,663012207478571038,,0,150,11,"La Crosse, WI, United States",WI,US,0.9944688874921433,25827,true,false,,,2026-05-01T21:38:03+00:00
listed,2026-05-02T23:22:48.211+00:00,https://reverb.com/item/70174207-orange-rocker-15-2-channel-15-watt-1x10-guitar-combo?show_sold=true,Orange,,Rocker 15,,,,,B-Stock,449,,,The Official Orange Amplification Reverb Shop,reverb,modean,663012207478571038,,0,7272,255,"Chicago, IL, United States",IL,US,0.980701754385965,869,true,false,,Orange,2023-06-27T14:35:59+00:00
listed,2026-05-03T00:29:42.928+00:00,https://www.guitarcenter.com/Used/The-Heritage/Vintage-Vintage-1989-The-Heritage-SAE-Natural-Maple-Hollow-Body-Electric-Guitar-122097649.gc?customer_id=221-965-2806&source=4WWRWXGP&utm_id=22041530336&utm_creative=736454622928&utm_marketing_tactic=guitar&gad_source=1&gad_campaignid=22041530336&gbraid=0AAAAADtcCuwZQiZ8CEuYvSGwgKu1sO6q3,Vintage,,Hollow,,,,,Used,1499.99,,,,marketplace,greg1213,288303791109963776,,,,,,,,,,,,,,
listed,2026-05-03T01:54:15+00:00,https://reverb.com/item/96634357-gibson-sg-special-2020-faded-pelham-blue,Gibson,Gibson USA,SG Special,,,,,Very Good,1450,,,Valley Guitars,reverb,madero,126233894897975296,,0,357,45,"Woodburn, OR, United States",OR,US,1,970,true,false,US,Faded Pelham Blue,2026-05-03T01:46:01+00:00
listed,2026-05-03T03:48:32.797+00:00,https://reverb.com/item/96637381-2023-jackson-custom-shop-sl2h-soloist-champagne-sparkle,Jackson,Jackson USA Custom Shop,Soloist,Custom Shop,,,,Excellent,3499,,,Rockin' Guitars,reverb,theguitarpit,602222337923743754,,0,318,33,"Wilton, NH, United States",NH,US,1,213,false,false,US,,2026-05-03T02:43:22+00:00
price_changed,2026-05-03T03:51:40.224+00:00,https://reverb.com/ca/item/96145641-rob-allen-mb-2f-ash-walnut,Rob Allen,,ISS1549,,,,,Excellent,3454,,,Tapestry Music,reverb,shoegazee_,1396700009130491906,,1,397,23,"Locations in Vancouver, Victoria and White Rock. See individual listing details for specific item location, Canada",BC,CA,0.9984848484848485,132,true,false,,Natural,2026-04-18T18:42:45+00:00
price_changed,2026-05-03T03:51:56.045+00:00,https://reverb.com/item/94710378-hofner-450-s-e2-e-guitar-from-1966-in-redburst-vintage-restored-hofner,Hofner,,E2 e-guitar from,,,,,Very Good,649,,718,PhilThy Guitars,reverb,greg1213,288303791109963776,,0,308,17,"Burgstetten, Germany",BW,DE,0.9870967741935484,279,true,false,DE,Redburst,2026-04-30T20:11:32+00:00
sold,2026-05-03T03:51:58.255+00:00,https://reverb.com/item/96566115-b-c-rich-custom-shop-ironbird-mk1-2026-black-limba,BC Rich,BC Rich USA Custom Shop,Ironbird MK1 Limba,Custom Shop,,,,Brand New,8199,8199,,The Gunter Collection,reverb,yellowjack6,908889503173857351,2.2,0,200,19,"Alpharetta, GA, United States",GA,US,0.9984375,384,true,false,US,Black Limba,2026-04-30T22:04:08+00:00
removed,2026-05-03T03:52:03.423+00:00,https://reverb.com/item/96067847-prs-tremonti-2025-brand-new,PRS,PRS Core,Tremonti,,,,,Excellent,3775,,,Joe's Toy Shop,reverb,wontongg,214444614189449226,17.1,1,349,21,"Merriam, KS, United States",KS,US,1,76,false,false,US,,2026-04-16T00:46:32+00:00
price_changed,2026-05-03T03:52:08.159+00:00,https://reverb.com/item/93248692-esp-eclipse-i-ctm-fr-floyd-rose-block-inlays-4-knob-2009-black,ESP,ESP USA,Eclipse,Floyd Rose,,,,Good,2315,,,Wild86's Gear Depot,reverb,wontongg,214444614189449226,,5,1471,52,"Helsinki, Finland",Uusimaa,FI,1,41,false,false,JP,Black,2025-11-23T12:22:47+00:00
price_changed,2026-05-03T03:52:10.404+00:00,https://reverb.com/item/96054576-g-l-fullerton-deluxe-legacy-hss-with-maple-fretboard-2020-2022-sublime-green,G&L,G&L USA,Legacy,Hss,,,,Very Good,2099,,2199,DIEGO's Gear Emporium,reverb,doesitslaptho,659997698300051472,,0,192,4,"Bogota, Colombia",DC,CO,1,16,false,false,US,Matcha Green,2026-04-15T14:51:31+00:00
price_changed,2026-05-03T03:52:35.259+00:00,https://reverb.com/item/96503193-ibanez-jem7d,Ibanez,Ibanez J.Custom,JEM,,,,,Excellent,2691,,,Roman Guitars,reverb,greg1213,288303791109963776,,0,251,13,"Aurora, Canada",ON,CA,1,66,true,false,JP,Black,2026-04-28T23:56:45+00:00
price_changed,2026-05-03T03:52:39.786+00:00,https://reverb.com/item/86407766-ibanez-s470-1997-japan-mint,Ibanez,Ibanez Prestige,S470,,,,,Mint,1401,,,Tatto Shop,reverb,hibby_,230107654758858753,,1,2777,94,"Caserta, Italy",CE,IT,0.99,40,false,false,JP,Sol Mahogany,2024-12-31T12:34:59+00:00
price_changed,2026-05-03T03:52:46.55+00:00,https://reverb.com/item/96193973-gibson-southern-jumbo-sj-1964-1969-sunburst?bk=eyJhbGciOiJIUzI1NiJ9.eyJqdGkiOiI2ODUzYmY0Yi0xZWUxLTQyOGEtOTI0NS0xMDhiYTVkNGUwMDciLCJpYXQiOjE3Nzc0MDczMTIsInVzZXJfaWQiOiIxMTg5NjU5NCIsInNlc3Npb25faWQiOiIwN2Y3OWY4NS1hYzNhLTQ4YTctODE5YS04ZGFmOGM2OGI0N2IiLCJjb29raWVfaWQiOiJiMzcyNzU2ZS04NWUyLTRhMDQtOTk4MS01NjRjYTdjY2IyMmIiLCJwcm9kdWN0X2lkIjoiOTYxOTM5NzMiLCJzb3VyY2UiOiJOT05FIn0.vhEyg0OQT13OLesSrz2hTabJ_4gCTXyuS01pyXNCMhg,Gibson,Gibson USA,Southern Jumbo SJ,,,1964,true,Very Good,11024,,,Musikborsen Gothenburg,reverb,pabstpabst,1498775514301599745,,0,246,6,"Göteborg, Sweden",Västra Götaland,SE,0.9726027397260274,286,false,false,US,Sunburst,2026-04-20T13:56:53+00:00
sold,2026-05-03T03:52:57.812+00:00,https://reverb.com/item/96476885-ibanez-jem7v-wh-steve-vai-signature-with-rosewood-fretboard-2004-2019-white,Ibanez,Ibanez Prestige,JEM,Signature,,2004,true,Very Good,2050,2050,,Indie Music ,reverb,theguitarpit,602222337923743754,4.6,1,269,16,"Amherst, NH, United States",NH,US,0.9904761904761905,944,true,false,JP,White,2026-04-28T14:38:16+00:00
price_changed,2026-05-03T03:53:15.929+00:00,https://reverb.com/item/87170333-aria-pro-ii-eg-1200-eagle-1979-bc-rich-eagle-standard-walnut-finish-all-mahogany-dimarzio-dual-sound-dp101-humbuckers-made-in-japan-mij,Aria,,Standard,Mij,,,,Good,1995,,,Rising Sun Vintage Guitars,reverb,greg1213,288303791109963776,,0,655,27,"Ayr, Canada",ON,CA,1,179,false,false,JP,Walnut,2025-02-12T14:38:01+00:00
price_changed,2026-05-03T03:53:18.166+00:00,https://reverb.com/ca/item/96466203-b-c-rich-eagle-custom-shop-1983,BC Rich,BC Rich USA Custom Shop,Eagle,Custom Shop,,,,Very Good,6907,,7653, My online music store ,reverb,jevice.,890954150051987536,,0,391,36,"Laval, Canada",QC,CA,1,2,false,false,US,custom shop,2026-04-28T00:05:36+00:00
price_changed,2026-05-03T03:53:32.223+00:00,https://reverb.com/uk/item/95040591-gibson-les-paul-standard-limited-2010-fireball,Gibson,Gibson USA,Les Paul Standard,Limited,,,,Very Good,3050,,,Rinkies Guitars,reverb,ynid,83552549902225408,,0,443,17,"The Hague, Netherlands",ZH,NL,0.9847133757961783,157,true,false,US,Fireball,2026-03-14T10:59:55+00:00
price_changed,2026-05-03T03:53:34.479+00:00,https://reverb.com/item/93485544,Ibanez,Ibanez J.Custom,2618CW Series wine,Artist,,,,Very Good,2043,,,Oscar Guitars,reverb,shoegazee_,1396700009130491906,,0,336,21,"Stockholm, Sweden",Stockholm,SE,1,428,true,false,JP,cherry wine,2026-04-27T12:03:29+00:00
price_changed,2026-05-03T03:53:41.267+00:00,https://reverb.com/item/95397461-1960s-zerosette-a2a-blonde,Zerosette,,A2A,,,,,Very Good,824,,,Oscar Guitars,reverb,greg1213,288303791109963776,,0,227,11,"Stockholm, Sweden",Stockholm,SE,1,428,true,false,IT,blonde,2026-04-27T09:56:48+00:00
price_changed,2026-05-03T03:53:50.282+00:00,https://reverb.com/item/91731701,Mule,,Resonater,,,,,Good,3607,,,Browns Vintage Gear Garage,reverb,shoegazee_,1396700009130491906,,5,2481,73,"Chilliwack, Canada",BC,CA,0.9743589743589743,39,true,false,US,Steel,2025-08-08T18:27:20+00:00
price_changed,2026-05-03T03:54:01.597+00:00,https://reverb.com/item/93485541-1991-1994-carvin-dc127-koa-natural-gloss,Kiesel,Kiesel / Carvin,DC127,Gloss,,,,Excellent,1798,,,Oscar Guitars,reverb,theguitarpit,602222337923743754,,4,3488,155,"Stockholm, Sweden",Stockholm,SE,1,428,true,false,US,natural gloss,2026-01-12T10:34:31+00:00
sold,2026-05-03T03:54:12.829+00:00,https://reverb.com/item/96405354-b-c-rich-usa-gunslinger-80-s-splatter-pink-sherbet,BC Rich,,Gunslinger 80’s Splatter,Usa,,,,Excellent,2999,2999,,South Central Music Co.,reverb,yellowjack6,908889503173857351,7.2,0,496,64,"Claremore, OK, United States",OK,US,1,155,false,false,,,2026-04-25T23:12:40+00:00
price_changed,2026-05-03T03:54:19.592+00:00,https://reverb.com/item/96227959,Hiwatt,,Dr504,,,,,Very Good,2686,,,Paul's Gear Garage,reverb,shoegazee_,1396700009130491906,,0,191,6,"Doyles, Canada",NL,CA,0.9882352941176471,102,true,false,GB,Black,2026-04-23T15:02:09+00:00
price_changed,2026-05-03T03:54:21.826+00:00,https://reverb.com/item/96313410,Charvel,,"Jackson Deluxe ""Toothpaste",Mij,,,,Good,308,,,Charvel55,reverb,shoegazee_,1396700009130491906,,0,240,10,"Toronto, Canada",ON,CA,1,118,false,false,JP,Maple/Rosewood,2026-04-23T20:01:28+00:00
removed,2026-05-03T03:55:21.225+00:00,https://reverb.com/item/96320208,Ibanez,Ibanez Prestige,JEM777,,,,,Very Good,7019,,,Thunder Road Guitars,reverb,shoegazee_,1396700009130491906,9.2,0,370,34,"Seattle, WA, United States",WA,US,0.998165137614679,3985,true,false,,Shocking Pink,2026-04-23T22:38:54+00:00
price_changed,2026-05-03T03:55:46.006+00:00,https://reverb.com/item/96307699-prs-ce-24-sprayer-s-choice-pink-magenta-sparkle,PRS,PRS CE,CE 24,,,,,Brand New,2992,,,The Vibrato Bar,reverb,theguitarpit,602222337923743754,,0,292,18,"Stoney Creek, Canada",ON,CA,1,281,true,false,US,Pink Magenta Sparkle,2026-04-23T15:25:25+00:00
price_changed,2026-05-03T03:55:57.341+00:00,https://reverb.com/ca/item/52847532-2014-gibson-es-359-vintage-sunburst,Gibson,Gibson USA,ES-359,,,,,Very Good,4169,,,Jordan Guitars Ltd,reverb,shoegazee_,1396700009130491906,,3,919,32,"LEICESTER, United Kingdom",ENG,GB,1,177,true,false,US,Sunburst,2026-04-18T10:14:08+00:00
sold,2026-05-03T03:56:01.791+00:00,https://reverb.com/ca/item/95920173-vintage-1969-gibson-sg-standard-rock-n-roll-flamethrower-player-priced,Vintage,,SG Standard,Player,,,,Very Good,3395,3395,,Vintage Correct Parts,reverb,shoegazee_,1396700009130491906,20.3,0,2066,135,"Chicago, IL, United States",IL,US,1,1530,true,false,US,Cherry,2026-04-12T19:46:08+00:00
listed,2026-05-03T19:00:53.612+00:00,https://reverb.com/item/96677040-gibson-custom-shop-1959-les-paul-standard-reissue-murphy-lab-ultra-light-aging-2024-southern-fade,Gibson,Gibson Custom Shop,Les Paul Standard,Custom Shop 1959,,1959,true,Very Good,5750,,,JNP Music,reverb,theguitarpit,602222337923743754,,0,309,44,"Carbondale, PA, United States",PA,US,1,183,false,false,US,Southern Fade,2026-05-03T18:52:02+00:00
listed,2026-05-03T19:35:37.833+00:00,https://reverb.com/item/96622544-85-waterloo-wl-14x-tr-x-braced-vintage-sunburst,Vintage,,#85! Waterloo WL-14X,,,,,Excellent,3200,,,Alex's Music Gear,reverb,meridius2,1451345593258610788,,0,192,24,"Austin, TX, United States",TX,US,1,17,false,false,US,Vintage Sunburst,2026-05-02T22:09:32+00:00
listed,2026-05-03T19:45:17.16+00:00,https://stangguitars.com/products/vintage-gibson-j-45-1968-w-case,Vintage,,J-45,,,,,,3,,,,news,shoegazee_,1396700009130491906,,,,,,,,,,,,,,
listed,2026-05-03T23:35:28.696+00:00,https://elixirstrings.com/nickel-plated-steel-electric-guitar-strings-with-optiweb-technology-single-string?setCurrencyId=1&sku=16259&gad_source=1&gad_campaignid=23379898952&gbraid=0AAAAA_j0QQ4eqGNsVI6YdDajM1Rnf9y2j,,,PT,,,,,,5.49,,,,news,scottcorgan,103469574581669888,,,,,,,,,,,,,,
listed,2026-05-03T23:49:23.346+00:00,https://reverb.com/item/96144981-james-tyler-jtg-mk1-2025-molten-iron,James Tyler,James Tyler,JTG MK1 Molten,,,,,Excellent,1450,,,Nathaniel’s Guitar Shop ,reverb,modean,663012207478571038,,5,410,27,"Kendallville, IN, United States",IN,US,0,0,false,false,CN,Molten iron,2026-04-18T17:59:54+00:00
listed,2026-05-04T03:32:37.111+00:00,https://reverb.com/item/96692330-kiesel-delos-6-2023,Kiesel,Kiesel / Carvin,Delos,,,,,Excellent,1300,,,Chad 's Gear Garage,reverb,theguitarpit,602222337923743754,,0,253,29,"Oakland, CA, United States",CA,US,1,7,false,false,US,,2026-05-04T01:16:16+00:00
listed,2026-05-04T03:32:37.111+00:00,https://reverb.com/item/96692012-kiesel-vanquish-6,Kiesel,Kiesel / Carvin,Vanquish,,,,,Very Good,1055,,,Old Man Guitars,reverb,theguitarpit,602222337923743754,,3,92,13,"Oakland, TN, United States",TN,US,1,113,true,false,US,,2026-05-04T00:19:23+00:00
listed,2026-05-04T03:32:37.111+00:00,https://reverb.com/item/96518639-jackson-warrior-custom-shop-cayan-magenta-splatter,Jackson,Jackson USA Custom Shop,Warrior,Custom Shop,,,,Excellent,5600,,,Ronnie's Gear Bazaar,reverb,theguitarpit,602222337923743754,,1,202,17,"Maple Valley, WA, United States",WA,US,1,81,false,false,US,,2026-05-04T00:12:13+00:00
listed,2026-05-04T03:32:37.111+00:00,https://reverb.com/item/96688352-schecter-usa-custom-shop-sunset-extreme-6-2025-ohsc-paperwork-immaculate-stabilized-top,Schecter,Schecter USA Custom Shop,Sunset,Usa Custom Shop,,,,Excellent,2695,,,Nick W's Guitar Candy,reverb,theguitarpit,602222337923743754,,0,289,21,"Bakersfield, CA, United States",CA,US,0.9954098360655738,4504,true,false,,Custom,2026-05-03T23:09:20+00:00
listed,2026-05-04T03:32:37.111+00:00,https://reverb.com/item/96691111-2021-bizen-works-standard-gold-top,Bizen Works,,Standard,Gold Top,,,,Very Good,3675,,,Derby City Gear,reverb,theguitarpit,602222337923743754,,0,140,10,"Louisville, KY, United States",KY,US,0.9977695167286246,269,true,false,JP,Gold Top,2026-05-04T00:04:56+00:00
listed,2026-05-04T03:34:56.922+00:00,https://reverb.com/item/96694519-yamaha-revstar-ii-rsp02t-2022-present-sunset-burst,Yamaha,Yamaha Revstar,Sunset,,,,,Excellent,1350,,,Blake's Gear Outlet,reverb,theguitarpit,602222337923743754,,0,144,7,"Latrobe, PA, United States",PA,US,1,27,false,false,JP,Sunset Burst,2026-05-04T01:24:24+00:00
listed,2026-05-04T12:48:01.877+00:00,https://reverb.com/item/96711532-cipher-guitars-ironbird-tribute-compare-to-bc-rich-2026-royal-blue-and-black-crackle-high-end-upgrades-brand-new,BC Rich,BC Rich Import,Cipher Guitars IRONBIRD,,,,,Brand New,1500,,,Cipher Guitars,reverb,yellowjack6,908889503173857351,,1,215,23,"Winter haven, FL, United States",FL,US,1,34,false,true,US,Royal blue and black crackle,2026-05-04T07:18:44+00:00
listed,2026-05-04T14:06:40.092+00:00,https://reverb.com/item/96715734-fender-usa-mustang-guitar-with-case-1967,Fender,Fender USA,Mustang,Usa,,1967,true,Good,2499,,,Atomic Music,reverb,madero,126233894897975296,,0,157,19,"Beltsville, MD, United States",MD,US,0.9966963151207116,8132,true,false,US,,2026-05-04T08:49:50+00:00
listed,2026-05-04T14:29:38.715+00:00,https://reverb.com/item/96727609-gibson-classic-goldtop-with-transperformance-tuning-system-gold,Gibson,Gibson USA,classic,Goldtop,,,,Excellent,5999,,,The Gear Place,reverb,theguitarpit,602222337923743754,,0,81,5,"Dallas, TX, United States",TX,US,0.9954545454545455,1416,true,false,US,gold,2026-05-04T14:23:49+00:00
listed,2026-05-04T14:37:20.996+00:00,https://reverb.com/item/96343154-randall-satan-120w-tube-amp-head-fortin-ola-englund-ruby-tubes-excellent-free-shipping,Randall,,Satan 120W Tube,,,,,Excellent,2600,,,Glory or Death Records,reverb,yellowjack6,908889503173857351,,0,364,47,"Oceanside, CA, United States",CA,US,0.9666666666666667,6,false,false,,Black,2026-04-24T05:24:36+00:00
listed,2026-05-04T14:48:17.261+00:00,https://reverb.com/item/93294390-abominable-electronics-hail-satan-deluxe-fuzz-pedal-yellow,Abominable Electronics,,Hail Satan Deluxe Fuzz Pedal,,,,,Excellent,225,,,Cottone's Family Music Center ,reverb,yellowjack6,908889503173857351,,0,188,12,"Moore, SC, United States",SC,US,0.9985074626865672,303,false,false,US,Yellow,2025-11-28T13:10:14+00:00
listed,2026-05-04T15:10:03.782+00:00,https://guitarcenter.smart.link/0d5tbbro8?schemeUrl=GuitarCenterApp%3A%2F%2FProductDetailsPage%3FID%3Dsite5122132957&isStyle=true&producturl=Used%2FFender%2FVintage-Vintage-1989-Fender-HM-Heavy-Metal-Stratocaster-Razz-Berry-Solid-Body-Electric-Guitar.gc,Vintage,,Stratocaster,Metal,,,,Used,1299.99,,,,news,shteefe,415010947871277068,,,,,,,,,,,,,,
listed,2026-05-04T15:10:29.393+00:00,https://guitarcenter.smart.link/0d5tbbro8?schemeUrl=GuitarCenterApp%3A%2F%2FProductDetailsPage%3FID%3Dsite5121985121&isStyle=true&producturl=Used%2FFender%2FVintage-Vintage-1988-Fender-HM-Heavy-Metal-Stratocaster-Razzberry-Solid-Body-Electric-Guitar.gc,Vintage,,Stratocaster,Metal,,,,Used,1499.99,,,,news,shteefe,415010947871277068,,,,,,,,,,,,,,
listed,2026-05-04T16:03:57.404+00:00,https://reverb.com/item/96729379-one-piece-quilt-body-suhr-custom-shop-modern,Suhr,Suhr,Modern,Custom Shop,,,,Excellent,7250,,,Over The Mountain Audio Solutions ,reverb,theguitarpit,602222337923743754,,2,134,10,"Birmingham, AL, United States",AL,US,0.9974358974358974,78,false,false,US,,2026-05-04T15:59:45+00:00
sold,2026-05-04T17:10:22.166+00:00,https://reverb.com/item/96692012-kiesel-vanquish-6,Kiesel,Kiesel / Carvin,Vanquish,,,,,Very Good,1055,1055,,Old Man Guitars,reverb,theguitarpit,602222337923743754,0.7,3,92,13,"Oakland, TN, United States",TN,US,1,113,true,false,US,,2026-05-04T00:19:23+00:00
sold,2026-05-04T17:10:47.559+00:00,https://reverb.com/item/96592583-esp-ltd-viper-1000-evertune-black-satin-with-case-mint,ESP,LTD,Viper,Evertune Satin,,,,Excellent,950,950,,CGP Industries,reverb,theguitarpit,602222337923743754,2.8,1,180,25,"Huntington, NY, United States",NY,US,1,127,false,false,,Black Satin,2026-05-01T21:59:19+00:00
price_changed,2026-05-04T17:14:28.087+00:00,https://reverb.com/item/94710378-hofner-450-s-e2-e-guitar-from-1966-in-redburst-vintage-restored-hofner,Hofner,,E2 e-guitar from,,,,,Very Good,649,,718,PhilThy Guitars,reverb,greg1213,288303791109963776,,0,308,17,"Burgstetten, Germany",BW,DE,0.9870967741935484,279,true,false,DE,Redburst,2026-04-30T20:11:32+00:00
price_changed,2026-05-04T17:14:39.605+00:00,https://reverb.com/item/96537625-esp-navigator-custom-les-paul-magician-floyd-trem-system-top-mounted,ESP,ESP USA,Les Paul,Floyd,,,,Very Good,3000,,3270,Rick's Gear Depot,reverb,doesitslaptho,659997698300051472,,0,262,15,"Olney, MD, United States",MD,US,1,13,false,false,JP,White,2026-04-30T02:08:53+00:00
sold,2026-05-04T17:15:14.139+00:00,https://reverb.com/item/96176908-gibson-sj-200-studio-walnut-2025-present-gloss-walnut-burst,Gibson,Gibson USA,SJ-200 Studio Walnut,Gloss,,,,Excellent,2180,2180,,TCR’s Treasures,reverb,pabstbluewizard,233280995418308611,14.8,4,405,26,"Amarillo, TX, United States",TX,US,1,426,false,false,US,Gloss Walnut Burst,2026-04-19T23:04:21+00:00
price_changed,2026-05-04T17:16:06.512+00:00,https://reverb.com/item/96440181-mosrite-custom-one-off-black,Mosrite,,One Off,,,,,Very Good,2250,,3000,Ryan Rib Ticklin’ Gear Imporium,reverb,theguitarpit,602222337923743754,,0,359,18,"Corpus Christi, TX, United States",TX,US,0.9744680851063829,47,false,false,JP,Black,2026-04-27T04:17:12+00:00
price_changed,2026-05-04T17:16:27.054+00:00,https://reverb.com/item/96405751-prs-santana-signature-retro-10-top-2024-present-orange,PRS,PRS Core,Santana,Signature 10-top,,,,Excellent,3589,,3769,Eddie’s Guitar ,reverb,theguitarpit,602222337923743754,,1,260,17,"Sunrise, FL, United States",FL,US,1,4,false,false,US,Yellow and Burgundy Red,2026-04-25T23:31:17+00:00
price_changed,2026-05-04T17:17:25.583+00:00,https://reverb.com/item/96313872-gibson-j45-studio-walnut-acoustic-electric-natural-2023,Gibson,Gibson USA,J45 Studio Walnut,,,,,Excellent,1544,,1599,Private party,reverb,greg1213,288303791109963776,,0,239,7,"Santa Fe, NM, United States",NM,US,1,86,false,false,US,Top Gloss,2026-04-23T22:50:29+00:00
price_changed,2026-05-04T17:17:41.806+00:00,https://reverb.com/item/94758681-rick-toone-spearfish-blueprint-2025-custom-blueprint-stain,Rick Toone,,"Spearfish ""Blueprint"" Blueprint",,,,,Very Good,14450,,15500,Matt's Gear Outlet,reverb,theguitarpit,602222337923743754,,0,635,25,"Kenner, LA, United States",LA,US,1,332,true,false,US,Custom Blueprint Stain,2026-03-02T16:42:10+00:00
sold,2026-05-04T17:58:59.689+00:00,https://reverb.com/item/96727609-gibson-classic-goldtop-with-transperformance-tuning-system-gold,Gibson,Gibson USA,classic,Goldtop,,,,Excellent,5999,5999,,The Gear Place,reverb,theguitarpit,602222337923743754,0.1,0,81,5,"Dallas, TX, United States",TX,US,0.9954545454545455,1416,true,false,US,gold,2026-05-04T14:23:49+00:00
listed,2026-05-04T18:21:56.527+00:00,https://reverb.com/item/94836757-fano-alt-de-facto-rb6t-bull-black-builder-wes-mcclave-2025-bull-black-heavy-relic,Fano,Fano,Alt de Facto,Heavy Relic,,,,Excellent,4599,,,JEFE AUDIO,reverb,madero,126233894897975296,,0,427,20,"Laredo, TX, United States",TX,US,0.9885714285714285,70,false,true,US,Bull Black Heavy Relic,2026-03-05T17:44:54+00:00
listed,2026-05-04T19:24:48.039+00:00,https://reverb.com/item/96733968-2022-esp-usa-eclipse-guitar-full-thickness-w-duncans-gold-splatter,ESP,ESP USA,Eclipse,Usa,,,,Very Good,2999,,,GuitarsToBePlayed,reverb,theguitarpit,602222337923743754,,0,168,31,"Nashville, TN, United States",TN,US,1,2146,true,,US,Gold Splatter,2026-05-04T18:59:09+00:00
listed,2026-05-04T20:09:20.105+00:00,https://reverb.com/item/96028681-kiesel-johnny-hiland-signature-white-wash-swamp-ash,Kiesel,Kiesel / Carvin,Johnny Hiland Wash,Signature,,,,Mint,1895,,,Luke's Guitar Shop,reverb,greg1213,288303791109963776,,0,263,22,"Bellingham, WA, United States",WA,US,0.9900709219858156,3157,true,false,US,White Wash,2026-04-14T20:18:24+00:00
listed,2026-05-04T21:56:11.212+00:00,https://reverb.com/item/96734316-echopark-ghetto-bird-2021,Echopark,Echopark,Ghetto bird,,,,,Excellent,5000,,,JT614,reverb,madero,126233894897975296,,0,75,7,"Columbus, OH, United States",OH,US,1,2,false,false,US,,2026-05-04T19:21:50+00:00
price_changed,2026-05-04T21:58:22.467+00:00,https://reverb.com/item/96549629-1965-guild-t-100-slim-jim-w-ohsc-clean,Guild,Guild Import,T-100 Slim Jim,,,,,Very Good,1238,,1375,Tidewater Vintage ,reverb,greg1213,288303791109963776,,0,168,16,"Gloucester, VA, United States",VA,US,0.9923371647509579,3613,true,false,US,Sunburst,2026-04-30T11:48:41+00:00
price_changed,2026-05-04T21:58:36.375+00:00,https://reverb.com/item/96537625-esp-navigator-custom-les-paul-magician-floyd-trem-system-top-mounted,ESP,ESP USA,Les Paul,Floyd,,,,Very Good,3000,,3270,Rick's Gear Depot,reverb,doesitslaptho,659997698300051472,,0,262,15,"Olney, MD, United States",MD,US,1,13,false,false,JP,White,2026-04-30T02:08:53+00:00
listed,2026-05-04T22:38:17.668+00:00,https://reverb.com/item/94671215,PRS,PRS Core,Herman Li Chleo,Limited Edition Signature,,,,Excellent,9999,,,Shawn's Boutique,reverb,erparadox,1079314830508445696,,4,1010,45,"Brookeville, MD, United States",MD,US,1,21,false,false,US,Orchid Dusk,2026-02-25T19:32:51+00:00
listed,2026-05-04T22:56:16.651+00:00,https://reverb.com/item/96737201-morgan-electrics-mvt-pro-grover-jackson-era,Morgan,,Electrics MVT-PRO Grover,,,,,Very Good,1250,,,Reverb's Garage Sale,reverb,modean,663012207478571038,,1,40,1,"Chicago, IL, United States",IL,US,0.9910112359550561,2894,true,false,US,Kerry Green,2026-05-04T21:28:22+00:00
listed,2026-05-04T23:38:34.95+00:00,https://www.guitarcenter.com/Used/Fender/Used-2022-Fender-Custom-Shop-1959-Hard-Tail-Stratocaster-Chocolate-3-Color-Sunburst-Solid-Body-Electric-Guitar.gc?algoliaQueryID=eb83a50a1d4f34e96d33085d7de0b1d4&algoliaIndexName=cD-guitarcenter,Fender,Fender Custom Shop,Stratocaster,Custom Shop 1959,,1959,true,Used,2799.99,,,,marketplace,greg1213,288303791109963776,,,,,,,,,,,,,,
listed,2026-05-04T23:49:26.072+00:00,https://reverb.com/item/96739115-yamaha-fg-200-jumbo-dreadnought-1972-1976-natural,Yamaha,,FG-200 Jumbo Dreadnought,,,,,Excellent,280,,,D's Rando Gear,reverb,greg1213,288303791109963776,,0,6,0,"La Mesa, CA, United States",CA,US,1,3,false,false,TW,Natural,2026-05-04T22:49:18+00:00
enriched,2026-05-05T00:00:33.524+00:00,https://reverb.com/item/96285165-neil-moser-lee-garver-dan-lawrence,BC Rich,BC Rich USA Custom Shop,"Neil Moser, Lee",,,,,Good,3400,,,Troy's Gear Garage,reverb,reverb,,,0,,,,,,,,,,,,2026-04-22T20:27:39+00:00
enriched,2026-05-05T00:00:34.802+00:00,https://reverb.com/item/96229984,First Act,,"Sheena Custom, Sunburst.",,,,,Very Good,1127,,,Dex Audio,reverb,reverb,,,2,,,,,,,,,,,,2026-04-21T14:44:38+00:00
enriched,2026-05-05T00:00:36.068+00:00,https://reverb.com/item/95526136-2026-novo-idris-custom-7-8-lbs,Novo,Novo,"Idris, 7.8 LBS",,,,,Brand New,4399,,,The Guitar Rescue ,reverb,reverb,,,0,,,,,,,,,,,,2026-03-29T18:52:38+00:00
enriched,2026-05-05T00:00:37.792+00:00,https://segerguitars.com,Seger,,Guitars,,,,,,,,,,other,greg1213,288303791109963776,,,,,,,,,,,,,,
enriched,2026-05-05T00:00:39.56+00:00,https://www.guitarworld.com/reviews/rickenbacker-al-cisneros-4003-ac-review,Rickenbacker,Rickenbacker,4003,,,,,,,,,,other,kfw3e52zckdda9g8tgqaonzw5mqcqmzm,1332493343006920741,,,,,,,,,,,,,,
enriched,2026-05-05T00:00:40.846+00:00,https://reverb.com/item/96039546-balaguer-growler-t-bar-baritone-metallic-cool-green,Balaguer,,"Growler T-BAR Baritone,",,,,,Excellent,1495,,,The Guitar Rack,reverb,reverb,,,2,,,,,,,,,,,,2026-04-15T05:21:24+00:00
enriched,2026-05-05T00:00:42.174+00:00,https://reverb.com/item/96039510-carvin-v220-koa-wood-ebony-fretboard-kahler-bridge-general-lee-project,Kiesel,Kiesel / Carvin,"V220 Koa Wood,",,,,,Good,1200,,,joe's Gear Bazaar,reverb,reverb,,,1,,,,,,,,,,,,2026-04-15T05:14:32+00:00
enriched,2026-05-05T00:00:43.739+00:00,https://reverb.com/item/94598911-eastman-t486-bk-16-thinline-seymour-duncan-pickups-in-black-with-case-p2302468,Eastman,Eastman,"T486-BK 16"" Thinline,",,,,,Brand New,1653,,,Wildwire Guitars,reverb,reverb,,,0,,,,,,,,,,,,2026-04-14T21:56:55+00:00
enriched,2026-05-05T00:00:45.027+00:00,https://reverb.com/item/94764860-1968-gibson-blue-ridge-brazilian-rosewood,Gibson,Gibson USA,"Ridge, Brazilian Rosewood",,,1968,true,Very Good,1850,,,"Billy's Guitars, Jax FL",reverb,"Jax FL""",,,1,,,,,,,,,,,,2026-03-03T01:02:02+00:00
enriched,2026-05-05T00:00:46.247+00:00,https://reverb.com/item/95701298-dean-z-x-floyd-rose-excellent-cond-like-new-black,Dean,,"Floyd Rose Cond,",Floyd Rose,,,,Excellent,595,,,Adam's Guitar Addict,reverb,reverb,,,0,,,,,,,,,,,,2026-04-05T12:48:01+00:00
enriched,2026-05-05T00:00:48.216+00:00,https://www.guitarworld.com/gear/electric-guitars/fender-vintera-iii-launch,Fender,Fender Mexico,&ldquo;A level of,Vintera,,,,,,,,,other,yellowjack6,908889503173857351,,,,,,,,,,,,,,
enriched,2026-05-05T00:00:49.485+00:00,https://reverb.com/item/95975371-2008-collings-290-sunburst,Collings,Collings,"290,",,,,,Very Good,3400,,,Union Music,reverb,reverb,,,0,,,,,,,,,,,,2026-04-13T16:20:49+00:00
enriched,2026-05-05T00:00:50.72+00:00,https://reverb.com/item/95981665-k-line-springfield-hsc-paperwork-2020s-aged-relic-finish,K-Line,K-Line,"Springfield, paperwork, 2020s,",,,,,Good,1645,,,Nick W's Guitar Candy,reverb,,,,0,,,,,,,,,,,,2026-04-13T22:51:07+00:00
enriched,2026-05-05T00:00:52.398+00:00,https://www.kieselguitars.com/builder/guitar,Kiesel,,Builder,,,,,,,,,,other,theguitarpit,602222337923743754,,,,,,,,,,,,,,
enriched,2026-05-05T00:00:53.533+00:00,https://www.kieselguitars.com/models/guitar,Kiesel,,Models,,,,,,,,,,other,theguitarpit,602222337923743754,,,,,,,,,,,,,,
enriched,2026-05-05T00:00:56.231+00:00,https://cartervintage.com/shop/fender-pre-cbs-tremolux-ab763-head-and-2x10-cabinet-1965-black/39jCUINMkZhs3AZhuSJNTDUMWiC,Vintage,,AB763,,,,,,,,,,other,greg1213,288303791109963776,,,,,,,,,,,,,,
enriched,2026-05-05T00:00:58.348+00:00,https://www.geminipickups.com/mercury-one-humbucker.html,,,,,,,,,,,,,other,greg1213,288303791109963776,,,,,,,,,,,,,,
enriched,2026-05-05T00:01:01.774+00:00,https://segerguitars.com/skyrat-guitar-model,Seger,,Skyrat Guitar Model,,,,,,,,,,other,greg1213,288303791109963776,,,,,,,,,,,,,,
enriched,2026-05-05T00:01:03.816+00:00,https://segerguitars.com/seger-guitar-models,Seger,,Guitar Models,,,,,,,,,,other,greg1213,288303791109963776,,,,,,,,,,,,,,
enriched,2026-05-05T00:01:06.271+00:00,https://fanaticguitars.com/producto/prs-custom-24-1989-faded-whale-blue-97420-segunda-mano,PRS,PRS Core,Custom 24,,,,,,,,,,other,wontongg,214444614189449226,,,,,,,,,,,,,,
enriched,2026-05-05T00:01:07.648+00:00,https://reverb.com/en-pt/item/95009518-fender-custom-shop-reissue-stratocaster-relic?bk=eyJhbGciOiJIUzI1NiJ9.eyJqdGkiOiI0ZjhlMTYwMC01MmRjLTRkYzUtODIyMC1jMjNlNGZkZmIwYWQiLCJpYXQiOjE3NzQ1NjgwOTYsInVzZXJfaWQiOiIiLCJzZXNzaW9uX2lkIjoiNGUyNTVjMTEtYjY1Yi00YWU4LThiMzctMjc5ZDBkMjk0YWU1IiwiY29va2llX2lkIjoiZTQyMjEyNDUtYTFhOS00Yjg3LTk1OTEtNmRjZjI2MzE0NjkyIiwicHJvZHVjdF9pZCI6Ijk1MDA5NTE4Iiwic291cmNlIjoiTk9ORSJ9.kWb3X7RO_5pNx4q5kYUH_FthT1JYqburfi3ipy0mhrw,Fender,Fender Custom Shop,Stratocaster,Custom Shop Reissue,,,,Excellent,4655,,,NOUAR's Gear Garage,reverb,,437,,2,,,,,,,,,,,,2026-03-13T08:30:13+00:00
